iso_time,elapsed_h,viewer_alive,publishers_alive,shm_segments,viewer_rss_mb,viewer_cpu_pct,publishers_rss_mb,publishers_cpu_pct,cam0_capture_fps,cam1_capture_fps,cam2_capture_fps,cam3_capture_fps,cam4_capture_fps,cam5_capture_fps,cam0_grab_failures,cam1_grab_failures,cam2_grab_failures,cam3_grab_failures,cam4_grab_failures,cam5_grab_failures,cam0_display_fps,cam1_display_fps,cam2_display_fps,cam3_display_fps,cam4_display_fps,cam5_display_fps,cam0_rendered_delta,cam1_rendered_delta,cam2_rendered_delta,cam3_rendered_delta,cam4_rendered_delta,cam5_rendered_delta
2026-07-27T18:48:52,0.0,1,6,33,213.8,0.0,582.2,0.0,26.11,28.53,26.5,28.51,25.17,28.14,0,0,0,0,0,0,,,,,,,,,,,,
2026-07-27T18:49:22,0.0083,1,6,33,248.7,118.9,585.5,159.0,29.68,29.68,29.74,29.75,29.71,29.74,0,0,0,0,0,0,,,,,,,,,,,,
2026-07-27T18:49:52,0.0167,1,6,33,223.9,119.2,585.5,155.4,29.72,29.7,29.7,29.72,29.7,29.71,0,0,0,0,0,0,21.8,23.3,24.6,23.6,30.3,26.8,0,0,0,0,0,0
2026-07-27T18:50:23,0.025,1,6,33,240.1,109.7,585.5,154.3,29.71,29.71,29.76,29.93,29.76,29.7,0,0,0,0,0,0,,,,,,,,,,,,
2026-07-27T18:50:53,0.0334,1,6,33,226.6,120.6,585.5,154.9,29.7,29.71,29.73,29.7,29.68,29.7,0,0,0,0,0,0,23.8,26.8,24.1,22.7,24.0,26.0,77,49,126,108,75,76
2026-07-27T18:51:23,0.0417,1,6,33,231.8,120.7,585.5,154.4,29.73,29.69,29.72,29.71,29.71,29.69,0,0,0,0,0,0,,,,,,,,,,,,
2026-07-27T18:51:53,0.05,1,6,33,231.7,127.2,585.5,153.9,29.72,29.74,29.71,29.7,29.72,29.71,0,0,0,0,0,0,24.5,24.1,26.8,25.8,25.2,23.9,26,27,25,47,18,21
2026-07-27T18:52:23,0.0584,1,6,33,226.3,133.7,585.5,153.5,29.71,29.71,29.71,29.71,29.71,29.7,0,0,0,0,0,0,,,,,,,,,,,,
2026-07-27T18:52:53,0.0667,1,6,33,226.5,131.5,585.5,153.2,29.72,29.73,29.7,29.73,29.71,29.72,0,0,0,0,0,0,26.5,25.5,26.3,25.6,29.1,24.1,68,2,57,109,104,60
2026-07-27T18:53:23,0.0751,1,6,33,218.2,129.7,585.5,153.3,29.72,29.74,29.7,29.71,29.71,29.7,0,0,0,0,0,0,,,,,,,,,,,,
2026-07-27T18:53:53,0.0834,1,6,33,224.0,130.9,585.5,153.6,29.7,29.72,29.72,29.72,29.73,29.71,0,0,0,0,0,0,26.2,25.0,26.4,29.1,23.8,27.0,-60,26,-43,29,-105,-24
2026-07-27T18:54:23,0.0918,1,6,33,223.9,128.4,585.5,153.5,29.69,29.7,29.71,29.73,29.73,29.7,0,0,0,0,0,0,,,,,,,,,,,,
2026-07-27T18:54:53,0.1001,1,6,33,231.9,127.1,585.5,153.1,29.71,29.71,29.71,29.69,29.67,29.71,0,0,0,0,0,0,24.6,25.3,22.5,28.7,26.4,27.0,-7,-71,32,30,79,-6
2026-07-27T18:55:23,0.1084,1,6,33,224.3,126.4,585.5,153.3,29.73,29.71,29.71,29.7,29.7,29.71,0,0,0,0,0,0,,,,,,,,,,,,
2026-07-27T18:55:53,0.1168,1,6,33,236.9,126.6,585.5,153.6,29.68,29.69,29.71,29.7,29.71,29.7,0,0,0,0,0,0,25.3,23.4,24.0,26.0,22.8,26.3,-14,30,-54,-61,-156,-69
2026-07-27T18:56:23,0.1251,1,6,33,237.7,139.1,585.5,153.7,29.73,29.74,29.7,29.72,29.7,29.73,0,0,0,0,0,0,,,,,,,,,,,,
2026-07-27T18:56:53,0.1335,1,6,33,223.0,149.0,585.5,152.1,29.72,29.72,29.7,29.72,29.7,29.7,0,0,0,0,0,0,26.2,29.3,25.6,29.0,26.7,27.6,69,66,17,3,153,36
2026-07-27T18:57:23,0.1418,1,6,33,234.2,143.4,585.5,152.7,29.71,29.7,29.71,29.71,29.71,29.71,0,0,0,0,0,0,,,,,,,,,,,,
2026-07-27T18:57:53,0.1501,1,6,33,231.0,133.7,585.5,154.2,29.7,29.71,29.72,29.72,29.72,29.7,0,0,0,0,0,0,28.4,19.8,26.3,26.5,19.1,24.3,106,-86,99,64,-157,68
2026-07-27T18:58:23,0.1585,1,6,33,241.5,128.9,585.5,155.0,29.72,29.71,29.72,29.7,29.7,29.72,0,0,0,0,0,0,,,,,,,,,,,,
2026-07-27T18:58:53,0.1668,1,6,33,233.4,136.1,585.5,153.6,29.75,29.71,29.72,29.71,29.73,29.7,0,0,0,0,0,0,23.3,24.6,24.3,26.8,25.0,26.8,-195,-139,-122,-80,-43,-293
2026-07-27T18:59:23,0.1752,1,6,33,244.1,130.6,585.5,153.7,29.69,29.73,29.51,29.7,29.54,29.73,0,0,0,0,0,0,,,,,,,,,,,,
2026-07-27T18:59:53,0.1835,1,6,33,250.1,115.3,585.5,153.1,29.73,29.75,29.71,29.73,29.7,29.7,0,0,0,0,0,0,23.3,28.1,30.0,27.8,25.2,29.8,-17,29,31,32,1,117
2026-07-27T19:00:23,0.1918,1,6,33,244.1,129.5,585.5,153.4,29.71,29.56,29.71,29.72,29.71,29.75,0,0,0,0,0,0,,,,,,,,,,,,
2026-07-27T19:00:53,0.2002,1,6,33,241.5,135.6,585.5,153.2,29.71,29.71,29.7,29.71,29.7,29.69,0,0,0,0,0,0,26.0,26.1,27.6,21.2,24.1,18.6,-11,32,-14,-12,-1,-104
2026-07-27T19:01:23,0.2085,1,6,33,252.4,131.6,585.5,153.4,29.7,29.71,29.7,29.7,29.69,29.71,0,0,0,0,0,0,,,,,,,,,,,,
2026-07-27T19:01:53,0.2169,1,6,33,231.0,128.9,585.5,154.2,29.8,29.72,29.74,29.7,29.7,29.77,0,0,0,0,0,0,24.1,25.1,25.5,25.1,25.3,24.4,-69,148,43,44,-64,-1
2026-07-27T19:02:23,0.2252,1,6,33,238.8,129.2,585.5,156.4,29.78,29.7,29.72,29.71,29.73,29.69,0,0,0,0,0,0,,,,,,,,,,,,
2026-07-27T19:02:53,0.2336,1,6,33,238.6,133.6,585.5,153.8,29.71,29.7,29.7,29.71,29.73,29.7,0,0,0,0,0,0,24.2,28.3,24.9,24.1,24.7,27.4,-78,104,-89,-38,-46,-36
2026-07-27T19:03:23,0.2419,1,6,33,224.1,135.9,585.5,153.6,29.71,29.71,29.7,29.73,29.7,29.72,0,0,0,0,0,0,,,,,,,,,,,,
2026-07-27T19:03:53,0.2502,1,6,33,223.1,119.4,585.5,154.3,29.72,29.73,29.73,29.71,29.7,29.73,0,0,0,0,0,0,24.1,25.0,20.7,24.4,22.2,24.2,123,19,-35,-84,148,125
2026-07-27T19:04:23,0.2586,1,6,33,223.1,126.1,585.5,154.8,29.72,29.71,29.7,29.7,29.73,29.68,0,0,0,0,0,0,,,,,,,,,,,,
2026-07-27T19:04:53,0.2669,1,6,33,233.4,128.4,585.5,154.7,29.71,29.71,29.72,29.71,29.71,29.72,0,0,0,0,0,0,26.5,29.2,22.5,21.0,20.7,19.2,33,-18,-164,-168,-128,-64
2026-07-27T19:05:23,0.2753,1,6,33,226.4,136.7,585.5,153.4,29.73,29.71,29.73,29.71,29.7,29.71,0,0,0,0,0,0,,,,,,,,,,,,
2026-07-27T19:05:53,0.2836,1,6,33,242.3,137.9,585.5,153.4,29.71,29.68,29.73,29.72,29.7,29.7,0,0,0,0,0,0,21.8,26.9,20.2,20.0,25.5,23.9,55,89,19,19,218,68
2026-07-27T19:06:23,0.2919,1,6,33,223.1,135.8,585.5,154.1,29.71,29.7,29.72,29.73,29.7,29.71,0,0,0,0,0,0,,,,,,,,,,,,
2026-07-27T19:06:53,0.3003,1,6,33,225.0,136.9,585.5,153.1,29.71,29.71,29.72,29.73,29.75,29.71,0,0,0,0,0,0,26.7,29.3,23.8,27.7,27.9,23.8,-13,-117,99,5,-2,102
2026-07-27T19:07:23,0.3086,1,6,33,250.3,127.9,585.5,153.7,29.69,29.71,29.78,29.72,29.76,29.69,0,0,0,0,0,0,,,,,,,,,,,,
2026-07-27T19:07:54,0.317,1,6,33,244.9,119.8,585.5,153.1,29.68,29.69,29.74,29.35,29.51,29.71,0,0,0,0,0,0,27.7,29.4,27.7,25.3,26.3,26.3,76,32,17,34,11,21
2026-07-27T19:08:24,0.3253,1,6,33,250.2,121.4,585.5,152.0,29.72,29.73,29.7,29.71,29.71,29.7,0,0,0,0,0,0,,,,,,,,,,,,
2026-07-27T19:08:54,0.3336,1,6,33,250.3,121.7,585.5,153.2,29.72,29.69,29.72,29.72,29.71,29.71,0,0,0,0,0,0,23.4,29.0,25.7,26.7,28.9,27.6,57,-4,52,38,119,90
2026-07-27T19:09:24,0.342,1,6,33,230.8,122.1,585.5,154.0,29.69,29.72,29.71,29.74,29.69,29.7,0,0,0,0,0,0,,,,,,,,,,,,
2026-07-27T19:09:54,0.3503,1,6,33,231.6,136.2,585.5,155.0,29.72,29.71,29.71,29.71,29.71,29.7,0,0,0,0,0,0,25.2,25.7,23.2,23.4,23.4,22.2,-41,-38,37,29,-75,-93
2026-07-27T19:10:24,0.3587,1,6,33,233.4,143.6,585.5,153.4,29.71,29.7,29.71,29.7,29.71,29.7,0,0,0,0,0,0,,,,,,,,,,,,
2026-07-27T19:10:54,0.367,1,6,33,225.7,145.6,585.5,152.6,29.7,29.71,29.71,29.7,29.73,29.71,0,0,0,0,0,0,27.3,24.7,23.7,21.9,24.1,25.9,-10,-40,31,46,-40,-23
2026-07-27T19:11:24,0.3754,1,6,33,233.4,142.8,585.5,152.2,29.71,29.7,29.73,29.7,29.71,29.72,0,0,0,0,0,0,,,,,,,,,,,,
2026-07-27T19:11:54,0.3837,1,6,33,230.9,146.5,585.5,152.2,29.72,29.73,29.73,29.71,29.71,29.7,0,0,0,0,0,0,28.4,28.8,28.1,26.7,24.4,27.1,-13,41,47,95,-13,-2
2026-07-27T19:12:24,0.392,1,6,33,244.0,149.2,585.5,152.6,29.73,29.71,29.71,29.71,29.69,29.73,0,0,0,0,0,0,,,,,,,,,,,,
2026-07-27T19:12:54,0.4004,1,6,33,238.7,142.4,585.5,153.8,29.7,29.7,29.71,29.73,29.7,29.71,0,0,0,0,0,0,24.9,29.4,26.8,26.6,32.6,27.3,23,17,-8,46,46,8
2026-07-27T19:13:24,0.4087,1,6,33,244.2,139.9,585.5,153.5,29.71,29.73,29.7,29.71,29.71,29.7,0,0,0,0,0,0,,,,,,,,,,,,
2026-07-27T19:13:54,0.4171,1,6,33,230.9,137.4,585.5,154.8,29.7,29.72,29.71,29.71,29.71,29.6,0,0,0,0,0,0,26.9,20.7,26.9,25.2,29.4,21.6,36,-228,35,-35,-173,-60
2026-07-27T19:14:24,0.4254,1,6,33,235.0,138.4,585.5,154.9,29.69,29.71,29.7,29.71,29.71,29.72,0,0,0,0,0,0,,,,,,,,,,,,
2026-07-27T19:14:54,0.4337,1,6,33,247.4,143.2,585.5,153.3,29.71,29.69,29.73,29.72,29.71,29.71,0,0,0,0,0,0,26.5,29.0,25.4,26.1,26.6,27.4,-66,29,-36,-66,111,-41
2026-07-27T19:15:24,0.4421,1,6,33,246.8,141.4,585.5,153.1,29.75,29.74,29.73,29.71,29.72,29.68,0,0,0,0,0,0,,,,,,,,,,,,
2026-07-27T19:15:54,0.4504,1,6,33,247.6,119.7,585.5,153.2,29.72,29.71,29.71,29.71,29.73,29.71,0,0,0,0,0,0,26.2,22.2,29.1,23.0,23.9,24.1,70,18,62,2,1,89
2026-07-27T19:16:24,0.4588,1,6,33,247.6,120.3,585.5,152.8,29.71,29.7,29.71,29.74,29.73,29.7,0,0,0,0,0,0,,,,,,,,,,,,
2026-07-27T19:16:54,0.4671,1,6,33,244.2,128.6,585.5,154.0,29.71,29.73,29.7,29.7,29.71,29.71,0,0,0,0,0,0,29.1,24.3,25.6,25.6,22.9,27.1,-35,98,-5,56,-22,4
2026-07-27T19:17:24,0.4754,1,6,33,238.6,132.0,585.5,154.0,29.71,29.71,29.69,29.61,29.68,29.73,0,0,0,0,0,0,,,,,,,,,,,,
2026-07-27T19:17:54,0.4838,1,6,33,244.9,115.5,585.5,154.4,29.7,29.72,29.7,29.74,29.67,29.71,0,0,0,0,0,0,23.9,26.1,27.6,28.6,23.3,23.5,-166,-65,-87,-90,-69,-62
2026-07-27T19:18:24,0.4921,1,6,33,247.8,121.2,585.5,153.6,29.5,29.71,29.72,29.73,29.73,29.71,0,0,0,0,0,0,,,,,,,,,,,,
2026-07-27T19:18:54,0.5005,1,6,33,253.0,118.1,585.5,153.7,29.67,29.71,29.73,29.71,29.7,29.7,0,0,0,0,0,0,19.4,21.2,21.0,21.3,20.2,25.2,80,118,19,71,17,-20
2026-07-27T19:19:24,0.5088,1,6,33,252.9,114.1,585.5,154.5,29.75,29.71,29.71,29.7,29.71,29.71,0,0,0,0,0,0,,,,,,,,,,,,
2026-07-27T19:19:54,0.5172,1,6,33,250.4,114.0,585.5,154.9,29.7,29.98,29.71,29.5,29.72,29.7,0,0,0,0,0,0,16.9,26.5,29.6,29.1,19.7,25.2,-120,50,38,13,-99,-23
2026-07-27T19:20:24,0.5255,1,6,33,253.2,113.6,585.5,154.4,29.72,29.51,29.7,29.72,29.51,29.71,0,0,0,0,0,0,,,,,,,,,,,,
2026-07-27T19:20:54,0.5338,1,6,33,252.9,119.2,585.5,154.3,29.71,29.71,29.7,29.51,29.71,29.68,0,0,0,0,0,0,24.5,28.8,24.0,24.9,24.0,19.8,26,-2,-7,-40,77,-97
2026-07-27T19:21:24,0.5422,1,6,33,245.4,134.3,585.5,154.4,29.7,29.7,29.71,29.73,29.73,29.7,0,0,0,0,0,0,,,,,,,,,,,,
2026-07-27T19:21:54,0.5505,1,6,33,229.4,126.4,585.5,155.9,29.71,29.71,29.71,29.7,29.73,29.74,0,0,0,0,0,0,27.9,26.8,21.2,21.5,23.2,26.8,145,-17,5,-30,71,154
2026-07-27T19:22:24,0.5589,1,6,33,223.2,137.3,585.5,154.1,29.73,29.71,29.72,29.71,29.72,29.71,0,0,0,0,0,0,,,,,,,,,,,,
2026-07-27T19:22:54,0.5672,1,6,33,241.6,135.3,585.5,154.2,29.71,29.71,29.71,29.7,29.72,29.71,0,0,0,0,0,0,27.9,28.8,26.0,24.7,23.6,21.7,-19,-36,-65,-100,-106,-119
2026-07-27T19:23:24,0.5755,1,6,33,233.5,133.7,585.5,154.4,29.71,29.73,29.72,29.56,29.71,29.7,0,0,0,0,0,0,,,,,,,,,,,,
2026-07-27T19:23:54,0.5839,1,6,33,247.9,127.2,585.5,155.6,29.77,29.72,29.71,29.7,29.68,29.53,0,0,0,0,0,0,26.7,26.4,23.5,28.0,23.0,22.1,35,27,-232,45,-40,5
2026-07-27T19:24:24,0.5922,1,6,33,250.6,111.8,585.5,155.5,29.69,29.69,29.72,29.72,29.7,29.72,0,0,0,0,0,0,,,,,,,,,,,,
2026-07-27T19:24:54,0.6006,1,6,33,253.1,117.3,585.5,154.5,29.71,29.71,29.7,29.74,29.71,29.7,0,0,0,0,0,0,26.0,28.0,24.6,25.4,20.9,25.8,0,45,149,-169,7,-56
2026-07-27T19:25:24,0.6089,1,6,33,253.1,119.6,585.5,153.5,29.69,29.71,29.7,29.7,29.74,29.71,0,0,0,0,0,0,,,,,,,,,,,,
2026-07-27T19:25:55,0.6172,1,6,33,253.3,121.7,585.5,152.9,29.73,29.72,29.74,29.71,29.52,29.71,0,0,0,0,0,0,26.8,29.1,23.9,24.5,28.0,22.9,129,23,84,119,207,174
2026-07-27T19:26:25,0.6256,1,6,33,236.3,131.0,585.5,154.3,29.71,29.71,29.71,29.7,29.69,29.51,0,0,0,0,0,0,,,,,,,,,,,,
2026-07-27T19:26:55,0.6339,1,6,33,223.0,143.9,585.5,153.8,29.71,29.73,29.69,29.71,29.71,29.7,0,0,0,0,0,0,28.5,23.4,25.7,25.2,25.6,23.9,-37,-125,-30,64,-4,36
2026-07-27T19:27:25,0.6423,1,6,33,223.2,142.7,585.5,152.8,29.71,29.71,29.71,29.71,29.71,29.72,0,0,0,0,0,0,,,,,,,,,,,,
2026-07-27T19:27:55,0.6506,1,6,33,246.6,140.2,585.5,153.7,29.7,29.71,29.71,29.72,29.71,29.68,0,0,0,0,0,0,28.3,26.9,27.9,25.1,25.8,22.1,-39,77,-32,-63,5,36
2026-07-27T19:28:25,0.659,1,6,33,255.9,129.0,585.5,153.9,29.71,29.71,29.71,29.73,29.71,29.7,0,0,0,0,0,0,,,,,,,,,,,,
2026-07-27T19:28:55,0.6673,1,6,33,239.4,126.4,585.5,153.6,29.7,29.71,29.69,29.71,29.73,29.7,0,0,0,0,0,0,25.1,28.8,24.6,24.0,26.6,25.0,-45,-18,25,2,-80,-98
2026-07-27T19:29:25,0.6756,1,6,33,245.1,117.4,585.5,153.8,29.54,29.71,29.73,29.63,29.49,29.74,0,0,0,0,0,0,,,,,,,,,,,,
2026-07-27T19:29:55,0.684,1,6,33,248.1,126.9,585.5,153.5,29.71,29.7,29.71,29.73,29.7,29.7,0,0,0,0,0,0,27.7,24.3,25.0,22.9,25.4,24.1,-38,-117,57,7,16,39
2026-07-27T19:30:25,0.6923,1,6,33,230.8,146.9,585.5,153.2,29.71,29.73,29.71,29.71,29.7,29.72,0,0,0,0,0,0,,,,,,,,,,,,
2026-07-27T19:30:55,0.7007,1,6,33,244.0,139.4,585.5,154.7,29.71,29.71,29.52,29.72,29.71,29.72,0,0,0,0,0,0,22.8,20.6,27.1,25.1,22.6,22.5,2,77,119,107,113,60
2026-07-27T19:31:25,0.709,1,6,33,233.5,136.0,585.5,155.8,29.7,29.66,29.72,29.69,29.68,29.7,0,0,0,0,0,0,,,,,,,,,,,,
2026-07-27T19:31:55,0.7173,1,6,33,233.6,138.9,585.5,156.0,29.7,29.71,29.69,29.68,29.6,29.71,0,0,0,0,0,0,22.1,24.5,28.9,24.8,20.8,26.9,19,-222,-41,-62,-197,-126
2026-07-27T19:32:25,0.7257,1,6,33,241.6,141.8,585.5,154.1,29.71,29.71,29.72,29.73,29.71,29.71,0,0,0,0,0,0,,,,,,,,,,,,
2026-07-27T19:32:55,0.734,1,6,33,230.9,141.4,585.5,154.9,29.73,29.7,29.73,29.7,29.54,29.7,0,0,0,0,0,0,27.7,25.9,26.4,28.0,26.5,27.7,0,91,-25,56,168,98
2026-07-27T19:33:25,0.7424,1,6,33,249.3,137.1,585.5,154.2,29.71,29.71,29.71,29.73,29.71,29.71,0,0,0,0,0,0,,,,,,,,,,,,
2026-07-27T19:33:55,0.7507,1,6,33,232.4,146.9,585.5,152.3,29.7,29.71,29.71,29.71,29.69,29.7,0,0,0,0,0,0,25.3,28.2,24.8,24.9,29.3,28.5,-45,-49,-45,-113,-64,7
2026-07-27T19:34:25,0.759,1,6,33,246.6,147.7,585.5,152.6,29.7,29.75,29.71,29.71,29.71,29.73,0,0,0,0,0,0,,,,,,,,,,,,
2026-07-27T19:34:55,0.7674,1,6,33,244.0,138.4,585.5,154.4,29.71,29.74,29.7,29.66,29.59,29.7,0,0,0,0,0,0,23.1,25.5,27.3,25.6,27.2,26.5,115,164,82,85,50,72
2026-07-27T19:35:25,0.7757,1,6,33,238.8,133.9,585.5,155.1,29.73,29.71,29.69,29.7,29.71,29.72,0,0,0,0,0,0,,,,,,,,,,,,
2026-07-27T19:35:55,0.7841,1,6,33,241.6,141.5,585.5,154.4,29.7,29.71,29.7,29.71,29.71,29.73,0,0,0,0,0,0,22.5,25.6,22.3,27.0,26.4,20.2,-166,-65,-143,-98,-106,-165
2026-07-27T19:36:25,0.7924,1,6,33,238.8,138.4,585.5,154.1,29.73,29.71,29.77,29.72,29.73,29.71,0,0,0,0,0,0,,,,,,,,,,,,
2026-07-27T19:36:55,0.8008,1,6,33,233.9,138.2,585.5,154.5,29.7,29.71,29.73,29.73,29.79,29.71,0,0,0,0,0,0,27.2,27.4,25.8,24.8,24.9,27.5,51,69,41,86,54,83
2026-07-27T19:37:25,0.8091,1,6,33,223.2,132.0,585.5,154.1,29.71,29.7,29.72,29.71,29.69,29.71,0,0,0,0,0,0,,,,,,,,,,,,
2026-07-27T19:37:55,0.8174,1,6,33,238.7,129.2,585.5,154.3,29.71,29.71,29.7,29.7,29.7,29.71,0,0,0,0,0,0,17.4,27.5,28.3,24.4,19.6,18.4,-185,8,-32,-55,-192,-110
2026-07-27T19:38:25,0.8258,1,6,33,250.3,127.4,585.5,153.9,29.72,29.73,29.7,29.7,29.71,29.7,0,0,0,0,0,0,,,,,,,,,,,,
2026-07-27T19:38:55,0.8341,1,6,33,244.1,118.5,585.5,153.9,29.71,29.72,29.49,29.69,29.5,29.69,0,0,0,0,0,0,27.6,24.9,28.1,26.3,28.5,26.3,29,92,77,68,143,-129
2026-07-27T19:39:25,0.8425,1,6,33,223.1,138.6,585.5,153.7,29.7,29.7,29.7,29.71,29.71,29.68,0,0,0,0,0,0,,,,,,,,,,,,
2026-07-27T19:39:55,0.8508,1,6,33,246.9,133.3,585.5,154.1,29.72,29.65,29.54,29.71,29.72,29.73,0,0,0,0,0,0,25.1,27.5,23.3,20.8,21.1,23.5,61,-33,-13,-5,21,164
2026-07-27T19:40:25,0.8591,1,6,33,238.8,132.8,585.5,154.2,29.73,29.73,29.74,29.72,29.68,29.71,0,0,0,0,0,0,,,,,,,,,,,,
2026-07-27T19:40:55,0.8675,1,6,33,231.5,135.7,585.5,153.9,29.71,29.72,29.71,29.7,29.72,29.7,0,0,0,0,0,0,25.0,26.6,23.4,24.8,25.3,22.6,-12,-12,-50,-62,-68,-71
2026-07-27T19:41:25,0.8758,1,6,33,236.2,131.6,585.5,154.7,29.71,29.72,29.72,29.7,29.7,29.69,0,0,0,0,0,0,,,,,,,,,,,,
2026-07-27T19:41:55,0.8842,1,6,33,223.6,127.6,585.5,155.5,29.71,29.72,29.7,29.71,29.71,29.7,0,0,0,0,0,0,23.9,28.1,26.4,23.0,18.2,24.3,92,1,-81,-57,-45,0
2026-07-27T19:42:25,0.8925,1,6,33,236.2,122.1,585.5,156.4,29.71,29.51,29.71,29.69,29.72,29.76,0,0,0,0,0,0,,,,,,,,,,,,
2026-07-27T19:42:55,0.9008,1,6,33,241.4,128.7,585.5,156.4,29.71,29.71,29.67,29.71,29.72,29.66,0,0,0,0,0,0,27.4,28.4,21.5,21.5,21.4,22.4,56,-14,-81,-191,-86,-120
2026-07-27T19:43:25,0.9092,1,6,33,244.1,135.2,585.5,155.5,29.76,29.71,29.72,29.7,29.73,29.71,0,0,0,0,0,0,,,,,,,,,,,,
2026-07-27T19:43:56,0.9175,1,6,33,238.9,132.9,585.5,156.3,29.68,29.7,29.7,29.7,29.73,29.68,0,0,0,0,0,0,24.0,27.7,21.2,30.4,32.1,23.6,42,-28,49,180,142,114
2026-07-27T19:44:26,0.9259,1,6,33,241.3,136.4,585.5,154.3,29.71,29.69,29.71,29.7,29.73,29.75,0,0,0,0,0,0,,,,,,,,,,,,
2026-07-27T19:44:56,0.9342,1,6,33,244.1,134.9,585.5,153.9,29.71,29.72,29.5,29.72,29.71,29.71,0,0,0,0,0,0,26.4,26.0,24.3,22.7,27.3,24.6,25,16,-20,22,62,49
2026-07-27T19:45:26,0.9425,1,6,33,241.5,135.1,585.5,154.4,29.71,29.77,29.73,29.7,29.7,29.7,0,0,0,0,0,0,,,,,,,,,,,,
2026-07-27T19:45:56,0.9509,1,6,33,236.2,136.8,585.5,154.4,29.71,29.7,29.7,29.71,29.7,29.72,0,0,0,0,0,0,26.8,23.5,24.8,27.1,25.6,23.8,15,0,2,-21,-16,-4
2026-07-27T19:46:26,0.9592,1,6,33,233.5,136.2,585.5,154.7,29.71,29.71,29.72,29.48,29.71,29.71,0,0,0,0,0,0,,,,,,,,,,,,
2026-07-27T19:46:56,0.9676,1,6,33,244.0,131.7,585.5,154.3,29.71,29.73,29.71,29.72,29.71,29.72,0,0,0,0,0,0,23.3,23.9,24.9,26.3,20.9,21.0,-53,-87,48,68,10,45
2026-07-27T19:47:26,0.9759,1,6,33,241.6,133.7,585.5,154.4,29.73,29.68,29.68,29.73,29.71,29.74,0,0,0,0,0,0,,,,,,,,,,,,
2026-07-27T19:47:56,0.9843,1,6,33,236.2,139.4,585.5,154.5,29.71,29.71,29.71,29.74,29.72,29.7,0,0,0,0,0,0,27.3,25.4,25.3,25.0,27.1,27.0,19,-152,-8,37,21,-114
2026-07-27T19:48:26,0.9926,1,6,33,241.4,135.1,585.5,155.2,29.7,29.71,29.74,29.67,29.68,29.73,0,0,0,0,0,0,,,,,,,,,,,,
2026-07-27T19:48:56,1.0009,1,6,33,233.0,134.6,585.5,153.6,29.71,29.7,29.71,29.73,29.7,29.7,0,0,0,0,0,0,27.2,25.8,26.3,25.3,25.1,22.8,-80,106,20,-1,60,155
2026-07-27T19:49:26,1.0093,1,6,33,236.2,138.7,585.5,155.2,29.7,29.7,29.73,29.71,29.72,29.71,0,0,0,0,0,0,,,,,,,,,,,,
2026-07-27T19:49:56,1.0176,1,6,33,256.0,132.4,585.5,154.2,29.7,29.72,29.73,29.7,29.7,29.71,0,0,0,0,0,0,28.3,24.1,25.6,25.5,28.2,23.0,65,-2,104,4,31,31
2026-07-27T19:50:26,1.026,1,6,33,256.0,120.3,585.5,152.0,29.71,29.72,29.71,29.71,29.71,29.74,0,0,0,0,0,0,,,,,,,,,,,,
2026-07-27T19:50:56,1.0343,1,6,33,261.2,116.4,585.5,154.4,29.77,29.71,29.73,29.71,29.7,29.74,0,0,0,0,0,0,27.5,26.3,24.5,27.4,25.8,26.8,11,33,65,39,26,58
2026-07-27T19:51:26,1.0426,1,6,33,246.7,136.1,585.5,155.1,29.7,29.71,29.72,29.7,29.72,29.69,0,0,0,0,0,0,,,,,,,,,,,,
2026-07-27T19:51:56,1.051,1,6,33,246.8,142.9,585.5,154.3,29.72,29.75,29.7,29.7,29.53,29.7,0,0,0,0,0,0,27.2,25.6,27.4,22.4,23.0,24.4,-90,-51,-86,-123,-152,-131
2026-07-27T19:52:26,1.0593,1,6,33,241.5,139.1,585.5,154.6,29.09,29.72,29.5,29.19,29.39,29.49,0,0,0,0,0,0,,,,,,,,,,,,
2026-07-27T19:52:56,1.0677,1,6,33,230.2,139.0,585.5,153.9,29.71,29.69,29.73,29.71,29.67,29.7,0,0,0,0,0,0,29.1,27.3,23.3,25.2,20.4,23.0,60,101,35,19,52,37
2026-07-27T19:53:26,1.076,1,6,33,238.9,141.1,585.5,155.0,29.71,29.71,29.73,29.72,29.71,29.69,0,0,0,0,0,0,,,,,,,,,,,,
2026-07-27T19:53:56,1.0843,1,6,33,240.4,140.9,585.5,155.5,29.71,29.71,29.71,29.7,29.71,29.72,0,0,0,0,0,0,26.5,25.7,26.9,26.8,26.0,26.6,-19,-1,13,2,-8,-24
2026-07-27T19:54:26,1.0927,1,6,33,247.1,126.2,585.5,155.0,29.6,29.49,29.7,29.68,29.7,29.72,0,0,0,0,0,0,,,,,,,,,,,,
2026-07-27T19:54:56,1.101,1,6,33,247.1,116.6,585.5,154.1,29.7,29.71,29.71,29.71,29.72,29.71,0,0,0,0,0,0,28.0,26.6,27.1,28.4,25.0,26.2,-12,15,-28,48,17,36
2026-07-27T19:55:26,1.1094,1,6,33,258.6,124.1,585.5,154.4,29.72,29.73,29.7,29.73,29.7,29.71,0,0,0,0,0,0,,,,,,,,,,,,
2026-07-27T19:55:56,1.1177,1,6,33,264.1,112.1,585.5,155.9,29.71,29.72,29.73,29.73,29.69,29.69,0,0,0,0,0,0,21.9,25.6,27.3,25.4,22.9,24.9,-151,59,49,0,-174,-26
2026-07-27T19:56:26,1.1261,1,6,33,255.7,117.7,585.5,155.8,29.71,29.74,29.75,29.71,29.7,29.7,0,0,0,0,0,0,,,,,,,,,,,,
2026-07-27T19:56:56,1.1344,1,6,33,255.9,118.1,585.5,155.6,29.72,29.73,29.75,29.71,29.71,29.49,0,0,0,0,0,0,24.4,27.2,30.7,27.7,26.0,26.1,71,-36,-18,-16,109,-46
2026-07-27T19:57:26,1.1427,1,6,33,233.4,122.3,585.5,155.8,29.7,29.7,29.72,29.7,29.7,29.8,0,0,0,0,0,0,,,,,,,,,,,,
2026-07-27T19:57:56,1.1511,1,6,33,228.0,135.2,585.5,156.1,29.72,29.71,29.7,29.71,29.71,29.75,0,0,0,0,0,0,23.9,24.8,27.9,22.2,26.6,27.0,8,-45,-23,-27,37,46
2026-07-27T19:58:26,1.1594,1,6,30,225.8,137.6,586.6,156.7,29.69,29.71,29.72,29.72,29.69,29.69,0,0,0,0,0,0,,,,,,,,,,,,
2026-07-27T19:58:56,1.1678,1,6,30,228.2,131.0,586.6,156.4,29.65,29.73,29.69,29.72,29.72,29.7,0,0,0,0,0,0,25.0,23.1,23.8,22.5,24.9,24.0,51,-34,-45,29,-28,23
2026-07-27T19:59:26,1.1761,1,6,30,236.4,131.4,586.6,158.6,29.71,29.74,29.7,29.75,29.73,29.7,0,0,0,0,0,0,,,,,,,,,,,,
2026-07-27T19:59:56,1.1844,1,6,30,231.1,111.5,586.6,157.4,29.73,29.71,29.74,29.69,29.71,29.71,0,0,0,0,0,0,23.2,21.4,21.9,21.3,17.5,28.7,-36,21,-5,-165,-155,-104
2026-07-27T20:00:26,1.1928,1,6,30,246.8,116.7,586.6,156.1,29.74,29.69,29.72,29.73,29.71,29.73,0,0,0,0,0,0,,,,,,,,,,,,
2026-07-27T20:00:56,1.2011,1,6,30,236.3,118.2,586.6,156.2,29.71,29.68,29.7,29.7,29.73,29.73,0,0,0,0,0,0,24.5,25.7,21.0,22.8,27.5,22.1,28,-38,-66,-23,60,-33
2026-07-27T20:01:27,1.2095,1,6,30,246.8,128.1,586.6,157.7,29.73,29.72,29.71,29.67,29.72,29.75,0,0,0,0,0,0,,,,,,,,,,,,
2026-07-27T20:01:57,1.2178,1,6,30,241.5,135.7,586.6,157.9,29.7,29.72,29.71,29.72,29.71,29.7,0,0,0,0,0,0,25.8,24.1,24.8,27.6,27.5,25.4,34,-5,31,93,40,58
2026-07-27T20:02:27,1.2261,1,6,30,227.4,130.0,586.6,157.1,29.71,29.7,29.71,29.72,29.71,29.74,0,0,0,0,0,0,,,,,,,,,,,,
2026-07-27T20:02:57,1.2345,1,6,30,241.3,126.2,586.6,157.1,29.72,29.71,29.71,29.75,29.73,29.69,0,0,0,0,0,0,24.8,23.1,22.2,22.6,24.0,26.5,26,-51,1,1,-21,-71
2026-07-27T20:03:27,1.2428,1,6,30,223.4,132.9,586.6,157.2,29.7,29.67,29.72,29.73,29.7,29.7,0,0,0,0,0,0,,,,,,,,,,,,
2026-07-27T20:03:57,1.2512,1,6,30,230.8,130.0,586.6,156.5,29.7,29.73,29.73,29.72,29.71,29.74,0,0,0,0,0,0,22.3,26.0,18.6,23.4,27.1,23.3,6,-48,-84,33,30,-30
2026-07-27T20:04:27,1.2595,1,6,30,235.4,129.4,586.6,155.7,29.71,29.68,29.48,29.7,29.7,29.55,0,0,0,0,0,0,,,,,,,,,,,,
2026-07-27T20:04:57,1.2679,1,6,30,238.7,132.9,586.6,155.9,29.72,29.71,29.69,29.7,29.69,29.7,0,0,0,0,0,0,25.9,25.8,22.7,23.5,24.5,27.6,-14,-20,-21,-25,29,-41
2026-07-27T20:05:27,1.2762,1,6,30,236.1,137.6,586.6,155.8,29.7,29.71,29.7,29.71,29.71,29.69,0,0,0,0,0,0,,,,,,,,,,,,
2026-07-27T20:05:57,1.2845,1,6,30,241.3,134.1,586.6,156.6,29.71,29.74,29.71,29.71,29.72,29.73,0,0,0,0,0,0,27.5,23.0,26.2,24.7,22.8,25.8,-18,26,86,86,69,158
2026-07-27T20:06:27,1.2929,1,6,30,246.7,128.9,586.6,154.5,29.71,29.29,29.69,29.76,29.72,29.75,0,0,0,0,0,0,,,,,,,,,,,,
2026-07-27T20:06:57,1.3012,1,6,30,241.5,134.7,586.6,154.0,29.71,29.75,29.71,29.69,29.69,29.7,0,0,0,0,0,0,24.8,21.8,19.5,25.2,21.8,20.8,-60,-59,-50,-90,-7,7
2026-07-27T20:07:27,1.3096,1,6,30,244.1,135.6,586.6,153.4,29.72,29.74,29.73,29.7,29.68,29.73,0,0,0,0,0,0,,,,,,,,,,,,
2026-07-27T20:07:57,1.3179,1,6,30,230.9,137.4,586.6,153.7,29.7,29.7,29.75,29.71,29.71,29.72,0,0,0,0,0,0,28.2,24.4,23.4,23.8,26.9,27.3,46,54,-20,30,55,46
2026-07-27T20:08:27,1.3262,1,6,30,244.0,138.8,586.6,153.7,28.94,29.51,29.71,29.67,29.68,29.31,0,0,0,0,0,0,,,,,,,,,,,,
2026-07-27T20:08:57,1.3346,1,6,30,244.0,135.4,586.6,152.9,29.7,29.7,29.7,29.72,29.7,29.7,0,0,0,0,0,0,23.9,25.8,23.4,24.6,23.1,25.9,48,50,75,-1,-9,56
2026-07-27T20:09:27,1.3429,1,6,30,239.0,134.0,586.6,154.5,29.73,29.7,29.72,29.71,29.68,29.73,0,0,0,0,0,0,,,,,,,,,,,,
2026-07-27T20:09:57,1.3513,1,6,30,238.7,130.7,586.6,153.8,29.77,29.71,29.7,29.73,29.73,29.68,0,0,0,0,0,0,29.7,25.2,26.1,23.7,24.8,27.7,-30,-7,4,-34,-65,-93
2026-07-27T20:10:27,1.3596,1,6,30,236.0,140.3,586.6,153.5,29.73,29.71,29.69,29.71,29.51,29.53,0,0,0,0,0,0,,,,,,,,,,,,
2026-07-27T20:10:57,1.3679,1,6,30,236.2,142.7,586.6,152.9,29.7,29.7,29.75,29.71,29.72,29.71,0,0,0,0,0,0,24.2,25.7,27.4,24.0,25.4,23.0,24,81,101,61,16,67
2026-07-27T20:11:27,1.3763,1,6,30,253.0,139.5,586.6,153.9,29.7,29.72,29.75,29.71,29.73,29.69,0,0,0,0,0,0,,,,,,,,,,,,
2026-07-27T20:11:57,1.3846,1,6,30,223.1,129.8,586.6,154.3,29.68,29.72,29.72,29.71,29.71,29.75,0,0,0,0,0,0,27.5,27.2,27.5,30.0,25.9,28.0,42,-10,4,5,37,14
2026-07-27T20:12:27,1.393,1,6,30,249.8,139.3,586.6,154.3,29.7,29.72,29.72,29.7,29.7,29.72,0,0,0,0,0,0,,,,,,,,,,,,
2026-07-27T20:12:57,1.4013,1,6,30,225.6,136.3,586.6,155.6,29.71,29.71,29.7,29.7,29.71,29.76,0,0,0,0,0,0,25.3,22.9,25.9,24.1,28.8,29.4,-36,7,-4,14,-50,-75
2026-07-27T20:13:27,1.4097,1,6,30,227.7,135.6,586.6,154.5,29.71,29.7,29.71,29.73,29.72,29.73,0,0,0,0,0,0,,,,,,,,,,,,
2026-07-27T20:13:57,1.418,1,6,30,241.3,134.6,586.6,155.9,29.7,29.71,29.69,29.66,29.71,29.68,0,0,0,0,0,0,16.9,23.3,26.3,25.5,21.5,20.4,-133,12,-1,-36,-88,9
2026-07-27T20:14:27,1.4263,1,6,30,236.2,136.2,586.6,156.1,29.73,29.7,29.7,29.7,29.7,29.71,0,0,0,0,0,0,,,,,,,,,,,,
2026-07-27T20:14:57,1.4347,1,6,30,247.5,138.5,586.6,155.7,29.72,29.72,29.75,29.71,29.71,29.69,0,0,0,0,0,0,28.8,25.5,22.8,22.6,23.6,26.1,29,-17,5,3,9,-25
2026-07-27T20:15:27,1.443,1,6,30,258.8,138.0,586.6,155.1,29.73,29.7,29.68,29.66,29.7,29.74,0,0,0,0,0,0,,,,,,,,,,,,
2026-07-27T20:15:57,1.4514,1,6,30,261.1,112.4,586.6,154.1,29.7,29.72,29.73,29.71,29.7,29.7,0,0,0,0,0,0,22.6,24.0,26.7,24.5,24.1,20.6,18,17,36,27,43,38
2026-07-27T20:16:27,1.4597,1,6,30,261.1,113.7,586.6,154.0,29.69,29.71,29.73,29.71,29.72,29.7,0,0,0,0,0,0,,,,,,,,,,,,
2026-07-27T20:16:57,1.468,1,6,30,260.8,113.0,586.6,154.3,29.72,29.72,29.72,29.74,29.74,29.59,0,0,0,0,0,0,22.0,26.9,29.1,25.4,27.6,23.5,-74,30,28,-21,20,-50
2026-07-27T20:17:27,1.4764,1,6,30,260.8,111.7,586.6,153.6,29.71,29.69,29.7,29.73,29.7,29.72,0,0,0,0,0,0,,,,,,,,,,,,
2026-07-27T20:17:57,1.4847,1,6,30,231.8,123.5,586.6,154.5,29.71,29.68,29.76,29.7,29.69,29.7,0,0,0,0,0,0,22.5,24.9,28.8,26.2,25.7,25.4,72,-36,23,-39,-114,-15
2026-07-27T20:18:27,1.4931,1,6,30,241.3,134.0,586.6,154.9,29.73,29.76,29.71,29.71,29.7,29.71,0,0,0,0,0,0,,,,,,,,,,,,
2026-07-27T20:18:57,1.5014,1,6,30,223.1,135.7,586.6,154.7,29.71,29.73,29.71,29.7,29.71,29.31,0,0,0,0,0,0,28.0,25.1,25.0,26.3,24.2,25.7,63,-25,-27,3,30,-26
2026-07-27T20:19:28,1.5097,1,6,30,241.5,132.2,586.6,155.1,29.71,29.72,29.72,29.71,29.7,29.51,0,0,0,0,0,0,,,,,,,,,,,,
2026-07-27T20:19:58,1.5181,1,6,30,223.0,128.7,586.6,155.3,29.71,29.71,29.53,29.7,29.5,29.7,0,0,0,0,0,0,26.8,26.5,24.7,22.6,21.3,22.7,33,-55,-18,-79,-21,-3
2026-07-27T20:20:28,1.5264,1,6,30,241.7,128.4,586.6,155.4,29.7,29.75,29.7,29.73,29.73,29.51,0,0,0,0,0,0,,,,,,,,,,,,
2026-07-27T20:20:58,1.5348,1,6,30,246.7,133.5,586.6,155.2,29.72,29.72,29.73,29.76,29.74,29.71,0,0,0,0,0,0,26.7,20.9,23.4,22.9,27.1,21.4,-10,-163,-5,-45,74,-154
2026-07-27T20:21:28,1.5431,1,6,30,244.1,135.0,586.6,154.9,29.72,29.5,29.76,29.69,29.71,29.71,0,0,0,0,0,0,,,,,,,,,,,,
2026-07-27T20:21:58,1.5515,1,6,30,238.9,136.0,586.6,154.7,29.75,29.51,29.7,29.74,29.72,29.7,0,0,0,0,0,0,25.7,21.4,23.9,26.0,25.2,23.1,25,77,-24,86,91,157
2026-07-27T20:22:28,1.5598,1,6,30,223.0,132.6,586.6,154.1,29.7,29.74,29.71,29.71,29.53,29.73,0,0,0,0,0,0,,,,,,,,,,,,
2026-07-27T20:22:58,1.5681,1,6,30,243.9,134.9,586.6,153.6,29.71,29.71,29.71,29.72,29.71,29.7,0,0,0,0,0,0,26.2,24.9,27.4,27.9,29.6,26.4,3,-32,-57,49,-40,28
2026-07-27T20:23:28,1.5765,1,6,30,236.1,138.9,586.6,153.7,29.76,29.75,29.74,29.72,29.71,29.51,0,0,0,0,0,0,,,,,,,,,,,,
2026-07-27T20:23:58,1.5848,1,6,30,232.0,139.2,586.6,153.6,29.71,29.7,29.71,29.74,29.72,29.71,0,0,0,0,0,0,30.0,25.1,25.6,26.0,28.7,27.6,-34,38,-1,2,152,42
2026-07-27T20:24:28,1.5932,1,6,30,238.7,137.0,586.6,154.0,29.68,29.72,29.71,29.71,29.66,29.7,0,0,0,0,0,0,,,,,,,,,,,,
2026-07-27T20:24:58,1.6015,1,6,30,230.8,140.2,586.6,154.1,29.71,29.72,29.71,29.7,29.73,29.7,0,0,0,0,0,0,29.8,24.7,26.2,24.3,28.4,25.1,-3,42,-22,20,-57,7
2026-07-27T20:25:28,1.6098,1,6,30,230.1,139.6,586.6,154.4,29.73,29.69,29.7,29.7,29.71,29.74,0,0,0,0,0,0,,,,,,,,,,,,
2026-07-27T20:25:58,1.6182,1,6,30,224.1,140.0,586.6,155.7,29.71,29.72,29.68,29.72,29.69,29.51,0,0,0,0,0,0,23.4,24.4,24.3,23.8,27.2,30.3,2,70,20,57,17,25
2026-07-27T20:26:28,1.6265,1,6,30,249.2,140.8,586.6,154.2,29.71,29.72,29.71,29.72,29.7,29.71,0,0,0,0,0,0,,,,,,,,,,,,
2026-07-27T20:26:58,1.6349,1,6,30,246.6,140.6,586.6,153.6,29.71,29.71,29.72,29.71,29.7,29.71,0,0,0,0,0,0,22.8,21.5,24.0,24.4,26.8,25.1,-10,1,-38,-16,-41,61
2026-07-27T20:27:28,1.6432,1,6,30,244.0,141.3,586.6,154.5,29.7,29.72,29.72,29.76,29.71,29.71,0,0,0,0,0,0,,,,,,,,,,,,
2026-07-27T20:27:58,1.6515,1,6,30,230.6,140.1,586.6,153.1,29.71,29.71,29.73,29.73,29.7,29.69,0,0,0,0,0,0,23.2,24.2,23.9,27.6,21.4,25.8,33,-48,90,3,21,9
2026-07-27T20:28:28,1.6599,1,6,30,243.9,142.7,586.6,152.6,29.71,29.49,29.7,29.71,29.73,29.71,0,0,0,0,0,0,,,,,,,,,,,,
2026-07-27T20:28:58,1.6682,1,6,30,223.1,146.0,586.6,152.9,29.75,29.67,29.71,29.7,29.7,29.78,0,0,0,0,0,0,25.9,28.3,26.6,26.8,21.4,26.5,4,21,27,-33,-49,8
2026-07-27T20:29:28,1.6766,1,6,30,233.5,136.7,586.6,155.2,29.71,29.95,29.7,29.52,29.7,29.69,0,0,0,0,0,0,,,,,,,,,,,,
2026-07-27T20:29:58,1.6849,1,6,30,241.4,133.8,586.6,155.3,29.71,29.75,29.72,29.72,29.71,29.7,0,0,0,0,0,0,24.1,21.6,24.1,25.2,24.2,26.4,-24,35,-28,8,64,-11
2026-07-27T20:30:28,1.6933,1,6,30,236.2,125.7,586.6,155.7,29.73,29.72,29.71,29.69,29.74,29.73,0,0,0,0,0,0,,,,,,,,,,,,
2026-07-27T20:30:58,1.7016,1,6,30,233.6,137.0,586.6,154.2,29.71,29.57,29.71,29.73,29.73,29.71,0,0,0,0,0,0,28.8,27.3,29.3,27.2,27.8,26.4,-45,-14,4,1,-133,-105
2026-07-27T20:31:28,1.7099,1,6,30,241.5,136.0,586.6,154.4,29.64,29.73,29.73,29.73,29.71,29.71,0,0,0,0,0,0,,,,,,,,,,,,
2026-07-27T20:31:58,1.7183,1,6,30,232.7,140.2,586.6,155.2,29.71,29.71,29.71,29.71,29.73,29.7,0,0,0,0,0,0,23.9,22.6,27.8,23.8,29.5,23.6,-45,32,80,57,14,88
2026-07-27T20:32:28,1.7266,1,6,30,238.0,137.2,586.6,154.6,29.72,29.75,29.71,29.71,29.69,29.72,0,0,0,0,0,0,,,,,,,,,,,,
2026-07-27T20:32:58,1.735,1,6,30,243.9,138.1,586.6,154.4,29.7,29.69,29.7,29.7,29.7,29.72,0,0,0,0,0,0,21.3,22.9,28.8,26.6,22.2,26.7,26,-17,-57,-10,-48,-65
2026-07-27T20:33:28,1.7433,1,6,30,241.4,141.9,586.6,154.3,29.73,29.67,29.71,29.66,29.7,29.72,0,0,0,0,0,0,,,,,,,,,,,,
2026-07-27T20:33:58,1.7516,1,6,30,258.6,115.8,586.6,155.5,29.74,29.71,29.7,29.72,29.71,29.74,0,0,0,0,0,0,21.1,27.3,25.2,30.1,23.8,25.7,-18,51,24,52,47,4
2026-07-27T20:34:28,1.76,1,6,30,258.6,115.6,586.6,155.4,29.71,29.68,29.71,29.71,29.74,29.68,0,0,0,0,0,0,,,,,,,,,,,,
2026-07-27T20:34:58,1.7683,1,6,30,241.5,123.6,586.6,155.5,29.73,29.7,29.73,29.72,29.7,29.7,0,0,0,0,0,0,25.8,24.4,27.2,23.6,22.3,26.3,-22,-102,2,-67,-13,-60
2026-07-27T20:35:28,1.7767,1,6,30,233.4,125.8,586.6,156.1,29.73,29.73,29.73,29.75,29.68,29.72,0,0,0,0,0,0,,,,,,,,,,,,
2026-07-27T20:35:58,1.785,1,6,30,233.5,135.3,586.6,156.0,29.53,29.72,29.71,29.52,29.73,29.52,0,0,0,0,0,0,22.4,26.0,28.1,24.9,28.8,21.0,46,27,-23,17,32,23
2026-07-27T20:36:28,1.7933,1,6,30,223.0,135.0,586.6,154.4,29.7,29.7,29.7,29.71,29.7,29.68,0,0,0,0,0,0,,,,,,,,,,,,
2026-07-27T20:36:59,1.8017,1,6,30,261.0,124.5,586.6,154.7,29.56,29.71,29.71,29.71,29.69,29.61,0,0,0,0,0,0,22.6,17.8,29.8,25.7,27.3,25.9,12,-92,42,6,-130,-70
2026-07-27T20:37:29,1.81,1,6,30,233.5,117.5,586.6,154.3,29.73,29.71,29.52,29.7,29.73,29.71,0,0,0,0,0,0,,,,,,,,,,,,
2026-07-27T20:37:59,1.8184,1,6,30,230.9,138.3,586.6,154.6,29.76,29.7,29.7,29.71,29.7,29.71,0,0,0,0,0,0,28.0,28.5,26.5,26.8,29.5,26.7,29,51,-64,-104,70,8
2026-07-27T20:38:29,1.8267,1,6,30,238.8,139.2,586.6,153.9,29.73,29.71,29.81,29.75,29.7,29.74,0,0,0,0,0,0,,,,,,,,,,,,
2026-07-27T20:38:59,1.8351,1,6,30,236.2,136.8,586.6,154.3,29.71,29.71,29.71,29.71,29.71,29.73,0,0,0,0,0,0,26.9,23.1,26.6,21.2,24.0,25.4,-24,-23,63,64,142,34
2026-07-27T20:39:29,1.8434,1,6,30,228.9,140.0,586.6,153.4,29.69,29.73,29.71,29.71,29.73,29.7,0,0,0,0,0,0,,,,,,,,,,,,
2026-07-27T20:39:59,1.8517,1,6,30,233.5,141.6,586.6,154.0,29.71,29.73,29.73,29.7,29.72,29.7,0,0,0,0,0,0,26.4,26.5,24.2,23.1,24.4,25.7,38,22,-28,-8,-40,33
2026-07-27T20:40:29,1.8601,1,6,30,223.1,139.8,586.6,154.1,29.64,29.71,29.69,29.71,29.7,29.68,0,0,0,0,0,0,,,,,,,,,,,,
2026-07-27T20:40:59,1.8684,1,6,30,236.2,137.9,586.6,153.5,29.71,29.7,29.71,29.71,29.7,29.72,0,0,0,0,0,0,30.0,29.9,17.8,25.0,20.0,18.7,8,70,-38,22,-7,-4
2026-07-27T20:41:29,1.8768,1,6,30,261.3,127.7,586.6,152.8,29.71,29.53,29.7,29.68,29.7,29.71,0,0,0,0,0,0,,,,,,,,,,,,
2026-07-27T20:41:59,1.8851,1,6,30,244.1,124.8,586.6,153.0,29.73,29.71,29.71,29.73,29.69,29.73,0,0,0,0,0,0,29.1,28.1,24.2,26.4,24.3,26.5,4,52,-7,-17,-24,17
2026-07-27T20:42:29,1.8934,1,6,30,243.4,143.0,586.6,153.4,29.7,29.69,29.71,29.72,29.52,29.73,0,0,0,0,0,0,,,,,,,,,,,,
2026-07-27T20:42:59,1.9018,1,6,30,230.9,142.8,586.6,153.2,29.71,29.73,29.71,29.69,29.73,29.7,0,0,0,0,0,0,25.5,21.1,26.5,26.0,27.2,21.8,-29,-60,5,35,29,21
2026-07-27T20:43:29,1.9101,1,6,30,230.9,139.7,586.6,154.2,29.34,29.72,29.49,29.11,29.51,29.54,0,0,0,0,0,0,,,,,,,,,,,,
2026-07-27T20:43:59,1.9185,1,6,30,230.8,141.2,586.6,152.6,29.71,29.72,29.69,29.67,29.7,29.71,0,0,0,0,0,0,25.9,28.4,22.7,28.0,26.7,26.1,-17,60,-84,71,10,-22
2026-07-27T20:44:29,1.9268,1,6,30,239.3,141.2,586.6,153.6,29.51,29.71,29.55,29.29,29.47,29.72,0,0,0,0,0,0,,,,,,,,,,,,
2026-07-27T20:44:59,1.9351,1,6,30,233.6,140.4,586.6,154.9,29.72,29.7,29.71,29.7,29.54,29.74,0,0,0,0,0,0,27.9,26.7,28.4,29.3,25.7,26.8,45,56,-27,-11,21,-34
2026-07-27T20:45:29,1.9435,1,6,30,244.0,139.3,586.6,154.8,29.76,29.51,29.78,29.38,29.69,29.71,0,0,0,0,0,0,,,,,,,,,,,,
2026-07-27T20:45:59,1.9518,1,6,30,241.6,136.8,586.6,154.1,29.7,29.67,29.7,29.73,29.7,29.71,0,0,0,0,0,0,25.9,22.5,25.5,26.4,23.7,26.9,-51,-101,35,-9,-28,88
2026-07-27T20:46:29,1.9602,1,6,30,225.8,137.4,586.6,154.0,29.51,29.69,29.71,29.7,29.73,29.65,0,0,0,0,0,0,,,,,,,,,,,,
2026-07-27T20:46:59,1.9685,1,6,30,252.5,131.8,586.6,153.0,29.7,29.66,29.86,29.71,29.68,29.62,0,0,0,0,0,0,29.0,26.8,26.5,23.6,23.4,24.9,-3,-18,-53,-18,-29,-43
2026-07-27T20:47:29,1.9769,1,6,30,233.6,139.0,586.6,152.1,29.69,29.71,29.71,29.7,29.7,29.71,0,0,0,0,0,0,,,,,,,,,,,,
2026-07-27T20:47:59,1.9852,1,6,30,236.0,135.9,586.6,152.7,29.71,29.78,29.51,29.51,29.51,29.7,0,0,0,0,0,0,26.7,21.8,24.6,22.6,21.3,21.2,-2,-22,-20,-26,1,51
2026-07-27T20:48:29,1.9935,1,6,30,244.0,137.3,586.6,153.5,29.71,29.7,29.72,29.71,29.73,29.73,0,0,0,0,0,0,,,,,,,,,,,,
2026-07-27T20:48:59,2.0019,1,6,30,236.0,134.9,586.6,154.7,29.67,29.7,29.79,29.73,29.7,29.71,0,0,0,0,0,0,25.9,26.2,22.2,26.6,24.1,23.4,-81,47,103,50,-100,-8
2026-07-27T20:49:29,2.0102,1,6,30,241.3,134.0,586.6,155.4,29.71,29.71,29.74,29.73,29.74,29.71,0,0,0,0,0,0,,,,,,,,,,,,
2026-07-27T20:49:59,2.0186,1,6,30,225.1,139.2,586.6,154.7,29.69,29.72,29.71,29.71,29.73,29.71,0,0,0,0,0,0,29.0,23.3,27.1,26.5,25.7,25.7,-11,0,0,-7,30,-44
2026-07-27T20:50:29,2.0269,1,6,30,238.7,136.3,586.6,154.6,29.86,29.7,29.74,29.51,29.7,29.71,0,0,0,0,0,0,,,,,,,,,,,,
2026-07-27T20:50:59,2.0352,1,6,30,244.0,133.4,586.6,153.6,29.73,29.69,29.71,29.71,29.7,29.7,0,0,0,0,0,0,25.2,24.7,27.6,27.8,22.3,21.1,39,-17,76,53,-3,-71
2026-07-27T20:51:29,2.0436,1,6,30,241.4,134.5,586.6,154.8,29.71,29.7,29.72,29.66,29.71,29.68,0,0,0,0,0,0,,,,,,,,,,,,
2026-07-27T20:51:59,2.0519,1,6,30,223.0,134.7,586.6,156.5,29.71,29.8,29.71,29.72,29.72,29.73,0,0,0,0,0,0,24.3,20.9,30.3,24.1,21.8,21.7,-121,-20,44,5,-62,-35
2026-07-27T20:52:29,2.0603,1,6,30,243.9,131.4,586.6,156.8,29.74,29.72,29.78,29.73,29.7,29.72,0,0,0,0,0,0,,,,,,,,,,,,
2026-07-27T20:52:59,2.0686,1,6,30,238.9,130.9,586.6,157.6,29.7,29.69,29.7,29.72,29.7,29.72,0,0,0,0,0,0,22.2,26.5,24.2,30.2,29.4,25.2,78,-12,-31,-62,55,68
2026-07-27T20:53:29,2.0769,1,6,30,247.4,126.2,586.6,156.2,29.71,29.73,29.69,29.54,29.72,29.71,0,0,0,0,0,0,,,,,,,,,,,,
2026-07-27T20:53:59,2.0853,1,6,30,252.6,111.9,586.6,155.2,29.71,29.74,29.74,29.73,29.71,29.71,0,0,0,0,0,0,24.1,19.7,25.2,24.7,26.8,21.9,-7,-74,-49,-82,-10,-74
2026-07-27T20:54:29,2.0936,1,6,30,230.6,123.1,586.6,154.6,29.69,29.69,29.51,29.72,29.73,29.69,0,0,0,0,0,0,,,,,,,,,,,,
2026-07-27T20:55:00,2.102,1,6,30,244.2,133.7,586.6,153.5,29.71,29.74,29.72,29.71,29.51,29.73,0,0,0,0,0,0,25.7,27.2,24.0,26.4,27.0,25.0,4,-51,61,100,135,-7
2026-07-27T20:55:30,2.1103,1,6,30,235.0,135.0,586.6,153.3,29.7,29.76,29.71,29.72,29.71,29.71,0,0,0,0,0,0,,,,,,,,,,,,
2026-07-27T20:56:00,2.1187,1,6,30,253.2,131.7,586.6,154.2,29.53,29.7,29.73,29.69,29.71,29.76,0,0,0,0,0,0,24.3,22.9,25.1,25.2,27.8,22.2,11,-24,47,-13,46,149
2026-07-27T20:56:30,2.127,1,6,30,250.5,117.8,586.6,153.9,29.72,29.65,29.71,29.75,29.51,29.71,0,0,0,0,0,0,,,,,,,,,,,,
2026-07-27T20:57:00,2.1353,1,6,30,253.3,119.6,586.6,153.4,29.71,29.71,29.52,29.71,29.71,29.51,0,0,0,0,0,0,20.9,26.0,25.8,25.6,27.2,25.4,22,126,-28,-14,-10,12
2026-07-27T20:57:30,2.1437,1,6,30,250.4,116.6,586.6,153.6,29.71,29.78,29.73,29.71,29.7,29.71,0,0,0,0,0,0,,,,,,,,,,,,
2026-07-27T20:58:00,2.152,1,6,30,250.4,118.4,586.6,153.0,29.71,29.71,29.73,29.71,29.7,29.7,0,0,0,0,0,0,23.3,24.3,26.5,29.1,24.8,27.0,85,37,-4,-34,-15,6
2026-07-27T20:58:30,2.1604,1,6,30,250.5,118.1,586.6,153.9,29.67,29.69,29.71,29.69,29.73,29.71,0,0,0,0,0,0,,,,,,,,,,,,
2026-07-27T20:59:00,2.1687,1,6,30,253.0,121.6,586.6,156.3,29.71,29.71,29.71,29.72,29.71,29.7,0,0,0,0,0,0,22.8,23.3,25.2,26.2,26.4,23.7,-27,11,-33,-7,-34,68
2026-07-27T20:59:30,2.177,1,6,30,245.2,122.8,586.6,154.6,29.57,29.71,29.69,29.71,29.47,29.73,0,0,0,0,0,0,,,,,,,,,,,,
2026-07-27T21:00:00,2.1854,1,6,30,233.5,122.5,586.6,155.4,29.75,29.7,29.71,29.73,29.69,29.71,0,0,0,0,0,0,26.8,25.3,26.7,25.2,28.2,26.3,52,47,-12,16,-6,-29
2026-07-27T21:00:30,2.1937,1,6,30,246.8,135.1,586.6,155.6,29.71,29.71,29.7,29.68,29.71,29.73,0,0,0,0,0,0,,,,,,,,,,,,
2026-07-27T21:01:00,2.2021,1,6,30,230.9,138.9,586.6,155.9,29.7,29.75,29.75,29.76,29.71,29.71,0,0,0,0,0,0,23.0,22.6,28.3,25.0,25.3,24.8,-92,-78,-55,-5,-95,-90
2026-07-27T21:01:30,2.2104,1,6,30,233.5,138.8,586.6,156.5,29.71,29.69,29.71,29.51,29.71,29.69,0,0,0,0,0,0,,,,,,,,,,,,
2026-07-27T21:02:00,2.2187,1,6,30,233.5,136.5,586.6,157.6,29.48,29.7,29.69,29.7,29.7,29.71,0,0,0,0,0,0,23.9,27.3,23.3,24.7,26.6,27.4,39,36,0,25,21,9
2026-07-27T21:02:30,2.2271,1,6,30,244.1,143.4,586.6,153.7,29.72,29.73,29.72,29.71,29.5,29.69,0,0,0,0,0,0,,,,,,,,,,,,
2026-07-27T21:03:00,2.2354,1,6,30,229.8,142.5,586.6,153.5,29.73,29.31,29.78,29.86,29.71,29.52,0,0,0,0,0,0,26.6,25.7,26.5,29.3,25.7,27.4,43,50,-70,42,-16,37
2026-07-27T21:03:30,2.2438,1,6,30,223.1,138.8,586.6,155.4,29.72,29.5,29.72,29.53,29.7,29.71,0,0,0,0,0,0,,,,,,,,,,,,
2026-07-27T21:04:00,2.2521,1,6,30,242.1,138.9,586.6,157.0,29.66,29.69,29.71,29.74,29.48,29.71,0,0,0,0,0,0,24.1,24.9,26.3,28.6,20.7,27.0,-38,-46,39,5,40,-15
2026-07-27T21:04:30,2.2605,1,6,30,252.7,133.5,586.6,157.6,29.74,29.78,29.71,29.71,29.71,29.75,0,0,0,0,0,0,,,,,,,,,,,,
2026-07-27T21:05:00,2.2688,1,6,30,241.3,126.2,586.6,157.3,29.72,29.71,29.72,29.69,29.74,29.52,0,0,0,0,0,0,24.7,23.8,23.6,25.2,27.4,22.0,-10,-8,-3,-42,-24,-19
2026-07-27T21:05:30,2.2771,1,6,30,238.6,135.6,586.6,155.7,29.71,29.71,29.66,29.69,29.7,29.72,0,0,0,0,0,0,,,,,,,,,,,,
2026-07-27T21:06:00,2.2855,1,6,30,253.1,124.7,586.6,154.7,29.71,29.72,29.51,29.51,29.52,29.7,0,0,0,0,0,0,25.8,23.8,25.9,22.9,22.4,21.1,-1,-27,-61,-6,15,-9
2026-07-27T21:06:30,2.2938,1,6,30,253.1,118.2,586.6,153.5,29.72,29.69,29.71,29.72,29.71,29.73,0,0,0,0,0,0,,,,,,,,,,,,
2026-07-27T21:07:00,2.3022,1,6,30,253.3,115.7,586.6,154.3,29.67,29.71,29.75,29.79,29.7,29.72,0,0,0,0,0,0,24.3,26.4,25.3,29.8,23.0,26.3,26,69,56,97,42,37
2026-07-27T21:07:30,2.3105,1,6,30,244.0,128.3,586.6,155.7,29.69,29.67,29.72,29.51,29.7,29.47,0,0,0,0,0,0,,,,,,,,,,,,
2026-07-27T21:08:00,2.3188,1,6,30,239.8,133.0,586.6,155.5,29.71,29.7,29.71,29.75,29.74,29.71,0,0,0,0,0,0,25.3,22.2,20.5,25.9,20.7,22.9,-116,-132,-35,-33,-184,-59
2026-07-27T21:08:30,2.3272,1,6,30,236.2,131.4,586.6,156.1,29.71,29.54,29.69,29.7,29.7,29.7,0,0,0,0,0,0,,,,,,,,,,,,
2026-07-27T21:09:00,2.3355,1,6,30,244.2,130.1,586.6,155.1,29.71,29.71,29.72,29.7,29.71,29.73,0,0,0,0,0,0,26.3,23.9,25.4,30.7,25.3,22.6,20,-26,-2,-4,105,-34
2026-07-27T21:09:30,2.3439,1,6,30,223.0,131.4,586.6,154.4,29.71,29.72,29.71,29.7,29.7,29.7,0,0,0,0,0,0,,,,,,,,,,,,
2026-07-27T21:10:00,2.3522,1,6,30,230.8,136.7,586.6,153.6,29.71,29.71,29.71,29.71,29.7,29.72,0,0,0,0,0,0,20.0,23.1,27.3,28.8,25.4,22.7,-57,-8,35,52,11,-17
2026-07-27T21:10:30,2.3605,1,6,30,230.8,140.7,586.6,153.6,29.71,29.71,29.71,29.76,29.72,29.71,0,0,0,0,0,0,,,,,,,,,,,,
2026-07-27T21:11:00,2.3689,1,6,30,223.1,137.3,586.6,154.4,29.73,29.71,29.69,29.63,29.71,29.71,0,0,0,0,0,0,28.1,24.7,25.3,27.7,24.1,27.2,84,-44,103,70,160,-34
2026-07-27T21:11:30,2.3772,1,6,30,238.7,131.8,586.6,155.5,29.73,29.7,29.8,29.71,29.71,29.73,0,0,0,0,0,0,,,,,,,,,,,,
2026-07-27T21:12:00,2.3856,1,6,30,255.7,119.1,586.6,155.3,29.7,29.71,29.72,29.7,29.72,29.76,0,0,0,0,0,0,21.7,23.9,24.6,23.7,25.7,31.2,-95,47,-87,-147,-89,63
2026-07-27T21:12:31,2.3939,1,6,30,228.0,121.0,586.6,155.2,29.7,29.71,29.74,29.71,29.7,29.71,0,0,0,0,0,0,,,,,,,,,,,,
2026-07-27T21:13:01,2.4023,1,6,30,238.3,135.0,586.6,155.4,29.69,29.7,29.5,29.5,29.72,29.5,0,0,0,0,0,0,25.8,28.5,26.6,27.3,25.9,25.3,0,-7,-1,-55,-47,-51
2026-07-27T21:13:31,2.4106,1,6,30,223.1,138.8,586.6,153.7,29.69,29.69,29.69,29.71,29.71,29.75,0,0,0,0,0,0,,,,,,,,,,,,
2026-07-27T21:14:01,2.4189,1,6,30,225.9,137.8,586.6,153.4,29.69,29.72,29.7,29.71,29.67,29.71,0,0,0,0,0,0,22.8,25.1,24.9,23.3,27.8,27.0,114,130,3,2,28,90
2026-07-27T21:14:31,2.4273,1,6,30,233.5,133.9,586.6,154.9,29.75,29.53,29.51,29.75,29.5,29.47,0,0,0,0,0,0,,,,,,,,,,,,
2026-07-27T21:15:01,2.4356,1,6,30,248.0,120.3,586.6,154.7,29.73,29.7,29.69,29.73,29.71,29.72,0,0,0,0,0,0,22.2,22.3,25.8,26.2,26.7,22.7,-25,-5,18,-34,59,51
2026-07-27T21:15:31,2.444,1,6,30,250.4,124.9,586.6,152.3,29.51,29.69,29.7,29.71,29.73,29.77,0,0,0,0,0,0,,,,,,,,,,,,
2026-07-27T21:16:01,2.4523,1,6,30,250.4,124.3,586.6,151.9,29.7,29.7,29.73,29.7,29.7,29.7,0,0,0,0,0,0,25.5,23.3,26.4,25.1,29.2,24.7,149,117,10,48,91,22
2026-07-27T21:16:31,2.4606,1,6,30,250.6,119.4,586.6,152.3,29.71,29.71,29.71,29.73,29.7,29.7,0,0,0,0,0,0,,,,,,,,,,,,
2026-07-27T21:17:01,2.469,1,6,30,236.2,131.1,586.6,152.8,29.72,29.69,29.5,29.71,29.7,29.76,0,0,0,0,0,0,25.5,26.3,24.6,27.2,28.6,29.3,39,-4,5,2,-17,33
2026-07-27T21:17:31,2.4773,1,6,30,249.4,143.7,586.6,152.9,29.71,29.73,29.73,29.7,29.7,29.7,0,0,0,0,0,0,,,,,,,,,,,,
2026-07-27T21:18:01,2.4857,1,6,30,231.4,149.5,586.6,151.8,29.73,29.74,29.71,29.7,29.71,29.71,0,0,0,0,0,0,28.4,27.0,25.5,28.4,27.0,23.4,20,7,-13,-31,-26,-51
2026-07-27T21:18:31,2.494,1,6,30,233.5,141.5,586.6,154.1,29.75,29.71,29.71,29.71,29.71,29.7,0,0,0,0,0,0,,,,,,,,,,,,
2026-07-27T21:19:01,2.5023,1,6,30,230.8,136.8,586.6,153.2,29.77,29.71,29.71,29.51,29.75,29.71,0,0,0,0,0,0,29.0,25.4,22.6,24.7,25.8,26.3,-31,-63,-43,32,30,50
2026-07-27T21:19:31,2.5107,1,6,30,246.8,138.4,586.6,154.6,29.7,29.72,29.69,29.71,29.7,29.72,0,0,0,0,0,0,,,,,,,,,,,,
2026-07-27T21:20:01,2.519,1,6,30,241.5,140.7,586.6,153.9,29.72,29.74,29.75,29.52,29.69,29.73,0,0,0,0,0,0,26.6,24.0,24.7,25.0,25.6,21.1,-65,-48,-74,-68,-178,-68
2026-07-27T21:20:31,2.5274,1,6,30,233.8,136.7,586.6,152.2,29.71,29.71,29.7,29.71,29.73,29.74,0,0,0,0,0,0,,,,,,,,,,,,
2026-07-27T21:21:01,2.5357,1,6,30,244.3,140.8,586.6,152.2,29.7,29.71,29.7,29.71,29.71,29.69,0,0,0,0,0,0,21.9,20.9,27.9,23.1,22.7,20.0,17,33,9,51,21,36
2026-07-27T21:21:31,2.5441,1,6,30,238.7,140.1,586.6,153.4,29.74,29.73,29.74,29.72,29.66,29.71,0,0,0,0,0,0,,,,,,,,,,,,
2026-07-27T21:22:01,2.5524,1,6,30,234.7,138.2,586.6,153.2,29.73,29.71,29.73,29.71,29.71,29.71,0,0,0,0,0,0,26.4,28.0,28.6,25.6,30.5,25.0,38,53,44,77,-12,58
2026-07-27T21:22:31,2.5607,1,6,30,244.0,141.7,586.6,152.9,29.69,29.71,29.69,29.71,29.7,29.71,0,0,0,0,0,0,,,,,,,,,,,,
2026-07-27T21:23:01,2.5691,1,6,30,244.0,142.5,586.6,153.0,29.7,29.71,29.71,29.7,29.7,29.72,0,0,0,0,0,0,26.7,25.4,25.7,23.7,28.0,24.8,-29,-66,-21,-25,-23,-88
2026-07-27T21:23:31,2.5774,1,6,30,241.4,136.0,586.6,153.7,29.71,29.7,29.72,29.71,29.71,29.67,0,0,0,0,0,0,,,,,,,,,,,,
2026-07-27T21:24:01,2.5858,1,6,30,241.4,134.4,586.6,153.9,29.72,29.7,29.82,29.75,29.77,29.73,0,0,0,0,0,0,26.6,23.4,22.9,24.8,24.1,23.9,51,23,22,48,-17,41
2026-07-27T21:24:31,2.5941,1,6,30,238.8,134.0,586.6,153.9,29.66,29.68,29.71,29.7,29.71,29.67,0,0,0,0,0,0,,,,,,,,,,,,
2026-07-27T21:25:01,2.6024,1,6,30,230.9,134.5,586.6,154.8,29.73,29.53,29.74,29.72,29.71,29.51,0,0,0,0,0,0,23.9,27.5,21.5,29.9,25.7,24.1,-88,-72,-93,-86,-13,-136
2026-07-27T21:25:31,2.6108,1,6,30,238.6,139.7,586.6,153.9,29.72,29.7,29.71,29.67,29.7,29.69,0,0,0,0,0,0,,,,,,,,,,,,
2026-07-27T21:26:01,2.6191,1,6,30,258.3,116.9,586.6,153.7,29.72,29.71,29.71,29.71,29.72,29.71,0,0,0,0,0,0,25.6,22.8,23.2,25.3,27.8,23.3,-27,23,81,86,59,26
2026-07-27T21:26:31,2.6275,1,6,30,244.0,124.3,586.6,155.0,29.68,29.7,29.77,29.78,29.72,29.72,0,0,0,0,0,0,,,,,,,,,,,,
2026-07-27T21:27:01,2.6358,1,6,30,258.2,122.0,586.6,154.4,29.71,29.72,29.73,29.72,29.71,29.74,0,0,0,0,0,0,21.8,24.0,23.1,24.6,22.9,23.9,32,-20,-22,46,88,-29
2026-07-27T21:27:31,2.6441,1,6,30,236.8,118.5,586.6,154.2,29.49,29.72,29.72,29.75,29.53,29.53,0,0,0,0,0,0,,,,,,,,,,,,
2026-07-27T21:28:01,2.6525,1,6,30,223.1,137.0,586.6,153.9,29.72,29.73,29.72,29.7,29.73,29.77,0,0,0,0,0,0,23.4,24.4,27.6,26.3,25.1,27.2,-52,-55,72,16,-74,7
2026-07-27T21:28:31,2.6608,1,6,30,225.4,140.0,586.6,152.9,29.71,29.74,29.71,29.73,29.71,29.72,0,0,0,0,0,0,,,,,,,,,,,,
2026-07-27T21:29:01,2.6692,1,6,30,233.5,136.5,586.6,153.1,29.7,29.71,29.71,29.72,29.71,29.7,0,0,0,0,0,0,26.1,23.2,24.6,24.5,24.3,23.6,22,15,23,-68,22,87
2026-07-27T21:29:31,2.6775,1,6,30,244.1,127.7,586.6,153.4,28.53,27.9,27.61,27.67,27.89,27.69,0,0,0,0,0,0,,,,,,,,,,,,
2026-07-27T21:30:01,2.6859,1,6,30,264.0,115.9,586.6,155.4,29.73,29.28,29.73,29.73,29.68,29.8,0,0,0,0,0,0,24.6,27.8,24.8,26.3,24.9,30.3,-113,-22,-135,-30,-93,-67
2026-07-27T21:30:32,2.6942,1,6,30,233.5,119.1,586.6,154.7,29.73,29.76,29.76,29.74,29.69,29.76,0,0,0,0,0,0,,,,,,,,,,,,
2026-07-27T21:31:02,2.7025,1,6,30,234.9,133.8,586.6,154.8,29.7,29.71,29.56,29.69,29.7,29.68,0,0,0,0,0,0,27.4,27.0,28.6,25.8,27.1,28.3,11,-8,51,-20,61,-37
2026-07-27T21:31:32,2.7109,1,6,30,230.4,133.0,586.6,154.8,29.68,29.66,29.71,29.7,29.5,29.72,0,0,0,0,0,0,,,,,,,,,,,,
2026-07-27T21:32:02,2.7192,1,6,30,246.6,134.4,586.6,155.0,29.7,29.71,29.6,29.58,29.66,29.61,0,0,0,0,0,0,23.2,25.5,25.2,28.8,25.7,26.5,59,29,21,6,11,61
2026-07-27T21:32:32,2.7276,1,6,30,241.5,138.7,586.6,154.5,29.71,29.73,29.7,29.71,29.73,29.7,0,0,0,0,0,0,,,,,,,,,,,,
2026-07-27T21:33:02,2.7359,1,6,30,261.6,126.3,586.6,154.6,29.76,29.72,29.8,29.71,29.7,29.72,0,0,0,0,0,0,23.0,22.4,24.4,21.4,24.3,21.2,5,41,21,-96,5,-17
2026-07-27T21:33:32,2.7442,1,6,30,244.1,137.1,586.6,154.9,29.52,29.7,29.57,29.71,29.73,29.73,0,0,0,0,0,0,,,,,,,,,,,,
2026-07-27T21:34:02,2.7526,1,6,30,243.9,141.6,586.6,153.7,29.7,29.72,29.7,29.73,29.71,29.74,0,0,0,0,0,0,26.9,24.8,25.7,24.5,27.6,24.8,-14,-42,-69,5,32,2
2026-07-27T21:34:32,2.7609,1,6,30,241.5,132.8,586.6,155.7,29.37,29.71,29.7,29.72,29.72,29.52,0,0,0,0,0,0,,,,,,,,,,,,
2026-07-27T21:35:02,2.7693,1,6,30,230.0,123.2,586.6,156.4,29.53,29.29,29.33,29.51,29.54,29.74,0,0,0,0,0,0,22.3,24.6,25.6,24.6,23.5,28.7,45,39,12,23,47,35
2026-07-27T21:35:32,2.7776,1,6,30,241.7,137.0,586.6,153.4,29.68,29.71,29.71,29.69,29.7,29.72,0,0,0,0,0,0,,,,,,,,,,,,
2026-07-27T21:36:02,2.7859,1,6,30,224.2,137.6,586.6,154.7,29.68,29.72,29.69,29.69,29.7,29.69,0,0,0,0,0,0,25.3,23.1,25.1,26.4,28.5,25.8,-15,-22,-37,-22,-67,-30
2026-07-27T21:36:32,2.7943,1,6,30,255.1,137.7,586.6,155.5,29.7,29.7,29.59,29.7,29.7,29.71,0,0,0,0,0,0,,,,,,,,,,,,
2026-07-27T21:37:02,2.8026,1,6,30,223.1,133.0,586.6,154.2,29.71,29.79,29.7,29.74,29.71,29.71,0,0,0,0,0,0,24.2,25.5,25.8,24.5,26.2,25.3,53,70,114,26,41,77
2026-07-27T21:37:32,2.811,1,6,30,247.4,134.0,586.6,154.3,29.66,29.7,29.63,29.75,29.7,29.71,0,0,0,0,0,0,,,,,,,,,,,,
2026-07-27T21:38:02,2.8193,1,6,30,247.8,118.2,586.6,154.5,28.94,29.11,29.73,29.12,29.76,28.32,0,0,0,0,0,0,26.0,23.1,24.9,26.2,24.7,24.2,11,34,16,20,12,-7
2026-07-27T21:38:32,2.8277,1,6,30,245.0,118.5,586.6,154.0,29.71,29.71,29.39,29.76,29.74,29.74,0,0,0,0,0,0,,,,,,,,,,,,
2026-07-27T21:39:02,2.836,1,6,30,244.0,120.4,586.6,154.9,29.11,29.51,29.68,29.29,29.7,29.52,0,0,0,0,0,0,19.3,22.3,25.6,25.2,24.0,19.3,-69,-77,-48,-3,-155,29
2026-07-27T21:39:32,2.8443,1,6,30,241.7,132.2,587.4,166.9,29.68,29.6,29.51,29.47,29.69,29.69,0,0,0,0,0,0,,,,,,,,,,,,
2026-07-27T21:40:02,2.8527,1,6,30,239.2,129.7,587.4,155.4,29.73,29.5,29.13,29.58,29.57,29.71,0,0,0,0,0,0,26.4,23.6,25.1,24.2,27.3,30.4,-10,-53,-50,-48,-4,-46
2026-07-27T21:40:32,2.861,1,6,30,223.3,127.0,587.4,154.7,29.71,29.72,29.72,29.71,29.7,29.71,0,0,0,0,0,0,,,,,,,,,,,,
2026-07-27T21:41:02,2.8694,1,6,30,233.8,130.1,587.4,155.4,29.5,29.08,29.51,29.73,29.48,29.49,0,0,0,0,0,0,29.6,24.5,26.3,30.5,25.2,28.1,-61,-69,-21,-45,-70,-81
2026-07-27T21:41:32,2.8777,1,6,30,249.5,133.2,587.4,155.6,29.5,29.7,29.71,29.62,29.72,29.7,0,0,0,0,0,0,,,,,,,,,,,,
2026-07-27T21:42:02,2.886,1,6,30,234.0,130.5,587.4,156.1,29.65,29.7,29.68,29.71,29.71,29.69,0,0,0,0,0,0,24.2,25.8,26.1,21.3,25.2,22.4,106,40,43,42,80,-5
2026-07-27T21:42:32,2.8944,1,6,30,248.1,129.6,587.4,153.9,29.71,29.74,29.71,29.7,29.68,29.77,0,0,0,0,0,0,,,,,,,,,,,,
2026-07-27T21:43:02,2.9027,1,6,30,229.4,122.2,587.4,153.4,29.68,29.75,29.7,29.7,29.7,29.7,0,0,0,0,0,0,24.3,23.9,25.7,28.3,25.1,26.3,-17,-8,-18,47,-17,50
2026-07-27T21:43:32,2.9111,1,6,30,233.2,116.4,587.4,155.3,29.52,29.68,29.69,29.5,29.74,29.73,0,0,0,0,0,0,,,,,,,,,,,,
2026-07-27T21:44:02,2.9194,1,6,30,236.4,135.7,587.4,153.8,29.7,29.77,29.7,29.72,29.7,29.41,0,0,0,0,0,0,27.0,19.2,24.8,27.2,20.7,22.4,-8,-75,-22,-20,18,-87
2026-07-27T21:44:32,2.9277,1,6,30,253.0,116.2,587.4,154.5,29.74,29.72,29.7,29.71,29.68,29.71,0,0,0,0,0,0,,,,,,,,,,,,
2026-07-27T21:45:02,2.9361,1,6,30,239.0,111.0,587.4,155.7,29.44,29.67,29.33,29.73,29.67,29.52,0,0,0,0,0,0,21.8,19.3,25.4,25.9,21.8,24.5,-29,79,49,8,48,51
2026-07-27T21:45:32,2.9444,1,6,30,233.8,127.7,587.4,154.6,29.8,29.7,29.68,29.74,29.7,29.69,0,0,0,0,0,0,,,,,,,,,,,,
2026-07-27T21:46:02,2.9528,1,6,30,239.1,128.3,587.4,154.3,29.74,29.51,29.71,29.72,29.71,29.56,0,0,0,0,0,0,26.4,27.1,21.5,26.9,28.0,22.6,-89,3,-124,25,-90,-97
2026-07-27T21:46:32,2.9611,1,6,30,234.0,130.5,587.4,154.8,29.52,29.71,29.52,29.71,29.51,29.51,0,0,0,0,0,0,,,,,,,,,,,,
2026-07-27T21:47:02,2.9695,1,6,30,238.4,138.0,587.4,153.5,29.74,29.76,29.7,29.7,29.69,29.7,0,0,0,0,0,0,24.9,27.2,22.6,27.3,27.0,25.1,30,64,86,-30,97,61
2026-07-27T21:47:32,2.9778,1,6,30,242.3,127.0,587.4,153.9,29.71,29.69,29.7,29.71,29.71,29.71,0,0,0,0,0,0,,,,,,,,,,,,
2026-07-27T21:48:03,2.9861,1,6,30,242.2,124.4,587.4,154.1,29.71,29.7,29.7,29.68,29.71,29.7,0,0,0,0,0,0,28.1,28.0,26.2,28.7,26.4,25.6,61,72,63,105,91,87
2026-07-27T21:48:33,2.9945,1,6,30,238.0,137.3,587.4,153.5,29.7,29.74,29.7,29.7,29.73,29.71,0,0,0,0,0,0,,,,,,,,,,,,
2026-07-27T21:49:03,3.0028,1,6,30,253.0,125.9,587.4,153.8,29.7,29.73,29.7,29.73,29.74,29.71,0,0,0,0,0,0,28.2,24.0,26.3,28.2,26.5,25.3,29,61,18,23,67,-40
2026-07-27T21:49:33,3.0112,1,6,30,253.0,119.7,587.4,152.7,29.7,29.71,29.71,29.67,29.7,29.7,0,0,0,0,0,0,,,,,,,,,,,,
2026-07-27T21:50:03,3.0195,1,6,30,239.0,123.3,587.4,154.4,29.72,29.72,29.74,29.72,29.65,29.74,0,0,0,0,0,0,26.8,28.5,26.8,28.2,27.1,29.7,20,65,80,-44,-26,130
2026-07-27T21:50:33,3.0278,1,6,30,234.1,123.1,587.4,154.5,29.7,29.69,29.93,29.89,29.7,29.71,0,0,0,0,0,0,,,,,,,,,,,,
2026-07-27T21:51:03,3.0362,1,6,30,231.0,133.8,587.4,154.4,29.47,29.67,29.68,29.78,29.69,29.5,0,0,0,0,0,0,24.4,25.9,25.9,25.4,29.1,21.4,-53,-69,-51,-71,-88,-101
2026-07-27T21:51:33,3.0445,1,6,30,239.4,127.9,587.4,154.5,29.71,29.69,29.72,29.7,29.71,29.51,0,0,0,0,0,0,,,,,,,,,,,,
2026-07-27T21:52:03,3.0529,1,6,30,239.2,124.6,587.4,152.8,29.66,29.53,29.74,29.73,29.53,29.7,0,0,0,0,0,0,25.1,25.0,23.8,25.8,28.0,24.3,-7,-89,-39,-22,-1,-18
2026-07-27T21:52:33,3.0612,1,6,30,247.2,131.7,587.4,153.1,29.71,29.72,29.71,29.54,29.74,29.71,0,0,0,0,0,0,,,,,,,,,,,,
2026-07-27T21:53:03,3.0695,1,6,30,244.2,136.6,587.4,152.7,29.71,29.7,29.71,29.69,29.7,29.71,0,0,0,0,0,0,25.3,25.8,25.8,17.1,20.3,24.9,15,28,-42,-47,47,-2
2026-07-27T21:53:33,3.0779,1,6,30,231.1,139.0,587.4,152.4,29.72,29.69,29.73,29.71,29.71,29.72,0,0,0,0,0,0,,,,,,,,,,,,
2026-07-27T21:54:03,3.0862,1,6,30,239.3,136.3,587.4,152.9,29.51,29.7,29.73,29.69,29.73,29.7,0,0,0,0,0,0,21.7,28.0,24.6,23.5,27.0,24.9,-2,-9,-14,28,-10,70
2026-07-27T21:54:33,3.0946,1,6,30,258.7,116.6,587.4,153.8,29.7,29.51,29.48,29.56,29.74,29.72,0,0,0,0,0,0,24.5,29.4,27.7,23.1,29.3,28.8,5,-4,-2,-47,-78,11
2026-07-27T21:55:03,3.1029,1,6,30,258.9,116.4,587.4,153.4,29.72,29.71,29.7,29.72,29.71,29.7,0,0,0,0,0,0,,,,,,,,,,,,
2026-07-27T21:55:33,3.1113,1,6,30,264.3,117.3,587.4,153.3,29.72,29.76,29.52,29.65,29.71,29.7,0,0,0,0,0,0,28.1,26.4,25.3,24.7,27.3,22.0,81,-16,37,52,48,-22
2026-07-27T21:56:03,3.1196,1,6,30,246.9,122.0,587.4,154.8,29.54,29.73,29.66,29.67,29.71,29.69,0,0,0,0,0,0,,,,,,,,,,,,
2026-07-27T21:56:33,3.1279,1,6,30,264.4,125.3,587.4,154.9,29.73,29.67,29.73,29.12,29.51,29.48,0,0,0,0,0,0,26.5,23.0,23.8,24.2,21.5,27.9,-78,-51,-24,-20,-71,-42
2026-07-27T21:57:03,3.1363,1,6,30,244.3,127.9,587.4,152.8,29.73,29.71,29.71,29.71,29.7,29.73,0,0,0,0,0,0,,,,,,,,,,,,
2026-07-27T21:57:33,3.1446,1,6,30,223.4,138.1,587.4,155.4,29.7,29.67,29.7,29.7,29.73,29.7,0,0,0,0,0,0,25.9,24.3,26.6,21.8,25.0,23.0,55,12,111,14,-5,24
2026-07-27T21:58:03,3.153,1,6,30,223.3,139.1,587.4,153.7,29.7,29.68,29.72,29.71,29.71,29.69,0,0,0,0,0,0,,,,,,,,,,,,
2026-07-27T21:58:33,3.1613,1,6,30,246.2,135.9,587.4,153.3,29.7,29.71,29.71,29.71,29.71,29.7,0,0,0,0,0,0,24.2,24.7,24.9,27.6,23.4,25.6,-24,-6,-70,53,-18,3
2026-07-27T21:59:03,3.1696,1,6,30,241.6,137.6,587.4,152.6,29.71,29.73,29.73,29.72,29.71,29.72,0,0,0,0,0,0,,,,,,,,,,,,
2026-07-27T21:59:33,3.178,1,6,30,231.2,137.5,587.4,153.8,29.49,29.79,29.68,29.7,29.72,29.68,0,0,0,0,0,0,26.8,21.8,19.8,24.0,22.4,23.9,-13,-17,25,10,6,-4
2026-07-27T22:00:03,3.1863,1,6,30,226.1,135.9,587.4,154.6,29.75,29.68,29.69,29.32,29.67,29.73,0,0,0,0,0,0,,,,,,,,,,,,
2026-07-27T22:00:33,3.1947,1,6,30,239.4,136.4,587.4,153.0,29.74,29.73,29.71,29.5,29.7,29.74,0,0,0,0,0,0,26.7,27.0,28.6,26.4,22.8,25.8,20,41,34,34,21,10
2026-07-27T22:01:03,3.203,1,6,30,229.0,129.9,587.4,153.7,29.71,29.68,29.7,29.73,29.73,29.7,0,0,0,0,0,0,,,,,,,,,,,,
2026-07-27T22:01:33,3.2113,1,6,30,245.1,116.7,587.4,154.6,29.74,29.67,29.71,29.92,29.77,29.56,0,0,0,0,0,0,25.0,25.7,19.9,25.4,23.4,24.9,-67,18,-90,-40,-55,-43
2026-07-27T22:02:03,3.2197,1,6,30,244.9,116.4,587.4,155.6,29.76,29.74,29.78,29.71,29.75,29.7,0,0,0,0,0,0,,,,,,,,,,,,
2026-07-27T22:02:33,3.228,1,6,30,247.0,125.4,587.4,155.0,29.72,29.71,29.7,29.7,29.76,29.73,0,0,0,0,0,0,21.8,27.0,24.6,29.7,21.9,27.6,-31,-23,-44,24,-15,32
2026-07-27T22:03:03,3.2364,1,6,30,232.1,135.3,587.4,154.7,29.73,29.72,29.71,29.71,29.7,29.72,0,0,0,0,0,0,,,,,,,,,,,,
2026-07-27T22:03:33,3.2447,1,6,30,247.0,131.0,587.4,155.8,29.72,29.74,29.47,29.5,29.7,29.73,0,0,0,0,0,0,22.2,25.7,24.7,25.6,22.2,25.3,6,27,-15,-48,42,-47
2026-07-27T22:04:03,3.253,1,6,30,249.6,130.6,587.4,156.5,29.64,29.67,29.77,29.4,29.54,29.49,0,0,0,0,0,0,,,,,,,,,,,,
2026-07-27T22:04:33,3.2614,1,6,30,253.1,130.7,587.4,155.7,29.58,29.73,29.71,29.6,29.73,29.71,0,0,0,0,0,0,24.0,28.2,24.2,28.4,24.1,24.9,-8,36,39,33,34,-4
2026-07-27T22:05:03,3.2697,1,6,30,250.3,117.1,587.4,155.3,29.68,29.51,29.51,29.7,29.52,29.11,0,0,0,0,0,0,,,,,,,,,,,,
2026-07-27T22:05:33,3.2781,1,6,30,236.9,128.1,587.4,155.6,29.72,29.54,29.78,29.68,29.71,29.69,0,0,0,0,0,0,16.5,28.2,24.2,25.1,24.4,22.9,-13,-20,9,-18,-59,-28
2026-07-27T22:06:04,3.2864,1,6,30,236.3,130.5,587.4,156.2,29.71,29.64,29.51,29.7,29.72,29.71,0,0,0,0,0,0,,,,,,,,,,,,
2026-07-27T22:06:34,3.2948,1,6,30,247.5,122.6,587.4,156.4,29.67,29.65,29.72,29.72,29.7,29.4,0,0,0,0,0,0,24.1,22.9,22.5,28.2,25.3,25.7,9,-3,-70,-60,36,-7
2026-07-27T22:07:04,3.3031,1,6,30,231.2,119.9,587.4,155.1,29.78,29.51,29.51,29.68,29.51,29.66,0,0,0,0,0,0,,,,,,,,,,,,
2026-07-27T22:07:34,3.3114,1,6,30,223.3,129.5,587.4,156.5,29.31,29.73,29.14,29.16,29.29,28.91,0,0,0,0,0,0,24.7,28.3,23.7,24.4,24.2,22.1,-6,5,46,-2,12,-24
2026-07-27T22:08:04,3.3198,1,6,30,250.5,125.6,587.4,156.8,29.69,29.5,29.74,29.54,29.77,29.77,0,0,0,0,0,0,,,,,,,,,,,,
2026-07-27T22:08:34,3.3281,1,6,30,234.4,117.4,587.4,155.5,29.71,29.69,29.69,29.68,29.63,29.72,0,0,0,0,0,0,25.2,21.4,27.8,24.2,27.0,23.3,-1,-10,-10,-19,20,16
2026-07-27T22:09:04,3.3365,1,6,30,258.7,113.4,587.4,155.7,29.15,29.37,29.33,28.92,29.3,29.68,0,0,0,0,0,0,,,,,,,,,,,,
2026-07-27T22:09:34,3.3448,1,6,30,247.0,132.7,587.4,153.9,29.72,29.75,29.69,29.74,29.72,29.72,0,0,0,0,0,0,23.2,25.3,26.0,28.0,19.1,24.1,18,16,30,-6,-31,64
2026-07-27T22:10:04,3.3531,1,6,30,250.6,117.5,587.4,155.0,29.71,29.52,29.52,29.72,29.71,29.51,0,0,0,0,0,0,,,,,,,,,,,,
2026-07-27T22:10:34,3.3615,1,6,30,253.2,118.6,587.4,153.9,29.71,29.71,29.71,29.66,29.71,29.54,0,0,0,0,0,0,29.8,27.0,28.4,23.2,26.8,22.3,43,57,33,76,49,58
2026-07-27T22:11:04,3.3698,1,6,30,253.3,116.7,587.4,153.8,29.7,29.71,29.7,29.73,29.62,29.74,0,0,0,0,0,0,,,,,,,,,,,,
2026-07-27T22:11:34,3.3782,1,6,30,235.7,108.4,507.8,155.7,27.14,29.51,28.04,29.1,29.04,29.16,0,0,0,0,0,0,19.0,18.7,16.9,22.2,20.8,19.7,-32,-102,-32,-91,-78,-65
2026-07-27T22:12:04,3.3865,1,6,30,227.7,119.5,507.8,155.8,29.31,29.51,29.52,29.57,29.3,29.47,0,0,0,0,0,0,,,,,,,,,,,,
2026-07-27T22:12:34,3.3948,1,6,30,230.2,124.2,507.8,155.3,29.7,29.54,29.7,29.73,29.73,29.68,0,0,0,0,0,0,27.8,26.2,29.4,23.1,24.8,24.8,8,29,49,19,38,-43
2026-07-27T22:13:04,3.4032,1,6,30,220.7,130.5,507.8,155.7,29.36,29.53,29.48,29.69,29.52,29.69,0,0,0,0,0,0,,,,,,,,,,,,
2026-07-27T22:13:34,3.4115,1,6,30,216.5,133.8,507.8,155.7,29.7,29.49,29.35,29.53,29.77,29.43,0,0,0,0,0,0,22.7,25.9,24.3,25.5,25.7,22.7,30,-26,-11,10,18,29
2026-07-27T22:14:04,3.4199,1,6,30,229.8,125.5,507.8,156.5,29.28,29.5,29.28,29.68,29.71,29.1,0,0,0,0,0,0,,,,,,,,,,,,
2026-07-27T22:14:34,3.4282,1,6,30,229.8,121.3,508.8,159.7,25.99,24.48,28.93,29.57,27.97,26.96,0,0,0,0,0,0,24.3,27.5,21.9,26.7,25.8,26.1,-104,-57,-57,-78,-51,-61
2026-07-27T22:15:04,3.4366,1,6,30,211.6,130.4,508.8,166.5,29.71,29.75,29.9,29.75,29.74,29.51,0,0,0,0,0,0,,,,,,,,,,,,
2026-07-27T22:15:34,3.4449,1,6,30,220.4,101.5,516.3,179.8,22.56,19.91,19.49,22.72,22.96,18.38,0,0,0,0,0,0,16.9,19.5,23.5,17.4,15.7,14.1,-156,-172,-193,-148,-157,-172
2026-07-27T22:16:04,3.4532,1,6,30,212.8,110.7,517.8,229.5,28.53,28.53,29.43,28.49,29.31,27.75,0,0,0,0,0,0,,,,,,,,,,,,
2026-07-27T22:16:34,3.4616,1,6,30,226.2,127.1,518.3,171.1,29.7,29.71,29.78,29.71,29.83,29.73,0,0,0,0,0,0,22.7,22.9,24.6,21.2,26.0,25.0,-46,-59,-27,-46,-24,-12
2026-07-27T22:17:04,3.4699,1,6,30,228.9,128.4,518.3,173.0,29.73,29.86,29.51,29.74,29.51,28.52,0,0,0,0,0,0,,,,,,,,,,,,
2026-07-27T22:17:34,3.4783,1,6,30,226.2,129.8,518.3,173.9,29.34,29.51,29.49,29.53,29.14,29.57,0,0,0,0,0,0,25.7,20.4,26.7,24.2,20.6,22.7,226,202,213,172,133,181
2026-07-27T22:18:04,3.4866,1,6,30,213.1,120.6,518.3,174.0,29.54,29.33,29.65,29.71,29.51,28.98,0,0,0,0,0,0,,,,,,,,,,,,
2026-07-27T22:18:34,3.4949,1,6,30,213.6,123.8,518.3,175.5,29.54,29.32,29.29,29.33,29.48,29.31,0,0,0,0,0,0,22.7,24.4,24.0,22.8,22.5,24.7,-94,-35,-118,-10,-44,-12
2026-07-27T22:19:04,3.5033,1,6,30,243.8,122.9,518.3,171.4,29.48,29.66,29.72,24.76,29.69,28.84,0,0,0,0,0,0,,,,,,,,,,,,
2026-07-27T22:19:34,3.5116,1,6,30,223.7,123.3,518.3,171.1,29.7,29.69,29.71,29.7,29.71,28.31,0,0,0,0,0,0,23.8,25.0,24.6,20.3,26.2,26.7,34,12,11,-5,8,-20
2026-07-27T22:20:04,3.52,1,6,30,237.7,112.2,518.3,170.6,23.3,27.09,29.7,29.71,29.71,27.17,0,0,0,0,0,0,,,,,,,,,,,,
2026-07-27T22:20:34,3.5283,1,6,30,237.1,114.6,518.3,172.1,29.53,28.36,28.65,27.98,29.53,29.54,0,0,0,0,0,0,23.3,19.3,20.3,21.6,18.1,19.3,-44,-44,-33,-11,-53,32
2026-07-27T22:21:04,3.5366,1,6,30,234.7,120.7,518.3,171.2,29.52,29.35,29.15,28.18,28.75,28.81,0,0,0,0,0,0,,,,,,,,,,,,
2026-07-27T22:21:34,3.545,1,6,30,232.1,106.0,518.3,172.4,28.62,29.29,28.6,28.13,28.88,28.52,0,0,0,0,0,0,26.5,26.8,27.4,18.8,24.5,19.8,-2,33,8,-33,40,-26
2026-07-27T22:22:04,3.5533,1,6,30,237.4,113.2,518.3,174.1,29.69,29.74,29.37,26.61,29.34,29.02,0,0,0,0,0,0,,,,,,,,,,,,
2026-07-27T22:22:34,3.5617,1,6,30,221.0,122.6,518.3,175.3,29.11,29.43,29.7,29.72,29.7,29.53,0,0,0,0,0,0,23.4,24.4,23.8,24.2,22.3,26.8,-16,16,-37,34,-28,42
2026-07-27T22:23:04,3.57,1,6,30,234.0,120.4,518.3,174.5,29.27,29.73,29.73,29.12,29.29,29.69,0,0,0,0,0,0,,,,,,,,,,,,
2026-07-27T22:23:35,3.5784,1,6,30,220.7,124.1,518.3,174.5,27.47,27.76,27.11,29.11,29.58,29.15,0,0,0,0,0,0,19.1,26.0,20.5,23.5,22.8,27.5,-15,-7,8,18,-46,-77
2026-07-27T22:24:05,3.5867,1,6,30,223.3,118.4,518.3,175.1,29.7,29.55,28.13,29.45,28.94,29.57,0,0,0,0,0,0,,,,,,,,,,,,
2026-07-27T22:24:35,3.595,1,6,30,252.1,111.4,510.8,174.0,29.27,29.23,29.3,28.9,29.52,29.23,0,0,0,0,0,0,22.8,25.1,21.7,18.6,22.7,24.1,25,-6,2,-55,-18,-24
2026-07-27T22:25:05,3.6034,1,6,30,218.9,115.9,503.9,173.7,28.73,27.93,29.16,29.34,29.47,27.84,0,0,0,0,0,0,,,,,,,,,,,,
2026-07-27T22:25:35,3.6117,1,6,30,221.5,115.0,503.9,173.4,29.86,29.69,29.38,29.51,29.74,29.3,0,0,0,0,0,0,21.9,27.5,19.6,24.1,23.9,26.2,-36,-38,-2,-8,6,-51
2026-07-27T22:26:05,3.6201,1,6,30,218.7,124.3,503.9,174.1,29.74,29.7,29.55,29.51,29.77,29.69,0,0,0,0,0,0,,,,,,,,,,,,
2026-07-27T22:26:35,3.6284,1,6,30,216.0,121.8,503.9,174.4,29.51,29.73,29.71,29.56,29.75,29.69,0,0,0,0,0,0,27.7,27.3,21.3,26.4,23.5,24.1,52,111,36,93,126,80
2026-07-27T22:27:05,3.6367,1,6,30,213.5,124.9,503.9,172.8,29.31,26.92,29.7,29.92,29.66,29.52,0,0,0,0,0,0,,,,,,,,,,,,
2026-07-27T22:27:35,3.6451,1,6,30,205.6,128.0,503.9,172.2,29.69,28.92,29.71,29.74,29.76,29.72,0,0,0,0,0,0,25.4,27.9,22.3,24.7,26.6,21.7,50,2,26,-49,-11,55
2026-07-27T22:28:05,3.6534,1,6,30,226.8,113.0,503.9,170.0,29.74,29.51,29.77,29.67,29.71,29.7,0,0,0,0,0,0,,,,,,,,,,,,
2026-07-27T22:28:35,3.6618,1,6,30,229.4,119.6,503.9,169.1,29.65,29.7,29.68,29.76,29.74,29.65,0,0,0,0,0,0,23.7,21.3,22.3,19.1,25.7,27.1,-83,-23,-33,1,-6,-72
2026-07-27T22:29:05,3.6701,1,6,30,235.5,125.6,503.9,171.9,29.3,29.29,29.14,29.49,28.9,29.31,0,0,0,0,0,0,,,,,,,,,,,,
2026-07-27T22:29:35,3.6784,1,6,30,213.6,122.5,503.9,164.4,29.74,26.12,27.12,24.7,24.92,27.72,0,0,0,0,0,0,28.0,26.1,26.8,22.0,22.0,22.5,103,-36,69,-11,29,19
2026-07-27T22:30:05,3.6868,1,6,30,211.0,109.3,503.9,167.8,24.73,29.5,29.12,29.31,27.34,27.95,0,0,0,0,0,0,,,,,,,,,,,,
2026-07-27T22:30:35,3.6951,1,6,30,221.6,123.6,503.9,169.3,29.5,29.68,29.72,29.7,29.7,29.71,0,0,0,0,0,0,23.0,23.4,25.3,24.8,22.1,20.0,-50,-53,-32,-5,-18,3
2026-07-27T22:31:05,3.7035,1,6,30,232.1,121.6,503.8,172.6,28.9,28.71,29.48,29.16,29.29,28.66,0,0,0,0,0,0,,,,,,,,,,,,
2026-07-27T22:31:35,3.7118,1,6,30,221.3,120.2,503.8,172.9,29.72,29.7,29.66,28.9,29.7,29.8,0,0,0,0,0,0,18.1,22.0,20.8,21.6,21.0,25.9,44,52,-34,-7,21,19
2026-07-27T22:32:05,3.7202,1,6,30,216.1,120.8,503.8,172.7,29.69,29.53,29.58,29.34,29.73,27.91,0,0,0,0,0,0,,,,,,,,,,,,
2026-07-27T22:32:35,3.7285,1,6,30,232.6,113.9,503.8,173.7,29.31,29.16,28.84,29.03,29.02,28.49,0,0,0,0,0,0,22.3,21.7,22.7,26.7,20.5,20.5,-17,-60,-7,-17,-23,-87
2026-07-27T22:33:05,3.7368,1,6,30,235.4,110.3,503.8,173.9,29.51,29.28,29.58,29.64,29.67,28.88,0,0,0,0,0,0,,,,,,,,,,,,
2026-07-27T22:33:35,3.7452,1,6,30,243.9,106.2,503.8,167.6,28.9,27.2,25.12,26.85,27.14,25.4,0,0,0,0,0,0,21.5,20.1,22.2,22.6,21.2,22.6,-83,-54,-23,-17,-41,-22
2026-07-27T22:34:05,3.7535,1,6,30,207.9,124.6,503.8,172.5,29.59,29.72,29.76,29.79,29.68,29.86,0,0,0,0,0,0,,,,,,,,,,,,
2026-07-27T22:34:35,3.7619,1,6,30,241.4,111.9,503.8,174.9,29.05,29.08,29.7,28.96,28.71,29.37,0,0,0,0,0,0,21.4,25.8,20.7,21.8,20.3,25.6,44,44,45,45,86,36
2026-07-27T22:35:05,3.7702,1,6,30,223.9,124.3,503.8,172.6,29.69,29.53,29.71,29.73,29.72,29.03,0,0,0,0,0,0,,,,,,,,,,,,
2026-07-27T22:35:35,3.7785,1,6,30,214.9,136.7,503.8,170.0,29.74,29.72,29.72,29.73,29.71,29.59,0,0,0,0,0,0,26.4,26.1,23.7,25.8,24.6,27.7,103,114,72,76,63,134
2026-07-27T22:36:05,3.7869,1,6,30,237.0,124.3,503.8,172.5,29.24,27.52,27.63,29.77,29.71,28.42,0,0,0,0,0,0,,,,,,,,,,,,
2026-07-27T22:36:35,3.7952,1,6,30,224.0,120.3,503.8,171.9,29.31,29.67,28.66,29.12,29.49,29.1,0,0,0,0,0,0,20.9,18.6,21.8,19.8,20.4,19.2,-29,-138,-76,-75,-148,-82
2026-07-27T22:37:05,3.8036,1,6,30,227.2,122.5,503.8,174.7,29.82,29.72,29.59,29.71,29.77,29.76,0,0,0,0,0,0,,,,,,,,,,,,
2026-07-27T22:37:35,3.8119,1,6,30,224.1,126.8,503.8,173.2,29.48,29.54,29.69,28.5,28.3,27.49,0,0,0,0,0,0,25.1,21.9,26.2,20.7,21.0,25.0,-13,102,30,56,55,56
2026-07-27T22:38:05,3.8203,1,6,30,221.2,130.0,503.8,174.2,29.11,29.51,29.72,29.72,29.31,29.17,0,0,0,0,0,0,,,,,,,,,,,,
2026-07-27T22:38:35,3.8286,1,6,30,246.5,126.3,503.8,173.9,29.49,29.73,29.53,29.33,29.5,29.51,0,0,0,0,0,0,22.1,21.3,23.9,22.2,20.1,23.6,-34,-6,5,-4,-10,17
2026-07-27T22:39:05,3.8369,1,6,30,205.4,124.6,503.8,174.8,29.5,29.73,29.68,29.69,29.5,29.79,0,0,0,0,0,0,,,,,,,,,,,,
2026-07-27T22:39:35,3.8453,1,6,30,211.5,124.7,503.8,176.0,29.64,28.91,27.04,29.09,29.79,29.56,0,0,0,0,0,0,23.4,21.3,25.2,23.6,27.2,27.2,-34,10,-35,11,-54,5
2026-07-27T22:40:05,3.8536,1,6,30,216.0,128.5,503.8,171.6,29.85,29.7,29.7,29.69,29.7,29.69,0,0,0,0,0,0,,,,,,,,,,,,
2026-07-27T22:40:35,3.862,1,6,30,219.0,120.9,503.8,174.1,29.55,29.53,29.51,29.71,29.26,29.82,0,0,0,0,0,0,23.2,24.7,18.4,23.7,21.9,25.2,4,22,-19,-30,33,50
2026-07-27T22:41:06,3.8703,1,6,30,218.6,124.5,503.8,171.5,29.66,29.7,29.77,29.1,29.73,29.69,0,0,0,0,0,0,,,,,,,,,,,,
2026-07-27T22:41:36,3.8786,1,6,30,213.4,121.1,503.8,171.5,29.55,29.45,29.75,29.9,29.75,29.5,0,0,0,0,0,0,24.2,26.6,21.8,25.2,23.7,28.7,-15,0,13,2,-101,-74
2026-07-27T22:42:06,3.887,1,6,30,221.2,123.6,503.8,173.8,29.51,29.6,29.55,29.66,29.71,29.03,0,0,0,0,0,0,,,,,,,,,,,,
2026-07-27T22:42:36,3.8953,1,6,30,213.3,123.8,503.8,174.3,29.5,29.68,29.7,29.72,29.71,29.25,0,0,0,0,0,0,24.2,26.0,22.9,23.1,24.5,25.1,48,-43,-7,-48,38,-5
2026-07-27T22:43:06,3.9037,1,6,30,223.9,119.2,503.8,174.2,29.75,29.33,29.35,29.62,29.59,26.45,0,0,0,0,0,0,,,,,,,,,,,,
2026-07-27T22:43:36,3.912,1,6,30,230.1,120.4,503.8,172.2,29.72,29.72,29.51,29.57,29.34,29.77,0,0,0,0,0,0,21.8,26.4,25.6,26.1,21.0,22.0,-68,-17,-27,13,-31,-70
2026-07-27T22:44:06,3.9203,1,6,30,216.2,119.1,503.8,174.1,29.35,29.67,29.51,29.3,29.52,28.7,0,0,0,0,0,0,,,,,,,,,,,,
2026-07-27T22:44:36,3.9287,1,6,30,241.3,117.5,503.8,172.9,29.38,28.75,29.8,29.5,29.73,29.46,0,0,0,0,0,0,19.4,22.3,21.4,21.8,18.3,26.4,68,19,6,28,74,31
2026-07-27T22:45:06,3.937,1,6,30,215.0,116.7,503.8,175.1,29.75,29.71,29.33,29.78,29.73,28.94,0,0,0,0,0,0,,,,,,,,,,,,
2026-07-27T22:45:36,3.9454,1,6,30,221.3,124.3,503.8,176.1,29.59,29.27,29.63,29.75,29.49,29.75,0,0,0,0,0,0,23.5,23.9,23.8,24.4,25.0,25.8,-19,24,5,-7,10,20
2026-07-27T22:46:06,3.9537,1,6,30,208.2,123.6,503.8,172.3,29.51,29.66,27.72,27.93,29.71,29.75,0,0,0,0,0,0,,,,,,,,,,,,
2026-07-27T22:46:36,3.962,1,6,30,218.8,123.0,503.8,174.6,26.52,29.46,29.2,29.08,29.33,29.74,0,0,0,0,0,0,23.3,21.9,24.0,27.5,24.6,21.7,23,-56,24,-6,-26,-59
2026-07-27T22:47:06,3.9704,1,6,30,216.1,116.8,503.8,174.2,29.71,29.49,29.71,29.7,29.68,29.65,0,0,0,0,0,0,,,,,,,,,,,,
2026-07-27T22:47:36,3.9787,1,6,30,226.6,119.8,503.8,173.6,29.75,29.51,29.71,29.48,29.55,29.71,0,0,0,0,0,0,21.2,24.6,22.9,26.6,22.3,24.8,-21,-52,-16,-58,-7,-27
2026-07-27T22:48:06,3.9871,1,6,30,232.6,121.8,504.0,174.5,29.14,29.11,29.71,29.71,29.51,29.12,0,0,0,0,0,0,,,,,,,,,,,,
2026-07-27T22:48:36,3.9954,1,6,30,226.9,114.8,504.0,172.7,29.7,29.7,29.77,29.71,29.72,29.71,0,0,0,0,0,0,26.3,24.0,24.5,20.4,25.8,18.2,50,44,30,36,91,8
2026-07-27T22:49:06,4.0038,1,6,30,231.8,127.3,504.0,174.1,29.72,29.7,29.71,29.69,29.69,29.71,0,0,0,0,0,0,,,,,,,,,,,,
2026-07-27T22:49:36,4.0121,1,6,30,234.3,119.9,504.0,175.0,29.11,29.5,29.39,28.66,29.31,29.36,0,0,0,0,0,0,20.3,22.2,20.4,17.2,19.3,20.3,19,-35,10,11,-26,-3
2026-07-27T22:50:06,4.0204,1,6,30,213.3,123.2,504.0,173.0,28.92,29.71,29.75,27.31,29.71,29.7,0,0,0,0,0,0,,,,,,,,,,,,
2026-07-27T22:50:36,4.0288,1,6,30,229.0,121.9,504.0,170.4,29.51,29.48,29.49,29.76,29.69,29.11,0,0,0,0,0,0,25.8,24.1,22.5,25.1,27.6,26.0,-83,-32,-13,-54,5,-49
2026-07-27T22:51:06,4.0371,1,6,30,235.1,120.9,504.0,173.7,29.51,29.51,29.51,29.48,29.32,29.48,0,0,0,0,0,0,,,,,,,,,,,,
2026-07-27T22:51:36,4.0455,1,6,30,221.4,121.3,504.0,173.4,29.34,28.12,28.85,28.97,28.53,27.55,0,0,0,0,0,0,19.6,18.7,18.4,17.5,21.5,16.5,42,64,-6,1,4,43
2026-07-27T22:52:06,4.0538,1,6,30,212.0,115.9,504.0,173.6,29.42,29.08,28.53,28.15,29.11,28.49,0,0,0,0,0,0,,,,,,,,,,,,
2026-07-27T22:52:36,4.0621,1,6,30,238.4,115.7,504.0,174.1,29.31,29.51,29.74,29.24,29.31,29.71,0,0,0,0,0,0,24.6,19.0,26.0,21.9,24.7,25.8,-25,-18,-9,4,-8,15
2026-07-27T22:53:06,4.0705,1,6,30,218.5,118.8,504.0,172.1,29.69,29.52,29.56,29.67,29.55,29.31,0,0,0,0,0,0,,,,,,,,,,,,
2026-07-27T22:53:36,4.0788,1,6,30,216.0,129.5,504.0,171.7,29.7,29.36,29.72,29.67,29.69,29.7,0,0,0,0,0,0,20.0,21.3,22.2,19.2,19.5,21.2,22,32,83,56,57,90
2026-07-27T22:54:06,4.0872,1,6,30,208.7,130.2,504.0,171.4,29.71,29.7,29.7,28.72,29.1,29.75,0,0,0,0,0,0,,,,,,,,,,,,
2026-07-27T22:54:36,4.0955,1,6,30,225.2,120.7,504.0,172.8,29.5,29.08,29.73,29.7,29.71,29.34,0,0,0,0,0,0,25.8,21.9,25.6,23.1,25.5,29.4,47,-7,-47,5,-42,30
2026-07-27T22:55:06,4.1038,1,6,30,229.2,121.6,504.0,171.9,29.31,29.49,28.92,29.31,28.95,29.36,0,0,0,0,0,0,,,,,,,,,,,,
2026-07-27T22:55:36,4.1122,1,6,30,229.2,119.5,508.5,171.1,29.08,29.58,29.54,29.33,29.5,29.5,0,0,0,0,0,0,22.2,22.4,21.2,20.9,26.1,26.7,-121,-25,-39,-51,-32,-48
2026-07-27T22:56:06,4.1205,1,6,30,235.4,115.2,508.5,171.6,27.93,29.18,28.77,28.92,29.37,29.64,0,0,0,0,0,0,,,,,,,,,,,,
2026-07-27T22:56:36,4.1289,1,6,30,224.0,121.8,508.5,171.2,29.73,29.69,29.7,29.68,29.71,29.59,0,0,0,0,0,0,30.3,28.3,22.6,22.4,29.2,23.7,81,22,19,72,46,76
2026-07-27T22:57:06,4.1372,1,6,30,232.1,110.3,508.5,166.5,29.57,29.3,29.36,29.51,29.58,29.47,0,0,0,0,0,0,,,,,,,,,,,,
2026-07-27T22:57:36,4.1456,1,6,30,224.3,115.1,508.5,171.0,28.77,28.68,28.95,29.51,28.32,29.16,0,0,0,0,0,0,25.6,21.2,25.9,21.3,26.9,22.9,-107,-99,-69,-171,-176,-138
2026-07-27T22:58:06,4.1539,1,6,30,226.8,122.6,508.5,170.5,29.61,29.72,29.72,29.69,29.51,29.67,0,0,0,0,0,0,,,,,,,,,,,,
2026-07-27T22:58:36,4.1622,1,6,30,208.4,114.2,508.5,170.4,29.69,29.73,28.9,28.71,29.73,29.7,0,0,0,0,0,0,18.3,25.5,20.5,22.9,21.0,27.5,62,146,89,170,116,168
2026-07-27T22:59:07,4.1706,1,6,30,216.0,125.4,508.5,171.8,29.34,29.42,29.04,28.2,29.24,28.69,0,0,0,0,0,0,,,,,,,,,,,,
2026-07-27T22:59:37,4.1789,1,6,30,221.6,115.5,508.5,170.8,28.85,28.58,28.28,28.48,28.78,28.19,0,0,0,0,0,0,21.8,18.3,22.8,18.1,16.4,16.8,11,-42,17,-10,-22,-72
2026-07-27T23:00:07,4.1873,1,6,30,205.8,112.6,508.4,172.9,28.96,29.11,29.76,29.12,29.01,28.78,0,0,0,0,0,0,,,,,,,,,,,,
2026-07-27T23:00:37,4.1956,1,6,30,224.2,119.8,508.5,170.0,28.88,29.51,28.94,29.31,28.52,28.76,0,0,0,0,0,0,20.1,22.3,16.6,20.2,18.4,19.0,-27,-48,-83,-105,-83,-114
2026-07-27T23:01:07,4.2039,1,6,30,205.6,126.3,508.5,171.9,29.68,29.26,28.57,29.71,29.72,29.71,0,0,0,0,0,0,,,,,,,,,,,,
2026-07-27T23:01:37,4.2123,1,6,30,227.0,116.8,508.5,172.9,29.67,29.32,29.31,29.66,29.77,29.46,0,0,0,0,0,0,21.6,23.8,24.3,25.8,24.1,25.7,21,41,20,141,46,121
2026-07-27T23:02:07,4.2206,1,6,30,221.3,114.4,517.4,171.6,29.41,29.1,29.72,29.16,29.51,29.24,0,0,0,0,0,0,,,,,,,,,,,,
2026-07-27T23:02:37,4.229,1,6,30,235.0,113.1,517.4,170.1,28.78,26.91,28.96,27.9,29.59,29.87,0,0,0,0,0,0,23.8,22.1,22.4,21.0,23.6,23.9,-59,-75,-47,-116,-91,-92
2026-07-27T23:03:07,4.2373,1,6,30,229.8,100.0,506.4,163.2,26.71,26.41,27.76,27.3,26.17,25.91,0,0,0,0,0,0,,,,,,,,,,,,
2026-07-27T23:03:37,4.2456,1,6,30,224.0,103.2,439.2,170.7,29.47,29.58,29.74,29.72,29.31,29.67,0,0,0,0,0,0,24.6,25.1,27.5,26.4,22.6,23.5,-27,-72,-68,-75,-6,-122
2026-07-27T23:04:07,4.254,1,6,30,212.6,112.9,439.6,169.4,29.59,29.54,29.69,29.72,29.71,29.7,0,0,0,0,0,0,,,,,,,,,,,,
2026-07-27T23:04:37,4.2623,1,6,30,229.4,108.4,439.8,171.9,29.73,29.72,29.73,29.48,29.72,29.67,0,0,0,0,0,0,27.4,20.1,21.9,27.7,21.3,23.5,109,92,126,205,187,146
2026-07-27T23:05:07,4.2707,1,6,30,222.9,120.7,439.8,171.5,29.7,29.75,29.68,29.72,29.71,29.73,0,0,0,0,0,0,,,,,,,,,,,,
2026-07-27T23:05:37,4.279,1,6,30,216.4,111.3,437.8,170.9,29.18,29.07,29.19,29.58,29.81,28.28,0,0,0,0,0,0,20.4,18.4,17.4,15.7,18.5,17.4,-27,7,-30,-80,-52,-79
2026-07-27T23:06:07,4.2874,1,6,30,216.5,110.3,437.8,171.4,29.38,28.74,29.32,29.26,29.5,28.58,0,0,0,0,0,0,,,,,,,,,,,,
2026-07-27T23:06:37,4.2957,1,6,30,224.3,113.0,437.8,172.1,28.41,28.6,28.88,28.32,28.9,27.74,0,0,0,0,0,0,20.9,20.1,17.7,20.4,20.6,21.3,25,7,-15,-22,3,11
2026-07-27T23:07:07,4.304,1,6,30,213.7,120.8,437.8,171.4,29.1,28.92,29.49,26.97,29.78,26.39,0,0,0,0,0,0,,,,,,,,,,,,
2026-07-27T23:07:37,4.3124,1,6,30,213.7,126.0,437.8,171.5,29.22,29.53,29.33,29.75,29.53,29.11,0,0,0,0,0,0,19.9,24.8,21.8,23.2,24.9,24.6,34,5,52,29,82,-41
2026-07-27T23:08:07,4.3207,1,6,30,211.0,123.2,437.8,170.4,29.71,29.52,29.69,29.72,29.72,29.52,0,0,0,0,0,0,,,,,,,,,,,,
2026-07-27T23:08:37,4.3291,1,6,30,208.5,128.3,437.8,170.8,29.7,29.69,29.7,29.74,28.51,28.33,0,0,0,0,0,0,25.4,24.1,22.9,25.4,28.7,22.9,-32,-27,-24,74,65,50
2026-07-27T23:09:07,4.3374,1,6,30,232.1,119.7,437.8,172.5,27.88,28.31,28.89,29.36,26.51,29.49,0,0,0,0,0,0,,,,,,,,,,,,
2026-07-27T23:09:37,4.3457,1,6,30,209.6,118.2,437.8,172.1,29.68,29.71,29.68,29.69,29.72,28.91,0,0,0,0,0,0,21.5,20.6,23.0,24.1,23.9,23.3,-17,-1,-16,-116,-91,-1
2026-07-27T23:10:07,4.3541,1,6,30,200.6,121.7,437.8,169.8,27.43,28.91,29.11,28.9,28.92,28.7,0,0,0,0,0,0,,,,,,,,,,,,
2026-07-27T23:10:37,4.3624,1,6,30,216.2,122.7,437.8,168.7,29.08,29.18,29.61,29.29,29.1,29.31,0,0,0,0,0,0,20.9,23.1,18.4,17.2,17.3,19.1,16,41,24,13,-3,42
2026-07-27T23:11:07,4.3708,1,6,34,218.8,112.0,438.5,171.6,27.09,28.17,29.73,28.8,29.05,27.09,0,0,0,0,0,0,,,,,,,,,,,,
2026-07-27T23:11:37,4.3791,1,6,37,218.9,111.0,438.4,171.4,28.89,28.51,25.95,25.35,25.78,28.08,0,0,0,0,0,0,24.2,25.6,20.6,18.6,18.8,17.2,-86,-45,-59,-68,-76,-57
2026-07-27T23:12:07,4.3875,1,6,34,213.3,107.9,437.0,167.4,25.61,26.82,27.79,27.09,28.0,25.32,0,0,0,0,0,0,,,,,,,,,,,,
2026-07-27T23:12:37,4.3958,1,6,34,208.0,111.6,436.4,172.5,29.51,29.3,29.56,29.76,29.74,29.67,0,0,0,0,0,0,22.7,25.1,21.1,24.1,25.9,23.6,-24,-84,-29,-40,-59,-71
2026-07-27T23:13:07,4.4041,1,6,34,235.9,122.6,436.3,167.4,29.34,28.5,29.13,28.9,29.15,29.06,0,0,0,0,0,0,,,,,,,,,,,,
2026-07-27T23:13:37,4.4125,1,6,34,224.2,118.9,436.3,168.7,29.73,29.74,29.7,29.7,29.7,29.76,0,0,0,0,0,0,23.7,24.0,20.9,24.2,29.3,21.2,75,150,150,192,161,201
2026-07-27T23:14:07,4.4208,1,6,34,227.5,122.1,436.3,169.0,29.7,29.7,29.68,29.73,29.84,29.27,0,0,0,0,0,0,,,,,,,,,,,,
2026-07-27T23:14:37,4.4292,1,6,34,213.1,118.1,436.3,170.6,29.67,29.7,29.72,29.73,29.7,29.51,0,0,0,0,0,0,20.1,23.1,28.5,20.4,26.8,25.1,40,-2,3,-14,16,80
2026-07-27T23:15:07,4.4375,1,6,34,213.0,130.7,436.3,172.0,29.51,29.73,29.68,29.41,29.5,29.7,0,0,0,0,0,0,,,,,,,,,,,,
2026-07-27T23:15:37,4.4458,1,6,34,235.4,115.6,440.3,170.9,29.72,29.5,29.49,29.71,29.25,29.53,0,0,0,0,0,0,22.1,22.9,26.9,27.6,27.0,26.3,-4,4,28,56,-49,-43
2026-07-27T23:16:07,4.4542,1,6,34,235.1,115.9,440.3,171.7,29.7,29.32,29.55,29.7,29.69,29.66,0,0,0,0,0,0,,,,,,,,,,,,
2026-07-27T23:16:38,4.4625,1,6,34,213.4,114.6,440.5,171.4,29.73,29.33,29.71,29.47,29.72,29.71,0,0,0,0,0,0,23.1,25.2,18.5,22.4,25.2,26.3,-13,16,0,4,9,48
2026-07-27T23:17:08,4.4709,1,6,34,210.5,122.9,440.5,172.1,29.39,29.67,29.49,29.49,29.78,29.68,0,0,0,0,0,0,,,,,,,,,,,,
2026-07-27T23:17:38,4.4792,1,6,34,221.7,109.8,440.1,175.2,29.56,29.1,29.47,28.85,29.72,29.08,0,0,0,0,0,0,23.3,27.7,16.7,22.8,16.1,21.1,-83,-160,-105,-117,-190,-117
2026-07-27T23:18:08,4.4875,1,6,34,230.2,111.3,440.1,169.9,26.75,29.32,28.42,29.82,29.72,29.32,0,0,0,0,0,0,,,,,,,,,,,,
2026-07-27T23:18:38,4.4959,1,6,34,215.7,114.7,439.7,176.7,28.9,29.52,27.9,27.88,29.73,28.97,0,0,0,0,0,0,20.9,23.8,26.5,15.6,21.1,23.3,25,74,-18,1,61,-7
2026-07-27T23:19:08,4.5042,1,6,34,226.1,128.3,439.7,170.4,29.53,29.86,29.51,29.51,29.75,29.74,0,0,0,0,0,0,,,,,,,,,,,,
2026-07-27T23:19:38,4.5126,1,6,34,213.1,128.2,439.7,169.8,29.6,29.13,29.31,27.09,26.51,29.5,0,0,0,0,0,0,20.4,25.0,25.7,26.8,23.8,22.3,66,39,128,101,63,148
2026-07-27T23:20:08,4.5209,1,6,34,218.6,116.3,439.7,171.9,29.68,29.75,29.18,29.58,29.37,29.71,0,0,0,0,0,0,,,,,,,,,,,,
2026-07-27T23:20:38,4.5293,1,6,34,215.7,108.9,439.7,173.9,28.11,27.77,28.89,29.11,29.35,28.94,0,0,0,0,0,0,21.3,21.1,18.3,19.0,21.2,20.4,-70,-20,-15,41,35,-128
2026-07-27T23:21:08,4.5376,1,6,34,208.9,120.9,439.7,170.8,29.74,29.7,29.69,29.51,29.75,29.82,0,0,0,0,0,0,,,,,,,,,,,,
2026-07-27T23:21:38,4.5459,1,6,34,209.9,119.5,439.7,157.4,29.7,29.72,29.72,29.7,29.71,29.76,0,0,0,0,0,0,24.8,24.6,21.5,23.3,20.0,24.6,64,31,-26,-52,-8,40
2026-07-27T23:22:08,4.5543,1,6,34,210.6,117.3,439.3,173.1,29.68,29.41,29.49,29.33,29.73,28.85,0,0,0,0,0,0,,,,,,,,,,,,
2026-07-27T23:22:38,4.5626,1,6,34,233.0,110.4,439.2,172.7,29.54,28.5,29.48,29.51,29.33,28.18,0,0,0,0,0,0,23.8,21.3,21.4,20.8,22.6,19.3,-7,17,26,-84,-33,-101
2026-07-27T23:23:08,4.571,1,6,34,227.4,110.9,439.2,173.9,29.49,29.32,29.49,29.33,29.52,29.6,0,0,0,0,0,0,,,,,,,,,,,,
2026-07-27T23:23:38,4.5793,1,6,34,232.6,105.7,439.2,171.4,29.25,29.08,29.7,29.12,29.36,28.26,0,0,0,0,0,0,19.3,21.4,22.4,21.0,24.3,21.4,14,27,-37,43,86,36
2026-07-27T23:24:08,4.5876,1,6,34,210.6,121.1,439.2,172.3,29.63,29.62,29.67,29.49,29.74,29.26,0,0,0,0,0,0,,,,,,,,,,,,
2026-07-27T23:24:38,4.596,1,6,34,215.8,122.5,439.2,172.4,29.75,29.73,29.73,29.71,29.73,29.72,0,0,0,0,0,0,24.2,23.8,24.4,24.7,24.8,24.0,-5,-40,-20,-33,-42,-60
2026-07-27T23:25:08,4.6043,1,6,34,209.5,127.1,439.2,166.4,29.76,29.71,29.31,29.67,29.7,29.5,0,0,0,0,0,0,,,,,,,,,,,,
2026-07-27T23:25:38,4.6127,1,6,34,226.3,129.0,439.2,169.5,29.5,29.7,29.69,29.31,29.25,29.7,0,0,0,0,0,0,25.9,18.9,25.1,25.8,29.4,23.5,6,31,63,44,115,92
2026-07-27T23:26:08,4.621,1,6,34,207.8,130.1,439.2,168.9,29.72,29.54,29.72,29.69,29.62,29.73,0,0,0,0,0,0,,,,,,,,,,,,
2026-07-27T23:26:38,4.6293,1,6,34,218.2,126.7,439.2,169.3,29.78,29.51,28.92,29.54,29.52,29.53,0,0,0,0,0,0,19.5,19.2,21.6,25.6,27.3,22.1,42,29,-45,27,10,-30
2026-07-27T23:27:08,4.6377,1,6,34,220.9,127.4,439.2,168.8,29.71,29.7,29.65,29.74,29.72,29.7,0,0,0,0,0,0,,,,,,,,,,,,
2026-07-27T23:27:38,4.646,1,6,34,210.5,129.0,439.1,171.9,29.67,29.66,29.72,29.69,29.69,29.71,0,0,0,0,0,0,24.2,27.9,24.6,23.4,22.4,22.3,19,8,23,-74,-16,-20
2026-07-27T23:28:08,4.6544,1,6,34,207.6,132.5,439.1,167.5,29.69,29.32,29.7,27.69,29.71,29.69,0,0,0,0,0,0,,,,,,,,,,,,
2026-07-27T23:28:38,4.6627,1,6,34,227.0,133.1,439.1,168.5,29.78,29.76,29.71,29.7,29.7,29.74,0,0,0,0,0,0,26.8,28.0,28.9,26.8,27.5,27.4,42,39,41,65,68,55
2026-07-27T23:29:08,4.6711,1,6,34,213.3,121.2,439.1,170.9,29.7,29.5,29.53,29.59,29.69,29.75,0,0,0,0,0,0,,,,,,,,,,,,
2026-07-27T23:29:38,4.6794,1,6,34,207.8,136.0,439.1,169.2,29.75,29.73,29.68,29.73,29.73,29.69,0,0,0,0,0,0,26.5,26.8,23.7,24.0,25.1,25.5,1,6,-21,-21,-2,28
2026-07-27T23:30:08,4.6877,1,6,34,226.3,134.8,439.1,162.0,29.79,29.75,29.73,29.7,29.66,29.71,0,0,0,0,0,0,,,,,,,,,,,,
2026-07-27T23:30:38,4.6961,1,6,34,202.2,142.3,439.1,154.5,29.71,29.71,29.7,29.79,29.69,29.71,0,0,0,0,0,0,25.4,23.7,25.1,27.5,28.6,25.4,51,15,91,85,-13,121
2026-07-27T23:31:08,4.7044,1,6,34,199.8,142.9,439.1,154.6,29.7,29.74,29.71,29.71,29.71,29.7,0,0,0,0,0,0,,,,,,,,,,,,
2026-07-27T23:31:38,4.7128,1,6,34,210.4,136.9,439.1,155.7,29.66,29.72,29.68,29.71,29.73,29.68,0,0,0,0,0,0,26.4,27.3,26.4,27.8,23.1,23.5,13,58,29,54,51,52
2026-07-27T23:32:08,4.7211,1,6,34,227.1,123.3,439.1,154.0,29.71,29.71,29.72,29.71,29.71,29.72,0,0,0,0,0,0,,,,,,,,,,,,
2026-07-27T23:32:38,4.7294,1,6,34,232.5,121.3,439.1,152.8,29.71,29.71,29.73,29.71,29.71,29.72,0,0,0,0,0,0,28.3,28.7,27.3,26.3,28.1,27.6,85,32,5,-48,41,104
2026-07-27T23:33:08,4.7378,1,6,34,203.0,124.7,439.1,153.6,29.69,29.72,29.71,29.73,29.7,29.71,0,0,0,0,0,0,,,,,,,,,,,,
2026-07-27T23:33:38,4.7461,1,6,34,199.9,139.9,439.1,154.3,29.7,29.71,29.75,29.73,29.7,29.73,0,0,0,0,0,0,28.8,27.9,27.4,25.5,29.3,28.5,33,-79,-1,36,-108,-58
2026-07-27T23:34:09,4.7545,1,6,34,207.8,140.9,439.1,153.9,29.71,29.7,29.71,29.71,29.75,29.71,0,0,0,0,0,0,,,,,,,,,,,,
2026-07-27T23:34:39,4.7628,1,6,34,218.4,140.9,439.1,154.3,29.7,29.74,29.69,29.71,29.7,29.7,0,0,0,0,0,0,24.8,25.3,30.3,27.7,25.6,28.3,-75,81,3,2,7,35
2026-07-27T23:35:09,4.7711,1,6,34,221.0,126.8,439.1,154.3,29.73,29.69,29.71,29.7,29.73,29.71,0,0,0,0,0,0,,,,,,,,,,,,
2026-07-27T23:35:39,4.7795,1,6,34,210.9,135.9,439.1,154.2,29.7,29.71,29.83,29.71,29.7,29.74,0,0,0,0,0,0,26.3,24.7,26.2,23.8,26.5,28.6,-17,-77,23,35,-60,-3
2026-07-27T23:36:09,4.7878,1,6,34,209.0,143.0,439.1,154.1,29.71,29.71,29.71,29.7,29.7,29.53,0,0,0,0,0,0,,,,,,,,,,,,
2026-07-27T23:36:39,4.7962,1,6,34,199.9,140.5,439.1,153.8,29.71,29.7,29.7,29.72,29.71,29.71,0,0,0,0,0,0,20.3,22.7,23.1,20.0,22.0,21.7,12,36,36,-5,76,-39
2026-07-27T23:37:09,4.8045,1,6,34,218.3,140.1,439.1,153.9,29.7,29.67,29.7,29.71,29.71,29.7,0,0,0,0,0,0,,,,,,,,,,,,
2026-07-27T23:37:39,4.8129,1,6,34,199.8,139.6,439.1,154.0,29.65,29.64,29.71,29.71,29.75,29.69,0,0,0,0,0,0,25.1,27.4,25.3,26.8,22.9,27.5,-28,-25,-10,27,-35,-31
2026-07-27T23:38:09,4.8212,1,6,34,220.8,144.3,439.1,153.8,29.71,29.73,29.73,29.7,29.68,29.71,0,0,0,0,0,0,,,,,,,,,,,,
2026-07-27T23:38:39,4.8295,1,6,34,218.3,145.4,439.1,153.3,29.73,29.72,29.7,29.7,29.71,29.71,0,0,0,0,0,0,24.3,21.1,26.8,26.2,26.0,24.1,62,62,42,18,52,38
2026-07-27T23:39:09,4.8379,1,6,34,209.3,138.7,439.1,154.3,29.71,29.71,29.7,29.71,29.7,29.7,0,0,0,0,0,0,,,,,,,,,,,,
2026-07-27T23:39:39,4.8462,1,6,34,205.7,143.8,439.1,153.9,29.7,29.71,29.71,29.71,29.69,29.69,0,0,0,0,0,0,27.7,26.5,25.6,26.8,26.1,23.4,16,18,-36,-10,-23,-28
2026-07-27T23:40:09,4.8546,1,6,34,207.6,137.4,439.1,154.8,29.7,29.71,29.7,29.73,29.71,29.7,0,0,0,0,0,0,,,,,,,,,,,,
2026-07-27T23:40:39,4.8629,1,6,34,208.3,144.1,439.1,154.3,29.7,29.71,29.7,29.72,29.71,29.72,0,0,0,0,0,0,28.9,27.6,25.9,24.5,26.3,28.4,179,161,-245,-162,-112,62
2026-07-27T23:41:09,4.8712,1,6,34,208.8,148.5,439.1,154.2,29.71,29.7,29.7,29.7,29.71,29.73,0,0,0,0,0,0,,,,,,,,,,,,
2026-07-27T23:41:39,4.8796,1,6,34,223.5,145.0,439.1,153.7,29.7,29.71,29.73,29.71,29.71,29.71,0,0,0,0,0,0,26.5,28.1,30.1,29.4,28.5,28.8,-149,-166,289,246,282,-26
2026-07-27T23:42:09,4.8879,1,6,34,200.0,147.4,439.1,153.7,29.76,29.73,29.7,29.74,29.73,29.7,0,0,0,0,0,0,,,,,,,,,,,,
2026-07-27T23:42:39,4.8963,1,6,34,220.8,149.6,439.1,153.5,29.71,29.73,29.71,29.7,29.73,29.71,0,0,0,0,0,0,28.8,24.4,25.9,27.7,26.4,29.2,-36,106,-15,-56,-17,17
2026-07-27T23:43:09,4.9046,1,6,34,201.4,151.5,439.1,152.7,29.69,29.72,29.7,29.71,29.7,29.71,0,0,0,0,0,0,,,,,,,,,,,,
2026-07-27T23:43:39,4.9129,1,6,34,202.8,152.2,439.1,152.5,29.71,29.7,29.7,29.73,29.71,29.7,0,0,0,0,0,0,26.2,27.9,26.6,23.5,27.2,28.3,126,10,-27,11,44,48
2026-07-27T23:44:09,4.9213,1,6,34,220.9,151.2,439.1,152.2,29.7,29.7,29.71,29.73,29.71,29.7,0,0,0,0,0,0,,,,,,,,,,,,
2026-07-27T23:44:39,4.9296,1,6,34,207.7,153.1,439.1,152.1,29.73,29.7,29.72,29.71,29.7,29.71,0,0,0,0,0,0,28.4,26.1,27.8,28.1,29.3,27.0,15,-32,1,-6,49,-54
2026-07-27T23:45:09,4.938,1,6,34,215.6,150.6,439.1,152.0,29.7,29.7,29.73,29.7,29.71,29.73,0,0,0,0,0,0,,,,,,,,,,,,
2026-07-27T23:45:39,4.9463,1,6,34,199.9,151.8,439.1,152.0,29.7,29.73,29.73,29.71,29.7,29.72,0,0,0,0,0,0,27.8,28.0,26.1,27.5,28.4,27.1,-43,-42,25,74,-27,-74
2026-07-27T23:46:09,4.9547,1,6,34,213.0,155.6,439.1,152.5,29.72,29.73,29.71,29.72,29.7,29.71,0,0,0,0,0,0,,,,,,,,,,,,
2026-07-27T23:46:39,4.963,1,6,34,213.0,156.4,439.1,152.9,29.71,29.71,29.7,29.71,29.71,29.7,0,0,0,0,0,0,25.1,26.1,26.9,24.7,28.8,27.2,30,80,151,48,-16,74
2026-07-27T23:47:09,4.9713,1,6,34,223.6,150.5,439.1,152.9,29.71,29.71,29.61,29.73,29.71,29.7,0,0,0,0,0,0,,,,,,,,,,,,
2026-07-27T23:47:39,4.9797,1,6,34,221.0,153.7,439.1,153.5,29.71,29.71,29.71,29.79,29.71,29.7,0,0,0,0,0,0,25.5,28.1,25.1,27.9,28.1,25.5,73,87,-92,-118,-26,-127
2026-07-27T23:48:09,4.988,1,6,34,215.6,154.5,439.1,152.7,29.7,29.71,29.72,29.72,29.71,29.73,0,0,0,0,0,0,,,,,,,,,,,,
2026-07-27T23:48:39,4.9964,1,6,34,218.4,155.1,439.1,162.3,29.71,29.69,29.71,29.73,29.31,29.73,0,0,0,0,0,0,26.9,28.4,25.1,26.6,26.1,26.4,-38,-37,11,90,-71,135
2026-07-27T23:49:09,5.0047,1,6,34,200.0,145.1,439.1,170.9,29.11,29.64,29.71,25.34,28.31,28.89,0,0,0,0,0,0,,,,,,,,,,,,
2026-07-27T23:49:39,5.013,1,6,34,218.4,144.1,439.1,162.3,28.13,25.94,29.71,29.71,27.33,29.71,0,0,0,0,0,0,26.7,28.5,27.2,26.4,30.1,27.1,-181,-221,-60,-179,-99,-54
2026-07-27T23:50:09,5.0214,1,6,34,200.3,146.6,439.1,170.3,29.7,29.7,29.31,29.73,28.92,29.11,0,0,0,0,0,0,,,,,,,,,,,,
2026-07-27T23:50:39,5.0297,1,6,34,210.3,149.3,439.1,168.7,29.71,29.66,29.71,29.73,29.71,29.71,0,0,0,0,0,0,28.4,27.3,29.2,25.6,26.0,28.0,55,8,-29,24,-12,101
2026-07-27T23:51:09,5.0381,1,6,34,220.8,148.8,439.1,172.2,29.6,29.71,29.5,29.7,29.7,28.5,0,0,0,0,0,0,,,,,,,,,,,,
2026-07-27T23:51:39,5.0464,1,6,34,207.8,147.5,439.1,171.3,29.72,27.12,29.52,29.73,29.51,29.7,0,0,0,0,0,0,26.3,27.3,26.2,24.4,22.1,24.2,27,6,61,18,61,-38
2026-07-27T23:52:10,5.0547,1,6,34,215.6,145.7,439.1,172.1,28.51,29.69,29.7,28.91,29.71,29.12,0,0,0,0,0,0,,,,,,,,,,,,
2026-07-27T23:52:40,5.0631,1,6,34,215.7,145.5,439.1,172.1,29.7,29.71,29.71,29.51,29.68,29.5,0,0,0,0,0,0,25.6,25.7,24.1,25.9,24.1,26.4,-88,-54,-59,-22,-21,-43
2026-07-27T23:53:10,5.0714,1,6,34,205.7,144.3,439.1,171.3,29.33,29.52,29.71,27.3,29.7,29.51,0,0,0,0,0,0,,,,,,,,,,,,
2026-07-27T23:53:40,5.0798,1,6,34,221.0,144.4,439.1,170.9,29.71,29.73,29.71,29.71,29.74,29.7,0,0,0,0,0,0,29.3,26.9,27.6,26.2,27.0,28.6,-16,-4,46,-39,-57,-37
2026-07-27T23:54:10,5.0881,1,6,34,210.3,132.2,439.1,171.6,29.31,29.73,29.7,29.72,29.71,29.72,0,0,0,0,0,0,,,,,,,,,,,,
2026-07-27T23:54:40,5.0965,1,6,34,213.0,144.5,439.1,171.1,29.72,29.73,29.73,29.71,29.76,29.73,0,0,0,0,0,0,27.4,24.6,28.5,26.3,27.4,26.6,-12,5,-8,23,34,-8
2026-07-27T23:55:10,5.1048,1,6,34,208.8,141.9,439.1,171.4,29.7,29.3,29.51,29.31,29.71,29.72,0,0,0,0,0,0,,,,,,,,,,,,
2026-07-27T23:55:40,5.1131,1,6,34,223.6,142.6,439.1,174.1,29.71,29.7,29.16,29.69,29.5,29.71,0,0,0,0,0,0,26.3,20.9,24.1,28.8,22.3,27.4,-41,21,-32,39,-99,-76
2026-07-27T23:56:10,5.1215,1,6,34,227.6,145.8,439.1,172.7,29.71,29.71,28.9,29.71,29.11,29.74,0,0,0,0,0,0,,,,,,,,,,,,
2026-07-27T23:56:40,5.1298,1,6,34,199.9,142.2,439.1,170.4,28.31,29.71,29.11,29.31,28.51,28.71,0,0,0,0,0,0,26.5,26.7,26.5,25.3,23.7,21.4,42,89,12,-8,42,-11
2026-07-27T23:57:10,5.1382,1,6,34,226.3,144.2,439.1,163.8,29.75,29.21,29.31,28.91,28.92,29.71,0,0,0,0,0,0,,,,,,,,,,,,
2026-07-27T23:57:40,5.1465,1,6,34,200.0,142.9,439.1,169.9,29.7,29.74,29.71,29.33,29.73,28.91,0,0,0,0,0,0,26.4,22.0,25.4,27.6,26.6,22.3,55,-33,-32,-42,10,63
2026-07-27T23:58:10,5.1548,1,6,34,215.5,145.1,439.1,170.9,29.69,29.71,29.72,29.71,29.71,29.7,0,0,0,0,0,0,,,,,,,,,,,,
2026-07-27T23:58:40,5.1632,1,6,34,199.9,145.9,439.1,170.2,29.71,29.71,29.73,29.71,29.71,29.7,0,0,0,0,0,0,23.6,27.9,26.0,27.5,27.2,26.7,5,-9,39,11,-57,51
2026-07-27T23:59:10,5.1715,1,6,34,199.9,144.8,439.1,168.5,27.87,27.71,29.7,28.7,29.69,29.53,0,0,0,0,0,0,,,,,,,,,,,,
2026-07-27T23:59:40,5.1799,1,6,34,224.0,138.0,439.1,171.2,29.71,29.7,29.71,29.73,29.5,29.72,0,0,0,0,0,0,29.3,25.5,25.8,27.5,26.6,26.9,8,-14,4,9,57,-28
2026-07-28T00:00:10,5.1882,1,6,34,224.1,123.9,439.1,169.2,29.7,29.7,29.11,29.51,26.74,29.7,0,0,0,0,0,0,,,,,,,,,,,,
2026-07-28T00:00:40,5.1965,1,6,34,224.2,121.9,439.1,170.1,29.73,29.75,29.73,29.71,29.75,29.73,0,0,0,0,0,0,28.1,26.5,22.3,25.7,26.6,25.3,31,45,16,17,87,14
2026-07-28T00:01:10,5.2049,1,6,34,223.9,123.1,439.1,171.5,29.71,29.72,29.71,29.73,29.71,29.7,0,0,0,0,0,0,,,,,,,,,,,,
2026-07-28T00:01:40,5.2132,1,6,34,221.3,121.1,439.1,171.6,29.71,29.71,29.73,29.7,28.91,29.71,0,0,0,0,0,0,23.7,23.7,28.7,25.7,28.1,23.3,-78,-29,-70,-7,32,-23
2026-07-28T00:02:10,5.2216,1,6,34,201.1,129.4,439.1,173.0,29.71,29.71,29.55,29.7,29.11,29.7,0,0,0,0,0,0,,,,,,,,,,,,
2026-07-28T00:02:40,5.2299,1,6,34,213.1,148.4,439.1,171.0,29.72,28.58,29.71,29.71,29.7,29.71,0,0,0,0,0,0,26.3,26.9,30.1,25.9,28.8,29.9,-13,70,57,26,35,-2
2026-07-28T00:03:10,5.2383,1,6,34,202.2,145.3,439.1,170.9,29.73,29.71,29.76,29.71,29.71,29.71,0,0,0,0,0,0,,,,,,,,,,,,
2026-07-28T00:03:40,5.2466,1,6,34,199.8,143.8,439.1,169.7,27.71,29.71,29.71,29.83,29.74,29.72,0,0,0,0,0,0,28.5,30.0,25.9,26.7,26.6,21.4,-6,-13,-71,-53,-93,-5
2026-07-28T00:04:10,5.2549,1,6,34,199.9,143.5,439.1,172.5,29.11,29.71,29.7,29.69,29.72,29.53,0,0,0,0,0,0,,,,,,,,,,,,
2026-07-28T00:04:40,5.2633,1,6,34,207.8,143.7,439.1,171.9,29.7,29.73,29.68,28.49,29.69,29.71,0,0,0,0,0,0,26.7,26.9,25.1,22.4,25.6,23.1,-40,-30,-17,26,-23,-69
2026-07-28T00:05:10,5.2716,1,6,34,218.2,146.6,439.1,171.6,29.71,29.71,29.7,29.7,29.68,29.71,0,0,0,0,0,0,,,,,,,,,,,,
2026-07-28T00:05:40,5.28,1,6,34,203.3,146.3,439.1,172.9,29.71,29.71,29.75,29.51,29.72,29.7,0,0,0,0,0,0,24.7,26.9,28.3,25.3,28.8,22.8,62,66,63,-3,-39,19
2026-07-28T00:06:10,5.2883,1,6,34,210.4,146.2,439.1,169.4,29.74,29.7,29.71,29.71,29.71,29.74,0,0,0,0,0,0,,,,,,,,,,,,
2026-07-28T00:06:40,5.2966,1,6,34,211.3,144.7,439.1,170.3,29.68,29.7,29.71,29.7,29.7,29.7,0,0,0,0,0,0,28.4,29.1,26.1,28.6,26.5,28.1,-14,-27,19,-17,79,35
2026-07-28T00:07:10,5.305,1,6,34,213.1,144.7,439.1,173.6,29.71,29.7,29.76,29.71,29.51,29.71,0,0,0,0,0,0,,,,,,,,,,,,
2026-07-28T00:07:40,5.3133,1,6,34,207.7,146.1,439.1,171.1,29.04,29.71,29.7,28.51,29.35,29.13,0,0,0,0,0,0,28.9,27.1,27.9,26.7,28.9,26.0,103,-44,19,-2,-25,-7
2026-07-28T00:08:10,5.3217,1,6,34,213.1,148.6,439.1,169.8,29.71,29.73,29.71,29.72,29.71,29.68,0,0,0,0,0,0,,,,,,,,,,,,
2026-07-28T00:08:40,5.33,1,6,34,200.0,144.7,439.1,169.7,29.71,29.31,29.73,29.11,29.7,29.49,0,0,0,0,0,0,25.7,25.2,27.1,25.9,25.7,29.3,-25,-15,-56,17,38,33
2026-07-28T00:09:10,5.3383,1,6,34,219.9,142.7,439.1,169.4,29.54,29.7,29.75,29.14,29.72,29.7,0,0,0,0,0,0,,,,,,,,,,,,
2026-07-28T00:09:40,5.3467,1,6,34,213.0,141.2,439.1,172.3,29.71,29.51,29.7,29.73,29.7,29.7,0,0,0,0,0,0,27.4,26.8,25.7,24.6,25.5,25.4,-11,-54,-57,-94,-68,-38
2026-07-28T00:10:11,5.355,1,6,34,199.8,144.0,439.1,171.5,29.72,29.7,29.7,29.72,28.51,29.71,0,0,0,0,0,0,,,,,,,,,,,,
2026-07-28T00:10:41,5.3634,1,6,34,212.9,144.6,439.1,168.8,29.71,29.71,29.72,29.7,27.52,29.7,0,0,0,0,0,0,28.8,24.1,26.6,23.7,24.6,24.5,-32,22,22,41,38,25
2026-07-28T00:11:11,5.3717,1,6,34,221.0,144.8,439.1,171.2,29.73,29.71,29.71,29.71,29.69,29.68,0,0,0,0,0,0,,,,,,,,,,,,
2026-07-28T00:11:41,5.38,1,6,34,210.2,142.5,439.1,169.4,28.32,29.74,27.31,29.5,29.69,26.93,0,0,0,0,0,0,28.7,27.7,26.0,25.3,24.7,25.2,-19,81,-13,-10,-36,-27
2026-07-28T00:12:11,5.3884,1,6,34,210.5,142.3,439.1,172.0,28.1,27.93,29.73,29.34,29.31,28.91,0,0,0,0,0,0,,,,,,,,,,,,
2026-07-28T00:12:41,5.3967,1,6,34,215.6,141.8,439.1,167.6,27.26,29.9,28.33,28.53,28.54,29.71,0,0,0,0,0,0,25.5,28.4,26.7,22.6,20.4,26.3,-58,34,-46,18,-2,-20
2026-07-28T00:13:11,5.4051,1,6,34,211.0,144.7,439.1,166.8,29.31,29.33,26.63,29.7,29.71,29.7,0,0,0,0,0,0,,,,,,,,,,,,
2026-07-28T00:13:41,5.4134,1,6,34,222.1,145.0,439.1,168.6,29.51,29.74,29.5,29.7,29.11,29.7,0,0,0,0,0,0,24.0,29.4,30.2,28.8,25.5,27.5,-26,-2,45,68,58,50
2026-07-28T00:14:11,5.4218,1,6,34,199.9,145.1,439.1,169.9,28.71,29.74,29.71,29.7,29.71,29.71,0,0,0,0,0,0,,,,,,,,,,,,
2026-07-28T00:14:41,5.4301,1,6,34,207.6,143.2,439.1,162.0,29.31,29.71,29.71,29.72,29.7,29.73,0,0,0,0,0,0,26.5,24.8,27.4,24.8,27.2,25.5,33,-45,-21,-13,27,62
2026-07-28T00:15:11,5.4384,1,6,34,218.3,146.2,439.1,171.0,29.7,29.7,29.71,29.71,29.71,27.35,0,0,0,0,0,0,,,,,,,,,,,,
2026-07-28T00:15:41,5.4468,1,6,34,200.7,146.4,439.1,171.4,29.71,29.71,29.79,29.71,29.7,29.71,0,0,0,0,0,0,27.2,28.6,21.7,24.8,26.6,25.9,24,-19,102,-23,-46,-36
2026-07-28T00:16:11,5.4551,1,6,34,218.2,145.4,439.1,168.8,29.73,29.7,29.69,29.71,29.71,29.72,0,0,0,0,0,0,,,,,,,,,,,,
2026-07-28T00:16:41,5.4635,1,6,34,218.2,145.7,439.1,166.3,29.73,29.72,29.73,29.73,29.71,29.7,0,0,0,0,0,0,24.7,27.0,29.4,24.5,27.6,25.7,38,-32,23,23,-92,3
2026-07-28T00:17:11,5.4718,1,6,34,207.8,152.3,439.1,155.0,29.72,29.73,29.71,29.73,29.7,29.71,0,0,0,0,0,0,,,,,,,,,,,,
2026-07-28T00:17:41,5.4801,1,6,34,218.1,154.6,439.1,151.6,29.71,29.74,29.71,29.73,29.71,29.7,0,0,0,0,0,0,30.2,28.9,25.7,23.9,26.2,28.9,128,131,120,72,170,95
2026-07-28T00:18:11,5.4885,1,6,34,218.3,153.1,439.1,151.9,29.72,29.71,29.71,29.71,29.73,29.71,0,0,0,0,0,0,,,,,,,,,,,,
2026-07-28T00:18:41,5.4968,1,6,34,207.8,152.6,439.1,134.4,29.71,29.71,29.7,29.7,29.73,29.7,0,0,0,0,0,0,29.7,27.6,29.0,26.6,28.9,29.3,54,69,-4,19,44,27
2026-07-28T00:19:11,5.5052,1,6,34,218.4,154.6,439.1,125.8,29.71,29.71,29.7,29.71,29.71,29.7,0,0,0,0,0,0,,,,,,,,,,,,
2026-07-28T00:19:41,5.5135,1,6,34,201.3,153.4,439.1,126.3,29.74,29.71,29.7,29.7,29.71,29.7,0,0,0,0,0,0,29.6,28.4,26.3,29.3,24.6,29.3,1,47,-60,-3,21,7
2026-07-28T00:20:11,5.5218,1,6,34,223.6,151.9,439.1,126.8,29.71,29.71,29.73,29.71,29.71,29.73,0,0,0,0,0,0,,,,,,,,,,,,
2026-07-28T00:20:41,5.5302,1,6,34,223.6,151.9,439.1,126.5,29.71,29.72,29.7,29.71,29.7,29.71,0,0,0,0,0,0,25.2,29.2,27.3,26.8,29.6,25.8,-65,-16,-30,42,-22,-32
2026-07-28T00:21:11,5.5385,1,6,34,208.6,154.0,439.1,126.4,29.71,29.7,29.71,29.73,29.71,29.7,0,0,0,0,0,0,,,,,,,,,,,,
2026-07-28T00:21:41,5.5469,1,6,34,207.7,153.5,439.1,126.2,29.71,29.71,29.71,29.71,29.7,29.71,0,0,0,0,0,0,28.8,26.5,29.9,29.3,25.6,30.8,1,-19,-20,-9,39,58
2026-07-28T00:22:11,5.5552,1,6,34,201.5,156.0,439.1,126.1,29.71,29.71,29.71,29.71,29.72,29.71,0,0,0,0,0,0,,,,,,,,,,,,
2026-07-28T00:22:41,5.5636,1,6,34,210.3,153.6,439.1,125.8,29.71,29.71,29.7,29.7,29.7,29.71,0,0,0,0,0,0,27.3,28.0,28.6,28.1,27.6,26.3,-14,-59,30,27,14,0
2026-07-28T00:23:11,5.5719,1,6,34,220.9,156.5,439.1,125.8,29.72,29.69,29.71,29.7,29.7,29.71,0,0,0,0,0,0,,,,,,,,,,,,
2026-07-28T00:23:41,5.5802,1,6,34,213.6,155.1,439.1,125.8,29.73,29.71,29.73,29.71,29.71,29.7,0,0,0,0,0,0,28.6,28.1,28.5,28.5,28.6,29.5,-27,46,21,51,-3,-1
2026-07-28T00:24:11,5.5886,1,6,34,212.9,156.3,439.1,126.1,29.71,29.74,29.71,29.71,29.7,29.7,0,0,0,0,0,0,,,,,,,,,,,,
2026-07-28T00:24:41,5.5969,1,6,34,218.3,154.8,439.1,126.3,29.71,29.7,29.72,29.73,29.69,29.7,0,0,0,0,0,0,28.3,29.0,29.5,25.6,28.5,25.4,5,-8,6,-71,18,-37
2026-07-28T00:25:11,5.6053,1,6,34,207.7,154.5,439.1,126.1,29.71,29.7,29.71,29.71,29.69,29.71,0,0,0,0,0,0,,,,,,,,,,,,
2026-07-28T00:25:41,5.6136,1,6,34,218.1,154.5,439.1,125.8,29.7,29.71,29.71,29.71,29.73,29.71,0,0,0,0,0,0,28.7,28.0,29.5,27.1,25.5,28.9,27,18,50,-10,-4,-72
2026-07-28T00:26:11,5.6219,1,6,34,200.0,154.8,439.1,125.5,29.71,29.7,29.7,29.71,29.7,29.71,0,0,0,0,0,0,,,,,,,,,,,,
2026-07-28T00:26:41,5.6303,1,6,34,210.2,154.8,439.1,125.6,29.7,29.71,29.71,29.71,29.71,29.71,0,0,0,0,0,0,30.4,29.3,27.0,24.7,30.4,25.4,16,-8,-19,-69,0,86
2026-07-28T00:27:11,5.6386,1,6,34,203.7,155.4,439.1,125.7,29.73,29.72,29.68,29.7,29.7,29.72,0,0,0,0,0,0,,,,,,,,,,,,
2026-07-28T00:27:42,5.647,1,6,34,207.7,155.4,439.1,125.8,29.71,29.73,29.73,29.71,29.71,29.71,0,0,0,0,0,0,25.7,29.3,29.3,28.4,28.6,26.8,-21,3,44,52,-23,-51
2026-07-28T00:28:12,5.6553,1,6,34,212.9,153.0,439.1,126.1,29.71,29.69,29.69,29.7,29.68,29.71,0,0,0,0,0,0,,,,,,,,,,,,
2026-07-28T00:28:42,5.6636,1,6,34,213.1,154.3,439.1,126.2,29.7,29.71,29.71,29.73,29.71,29.71,0,0,0,0,0,0,28.6,28.0,28.8,28.1,27.7,25.3,25,35,-17,-25,-57,-17
2026-07-28T00:29:12,5.672,1,6,34,200.0,154.5,439.1,126.6,29.71,29.74,29.69,29.74,29.72,29.7,0,0,0,0,0,0,,,,,,,,,,,,
2026-07-28T00:29:42,5.6803,1,6,34,221.0,155.8,439.1,126.4,29.71,29.72,29.71,29.71,29.73,29.7,0,0,0,0,0,0,28.6,25.6,26.9,28.6,27.3,28.1,94,0,-59,23,-12,40
2026-07-28T00:30:12,5.6887,1,6,34,220.9,153.6,439.1,126.7,29.71,29.7,29.7,29.71,29.73,29.71,0,0,0,0,0,0,,,,,,,,,,,,
2026-07-28T00:30:42,5.697,1,6,34,206.1,149.5,439.1,127.0,29.74,29.71,29.71,29.71,29.7,29.72,0,0,0,0,0,0,27.8,24.2,28.0,27.5,27.2,27.7,-84,-18,-24,-19,49,3
2026-07-28T00:31:12,5.7054,1,6,34,210.5,147.6,439.1,127.4,29.71,29.73,29.73,29.7,29.71,29.7,0,0,0,0,0,0,,,,,,,,,,,,
2026-07-28T00:31:42,5.7137,1,6,34,200.0,152.4,439.1,126.8,29.72,29.71,29.7,29.71,29.7,29.71,0,0,0,0,0,0,27.2,25.9,28.6,28.9,28.2,27.2,-119,-127,17,131,-100,-64
2026-07-28T00:32:12,5.722,1,6,34,210.4,155.2,439.1,126.1,29.71,29.69,29.7,29.72,29.71,29.71,0,0,0,0,0,0,,,,,,,,,,,,
2026-07-28T00:32:42,5.7304,1,6,34,204.1,155.9,439.1,126.0,29.7,29.7,29.71,29.72,29.71,29.71,0,0,0,0,0,0,27.9,28.2,29.8,25.7,25.2,28.3,37,81,19,-21,139,136
2026-07-28T00:33:12,5.7387,1,6,34,221.0,157.4,439.1,125.8,29.71,29.72,29.71,29.72,29.74,29.7,0,0,0,0,0,0,,,,,,,,,,,,
2026-07-28T00:33:42,5.7471,1,6,34,210.4,155.5,439.1,125.9,29.7,29.7,29.71,29.7,29.74,29.7,0,0,0,0,0,0,28.6,25.8,26.2,28.4,28.4,28.3,-28,23,33,35,-17,42
2026-07-28T00:34:12,5.7554,1,6,34,226.3,155.8,439.1,126.2,29.73,29.71,29.71,29.71,29.7,29.73,0,0,0,0,0,0,,,,,,,,,,,,
2026-07-28T00:34:42,5.7637,1,6,34,215.6,157.7,439.1,126.2,29.71,29.73,29.7,29.7,29.7,29.7,0,0,0,0,0,0,28.9,28.4,27.5,28.4,26.8,27.0,41,-20,-42,23,6,-78
2026-07-28T00:35:12,5.7721,1,6,34,213.0,156.8,439.1,126.4,29.71,29.71,29.73,29.71,29.71,29.71,0,0,0,0,0,0,,,,,,,,,,,,
2026-07-28T00:35:42,5.7804,1,6,34,200.0,156.9,439.1,126.5,29.71,29.71,29.7,29.73,29.71,29.7,0,0,0,0,0,0,27.6,30.6,29.3,28.5,26.0,27.0,58,99,34,-57,-48,-3
2026-07-28T00:36:12,5.7888,1,6,34,207.7,156.8,439.1,126.3,29.71,29.7,29.7,29.73,29.71,29.7,0,0,0,0,0,0,,,,,,,,,,,,
2026-07-28T00:36:42,5.7971,1,6,34,202.1,156.8,439.1,126.1,29.7,29.69,29.7,29.71,29.73,29.71,0,0,0,0,0,0,29.9,28.2,27.6,28.2,26.6,29.1,66,-23,-7,-29,-18,-11
2026-07-28T00:37:12,5.8054,1,6,34,207.7,156.1,439.1,125.9,29.7,29.71,29.71,29.51,29.73,29.7,0,0,0,0,0,0,,,,,,,,,,,,
2026-07-28T00:37:42,5.8138,1,6,34,213.0,154.6,439.1,126.2,29.72,29.7,29.7,29.71,29.71,29.74,0,0,0,0,0,0,28.1,28.9,28.2,28.5,26.9,26.5,4,-20,-4,-5,15,-36
2026-07-28T00:38:12,5.8221,1,6,34,218.3,152.4,439.1,126.5,29.71,29.73,29.73,29.7,29.7,29.7,0,0,0,0,0,0,,,,,,,,,,,,
2026-07-28T00:38:42,5.8305,1,6,34,223.5,151.4,439.1,126.8,29.71,29.71,29.72,29.71,29.7,29.7,0,0,0,0,0,0,27.3,25.7,25.6,27.2,25.6,29.2,-20,-126,-28,-15,-120,59
2026-07-28T00:39:12,5.8388,1,6,34,218.2,154.7,439.1,126.9,29.7,29.71,29.7,29.73,29.7,29.71,0,0,0,0,0,0,,,,,,,,,,,,
2026-07-28T00:39:42,5.8472,1,6,34,223.4,153.8,439.1,126.7,29.71,29.7,29.71,29.72,29.7,29.7,0,0,0,0,0,0,28.9,27.5,27.1,28.0,27.5,27.6,-27,57,-17,66,63,-51
2026-07-28T00:40:12,5.8555,1,6,34,218.2,154.9,439.1,127.0,29.71,29.71,29.7,29.71,29.67,29.71,0,0,0,0,0,0,,,,,,,,,,,,
2026-07-28T00:40:42,5.8638,1,6,34,215.6,155.3,439.1,127.1,29.71,29.7,29.71,29.72,29.73,29.7,0,0,0,0,0,0,26.4,27.7,27.9,29.6,26.5,30.0,-26,-22,-46,25,89,70
2026-07-28T00:41:12,5.8722,1,6,34,199.8,154.8,439.1,126.6,29.73,29.71,29.71,29.7,29.71,29.73,0,0,0,0,0,0,,,,,,,,,,,,
2026-07-28T00:41:42,5.8805,1,6,34,221.0,154.4,439.1,126.5,29.71,29.71,29.73,29.71,29.7,29.7,0,0,0,0,0,0,29.7,26.7,24.6,29.0,26.0,29.9,-12,-31,21,-39,33,7
2026-07-28T00:42:12,5.8889,1,6,34,215.8,156.3,439.1,126.2,29.7,29.71,29.73,29.7,29.71,29.71,0,0,0,0,0,0,,,,,,,,,,,,
2026-07-28T00:42:42,5.8972,1,6,34,210.3,158.6,439.1,126.3,29.71,29.71,29.71,29.7,29.71,29.73,0,0,0,0,0,0,25.8,28.6,28.0,28.1,28.1,27.3,35,-26,81,-4,-14,-15
2026-07-28T00:43:12,5.9055,1,6,34,220.8,158.4,439.1,125.9,29.7,29.7,29.7,29.74,29.7,29.71,0,0,0,0,0,0,,,,,,,,,,,,
2026-07-28T00:43:42,5.9139,1,6,34,217.0,157.3,439.1,126.1,29.72,29.72,29.71,29.71,29.73,29.71,0,0,0,0,0,0,29.1,26.2,25.5,25.8,27.7,29.7,-6,27,24,27,32,-63
2026-07-28T00:44:12,5.9222,1,6,34,210.3,155.3,439.1,126.1,29.73,29.71,29.71,29.7,29.73,29.71,0,0,0,0,0,0,,,,,,,,,,,,
2026-07-28T00:44:42,5.9306,1,6,34,218.4,156.1,439.1,126.4,29.73,29.73,29.7,29.72,29.71,29.71,0,0,0,0,0,0,27.0,28.6,29.7,24.8,29.2,25.5,-7,38,24,-146,-16,-29
2026-07-28T00:45:12,5.9389,1,6,34,201.1,156.7,439.1,126.4,29.7,29.74,29.7,29.72,29.7,29.7,0,0,0,0,0,0,,,,,,,,,,,,
2026-07-28T00:45:43,5.9472,1,6,34,228.8,154.4,439.1,126.0,29.71,29.7,29.73,29.71,29.7,29.71,0,0,0,0,0,0,27.8,26.9,28.6,26.7,27.3,27.8,8,0,14,28,-1,-21
2026-07-28T00:46:13,5.9556,1,6,34,218.2,154.7,439.1,126.1,29.72,29.73,29.7,29.71,29.72,29.73,0,0,0,0,0,0,,,,,,,,,,,,
2026-07-28T00:46:43,5.9639,1,6,34,207.6,154.2,439.1,126.3,29.71,29.71,29.71,29.75,29.71,29.7,0,0,0,0,0,0,30.4,26.8,29.7,26.9,27.9,28.1,36,-36,-21,-35,-43,-11
2026-07-28T00:47:13,5.9723,1,6,34,207.1,150.4,439.1,126.6,29.71,29.7,29.7,29.7,29.72,29.7,0,0,0,0,0,0,,,,,,,,,,,,
2026-07-28T00:47:43,5.9806,1,6,34,226.2,153.5,439.1,126.5,29.7,29.71,29.71,29.71,29.73,29.71,0,0,0,0,0,0,27.1,28.6,29.5,26.7,25.9,27.3,30,-53,-118,55,11,-84
2026-07-28T00:48:13,5.989,1,6,34,208.8,154.4,439.1,126.3,29.73,29.71,29.71,29.71,29.72,29.7,0,0,0,0,0,0,,,,,,,,,,,,
2026-07-28T00:48:43,5.9973,1,6,34,215.6,152.2,439.1,126.3,29.72,29.75,29.71,29.71,29.7,29.71,0,0,0,0,0,0,27.6,27.6,26.3,27.7,28.4,23.9,-67,80,89,27,9,122
2026-07-28T00:49:13,6.0056,1,6,34,213.6,151.3,439.1,126.5,29.71,29.7,29.73,29.71,29.71,29.7,0,0,0,0,0,0,,,,,,,,,,,,
2026-07-28T00:49:43,6.014,1,6,34,200.0,151.8,439.1,126.6,29.7,29.71,29.7,29.7,29.71,29.73,0,0,0,0,0,0,26.7,26.8,24.8,25.9,24.1,28.3,-43,-16,-81,47,-140,41
2026-07-28T00:50:13,6.0223,1,6,34,214.6,154.6,439.1,126.7,29.71,29.71,29.71,29.73,29.7,29.71,0,0,0,0,0,0,,,,,,,,,,,,
2026-07-28T00:50:43,6.0307,1,6,34,218.3,154.6,439.1,126.0,29.71,29.71,29.71,29.71,29.73,29.7,0,0,0,0,0,0,26.5,28.7,27.0,29.2,26.9,28.9,15,19,-14,11,123,-34
2026-07-28T00:51:13,6.039,1,6,34,215.7,154.4,439.1,126.0,29.72,29.71,29.71,29.7,29.7,29.71,0,0,0,0,0,0,,,,,,,,,,,,
2026-07-28T00:51:43,6.0473,1,6,34,218.2,153.9,439.1,125.8,29.73,29.73,29.71,29.71,29.7,29.51,0,0,0,0,0,0,29.6,26.8,29.1,26.4,27.3,26.9,-78,58,14,35,-32,73
2026-07-28T00:52:13,6.0557,1,6,34,220.9,154.9,439.1,125.9,29.71,29.73,29.7,29.71,29.71,29.7,0,0,0,0,0,0,,,,,,,,,,,,
2026-07-28T00:52:43,6.064,1,6,34,209.9,154.8,439.1,125.8,29.5,29.71,29.72,29.65,29.59,29.7,0,0,0,0,0,0,26.1,26.6,26.2,26.1,27.8,27.9,37,-1,57,-7,37,-43
2026-07-28T00:53:13,6.0724,1,6,34,213.0,154.4,439.1,125.7,29.71,29.7,29.71,29.71,29.7,29.73,0,0,0,0,0,0,,,,,,,,,,,,
2026-07-28T00:53:43,6.0807,1,6,34,200.0,154.7,439.1,125.7,29.7,29.71,29.71,29.73,29.7,29.7,0,0,0,0,0,0,25.4,28.0,29.4,28.7,27.6,26.9,6,18,-10,-40,-22,78
2026-07-28T00:54:13,6.089,1,6,34,215.6,153.3,439.1,125.6,29.71,29.7,29.7,29.71,29.7,29.71,0,0,0,0,0,0,,,,,,,,,,,,
2026-07-28T00:54:43,6.0974,1,6,34,201.6,154.7,439.1,125.8,29.7,29.7,29.7,29.7,29.65,29.7,0,0,0,0,0,0,29.3,29.2,27.9,24.4,25.9,26.1,63,-30,22,-78,-30,-19
2026-07-28T00:55:13,6.1057,1,6,34,202.5,154.5,439.1,126.0,29.72,29.71,29.71,29.7,29.71,29.7,0,0,0,0,0,0,,,,,,,,,,,,
2026-07-28T00:55:43,6.1141,1,6,34,199.8,156.5,439.1,126.1,29.73,29.71,29.71,29.71,29.72,29.72,0,0,0,0,0,0,26.2,25.7,29.3,27.6,27.4,28.8,41,80,52,4,28,-57
2026-07-28T00:56:13,6.1224,1,6,34,200.0,153.3,439.1,126.3,29.73,29.73,29.73,29.7,29.71,29.71,0,0,0,0,0,0,,,,,,,,,,,,
2026-07-28T00:56:43,6.1308,1,6,34,226.3,153.9,439.1,126.3,29.7,29.71,29.71,29.7,29.7,29.71,0,0,0,0,0,0,27.5,27.4,27.1,28.4,27.2,25.9,14,-132,-3,-36,4,41
2026-07-28T00:57:13,6.1391,1,6,34,200.0,153.8,439.1,126.0,29.71,29.73,29.71,29.73,29.71,29.73,0,0,0,0,0,0,,,,,,,,,,,,
2026-07-28T00:57:43,6.1474,1,6,34,201.4,152.9,439.1,126.2,29.7,29.71,29.71,29.7,29.71,29.71,0,0,0,0,0,0,26.7,29.2,29.2,26.8,28.4,28.8,19,45,15,18,-1,-68
2026-07-28T00:58:13,6.1558,1,6,34,226.3,151.8,439.1,126.5,29.7,29.71,29.7,29.71,29.71,29.7,0,0,0,0,0,0,,,,,,,,,,,,
2026-07-28T00:58:43,6.1641,1,6,34,219.6,152.2,439.1,126.9,29.71,29.71,29.71,29.7,29.7,29.7,0,0,0,0,0,0,25.7,27.1,27.1,29.5,28.7,28.5,-37,10,-44,53,7,47
2026-07-28T00:59:13,6.1725,1,6,34,216.6,153.0,439.1,126.6,29.73,29.71,29.71,29.69,29.8,29.71,0,0,0,0,0,0,,,,,,,,,,,,
2026-07-28T00:59:43,6.1808,1,6,34,218.2,153.2,439.1,126.3,29.73,29.73,29.74,29.71,29.7,29.7,0,0,0,0,0,0,27.7,24.8,26.9,25.5,22.4,27.5,-67,-39,35,-17,6,-9
2026-07-28T01:00:13,6.1891,1,6,34,218.3,157.1,439.1,126.4,29.7,29.71,29.72,29.71,29.7,29.7,0,0,0,0,0,0,,,,,,,,,,,,
2026-07-28T01:00:43,6.1975,1,6,34,221.0,156.0,439.1,126.6,29.71,29.71,29.71,29.73,29.73,29.72,0,0,0,0,0,0,26.4,29.9,29.0,29.5,29.2,28.8,29,51,-31,47,47,32
2026-07-28T01:01:13,6.2058,1,6,34,218.4,155.1,439.1,126.7,29.71,29.7,29.71,29.7,29.71,29.7,0,0,0,0,0,0,,,,,,,,,,,,
2026-07-28T01:01:43,6.2142,1,6,34,210.9,155.3,439.1,126.6,29.71,29.71,29.71,29.71,29.71,29.7,0,0,0,0,0,0,28.5,27.8,25.8,27.5,27.5,27.5,12,37,-53,-19,-57,-31
2026-07-28T01:02:13,6.2225,1,6,34,220.9,151.3,439.1,126.8,29.71,29.71,29.7,29.71,29.7,29.71,0,0,0,0,0,0,,,,,,,,,,,,
2026-07-28T01:02:43,6.2308,1,6,34,218.3,149.2,439.1,127.0,29.73,29.73,29.71,29.71,29.7,29.7,0,0,0,0,0,0,27.0,24.6,29.7,17.9,29.3,23.6,-18,-108,36,-184,83,-181
2026-07-28T01:03:14,6.2392,1,6,34,210.8,150.2,439.1,127.0,29.73,29.72,29.73,29.7,29.71,29.71,0,0,0,0,0,0,,,,,,,,,,,,
2026-07-28T01:03:44,6.2475,1,6,34,199.8,153.4,439.1,126.2,29.71,29.7,29.7,29.71,29.71,29.7,0,0,0,0,0,0,29.0,29.7,27.8,30.3,28.6,29.5,11,-84,-4,104,7,28
2026-07-28T01:04:14,6.2559,1,6,34,220.8,152.6,439.1,126.3,29.71,29.7,29.71,29.74,29.73,29.73,0,0,0,0,0,0,,,,,,,,,,,,
2026-07-28T01:04:44,6.2642,1,6,34,215.5,149.0,439.1,126.4,29.71,29.7,29.71,29.71,29.73,29.71,0,0,0,0,0,0,28.6,25.0,29.9,21.7,29.2,26.2,10,15,40,-82,-69,119
2026-07-28T01:05:14,6.2726,1,6,34,211.7,150.0,439.1,126.8,29.7,29.72,29.71,29.71,29.71,29.7,0,0,0,0,0,0,,,,,,,,,,,,
2026-07-28T01:05:44,6.2809,1,6,34,210.4,153.1,439.1,126.1,29.71,29.7,29.71,29.7,29.7,29.71,0,0,0,0,0,0,26.4,27.7,29.4,25.5,27.8,30.2,-13,-103,27,-22,75,-51
2026-07-28T01:06:14,6.2892,1,6,34,229.9,148.2,439.1,125.7,29.73,29.73,29.7,29.7,29.7,29.7,0,0,0,0,0,0,,,,,,,,,,,,
2026-07-28T01:06:44,6.2976,1,6,34,232.5,127.0,439.1,125.5,29.73,29.73,29.71,29.7,29.71,29.71,0,0,0,0,0,0,30.2,27.9,28.2,27.7,29.8,25.5,-25,92,-25,47,-78,119
2026-07-28T01:07:14,6.3059,1,6,34,232.5,126.3,439.1,125.4,29.7,29.71,29.73,29.7,29.7,29.72,0,0,0,0,0,0,,,,,,,,,,,,
2026-07-28T01:07:44,6.3143,1,6,34,229.8,128.9,439.1,125.7,29.7,29.7,29.7,29.71,29.7,29.72,0,0,0,0,0,0,26.5,28.2,30.0,28.3,27.4,29.8,-33,132,29,135,0,-51
2026-07-28T01:08:14,6.3226,1,6,34,232.4,129.2,439.1,126.0,29.71,29.71,29.71,29.73,29.73,29.7,0,0,0,0,0,0,,,,,,,,,,,,
2026-07-28T01:08:44,6.3309,1,6,34,235.2,127.0,439.1,126.7,29.7,29.71,29.7,29.73,29.73,29.71,0,0,0,0,0,0,29.0,29.0,28.3,27.3,28.3,27.3,-5,19,-30,7,45,47
2026-07-28T01:09:14,6.3393,1,6,34,235.2,127.0,439.1,126.6,29.71,29.71,29.71,29.7,29.7,29.7,0,0,0,0,0,0,,,,,,,,,,,,
2026-07-28T01:09:44,6.3476,1,6,34,235.2,128.5,439.1,126.5,29.71,29.73,29.71,29.7,29.7,29.7,0,0,0,0,0,0,23.7,26.5,30.0,28.0,23.1,30.1,-43,65,-12,58,-106,7
2026-07-28T01:10:14,6.356,1,6,34,235.2,128.8,439.1,126.2,29.71,29.71,29.7,29.71,29.71,29.69,0,0,0,0,0,0,,,,,,,,,,,,
2026-07-28T01:10:44,6.3643,1,6,34,227.2,129.8,439.1,126.1,29.7,29.71,29.74,29.71,29.7,29.71,0,0,0,0,0,0,28.9,27.6,27.2,28.3,28.7,25.7,5,-30,-26,10,56,12
2026-07-28T01:11:14,6.3726,1,6,34,229.8,128.7,439.1,126.2,29.71,29.72,29.73,29.73,29.7,29.73,0,0,0,0,0,0,,,,,,,,,,,,
2026-07-28T01:11:44,6.381,1,6,34,229.8,128.7,439.1,126.3,29.71,29.7,29.72,29.74,29.71,29.71,0,0,0,0,0,0,25.7,26.6,26.5,27.3,28.1,25.0,-16,-23,-3,-6,-39,33
2026-07-28T01:12:14,6.3893,1,6,34,229.8,122.2,439.1,126.7,29.7,29.7,29.72,29.7,29.72,29.71,0,0,0,0,0,0,,,,,,,,,,,,
2026-07-28T01:12:44,6.3977,1,6,30,229.9,124.0,438.4,126.9,29.71,29.71,29.71,29.7,29.7,29.71,0,0,0,0,0,0,26.0,26.0,30.3,25.0,26.2,30.2,-26,-105,6,-54,-91,-11
2026-07-28T01:13:14,6.406,1,6,30,229.9,126.9,438.4,126.6,29.73,29.72,29.7,29.71,29.7,29.69,0,0,0,0,0,0,,,,,,,,,,,,
2026-07-28T01:13:44,6.4144,1,6,30,229.9,128.1,438.4,126.1,29.73,29.71,29.7,29.71,29.72,29.7,0,0,0,0,0,0,27.2,28.6,28.1,29.2,28.9,29.6,78,53,11,-55,86,9
2026-07-28T01:14:14,6.4227,1,6,30,229.9,129.2,438.4,125.7,29.71,29.71,29.73,29.71,29.7,29.7,0,0,0,0,0,0,,,,,,,,,,,,
2026-07-28T01:14:44,6.431,1,6,30,229.9,130.5,438.4,125.6,29.71,29.7,29.72,29.71,29.71,29.73,0,0,0,0,0,0,25.5,25.4,30.5,26.4,26.8,28.5,8,-11,32,88,94,-73
2026-07-28T01:15:14,6.4394,1,6,30,229.9,131.1,438.4,125.4,29.7,29.7,29.71,29.73,29.71,29.71,0,0,0,0,0,0,,,,,,,,,,,,
2026-07-28T01:15:44,6.4477,1,6,30,232.5,129.7,438.4,125.2,29.71,29.71,29.71,29.73,29.73,29.71,0,0,0,0,0,0,26.1,29.5,27.4,28.7,30.7,27.6,12,32,-9,-25,50,60
2026-07-28T01:16:14,6.4561,1,6,30,232.5,128.9,438.4,125.5,29.72,29.69,29.7,29.71,29.71,29.7,0,0,0,0,0,0,,,,,,,,,,,,
2026-07-28T01:16:44,6.4644,1,6,30,232.5,127.9,438.4,125.6,29.73,29.73,29.71,29.7,29.71,29.7,0,0,0,0,0,0,26.5,26.0,28.1,25.2,26.4,28.3,-60,-26,33,14,-64,-59
2026-07-28T01:17:14,6.4727,1,6,30,232.5,127.2,438.4,125.5,29.73,29.71,29.71,29.7,29.7,29.7,0,0,0,0,0,0,,,,,,,,,,,,
2026-07-28T01:17:44,6.4811,1,6,30,232.5,127.9,438.4,125.6,29.71,29.7,29.72,29.65,29.69,29.73,0,0,0,0,0,0,22.9,28.8,28.8,28.7,28.1,27.8,-28,0,27,35,-15,-88
2026-07-28T01:18:14,6.4894,1,6,30,232.5,127.9,438.4,125.9,29.7,29.72,29.74,29.7,29.7,29.73,0,0,0,0,0,0,,,,,,,,,,,,
2026-07-28T01:18:44,6.4978,1,6,30,232.5,129.1,438.4,126.3,29.71,29.71,29.71,29.7,29.72,29.7,0,0,0,0,0,0,28.2,30.5,28.3,27.2,27.6,28.2,17,26,-37,-4,-41,73
2026-07-28T01:19:14,6.5061,1,6,30,232.5,129.9,438.4,126.6,29.7,29.72,29.7,29.74,29.73,29.7,0,0,0,0,0,0,,,,,,,,,,,,
2026-07-28T01:19:44,6.5144,1,6,30,232.5,127.8,438.4,126.8,29.71,29.71,29.71,29.71,29.71,29.82,0,0,0,0,0,0,24.8,28.2,29.9,28.2,29.7,27.1,20,36,40,19,78,-40
2026-07-28T01:20:14,6.5228,1,6,30,232.5,124.7,438.4,126.9,29.73,29.73,29.71,29.69,29.7,29.7,0,0,0,0,0,0,,,,,,,,,,,,
2026-07-28T01:20:45,6.5311,1,6,30,232.5,125.9,438.4,126.8,29.73,29.71,29.71,29.7,29.7,29.71,0,0,0,0,0,0,28.2,28.2,27.5,29.0,27.8,27.8,-27,-73,-80,-36,-43,-16
2026-07-28T01:21:15,6.5395,1,6,30,224.8,126.8,438.4,126.9,29.71,29.71,29.73,29.7,29.7,29.7,0,0,0,0,0,0,,,,,,,,,,,,
2026-07-28T01:21:45,6.5478,1,6,30,227.3,128.2,438.4,126.3,29.7,29.71,29.73,29.7,29.71,29.71,0,0,0,0,0,0,28.3,26.3,29.4,25.9,28.4,27.6,10,-21,-22,21,67,5
2026-07-28T01:22:15,6.5562,1,6,30,229.9,127.6,438.4,126.1,29.71,29.71,29.7,29.73,29.71,29.7,0,0,0,0,0,0,,,,,,,,,,,,
2026-07-28T01:22:45,6.5645,1,6,30,232.5,127.8,438.4,125.8,29.7,29.7,29.71,29.7,29.73,29.73,0,0,0,0,0,0,26.1,26.2,27.2,30.2,26.9,30.1,5,0,5,-10,-7,83
2026-07-28T01:23:15,6.5728,1,6,30,232.5,129.1,438.4,125.6,29.7,29.7,29.7,29.71,29.7,29.71,0,0,0,0,0,0,,,,,,,,,,,,
2026-07-28T01:23:45,6.5812,1,6,30,232.5,129.7,438.4,125.5,29.73,29.71,29.71,29.71,29.71,29.71,0,0,0,0,0,0,29.2,28.1,29.5,27.0,30.1,28.2,-3,19,5,0,29,34
2026-07-28T01:24:15,6.5895,1,6,30,199.9,150.3,438.4,125.4,29.71,29.71,29.71,29.7,29.71,29.71,0,0,0,0,0,0,,,,,,,,,,,,
2026-07-28T01:24:45,6.5979,1,6,30,207.7,155.4,438.4,125.5,29.72,29.7,29.71,29.71,29.7,29.7,0,0,0,0,0,0,25.9,25.6,27.0,25.5,28.0,28.7,-20,65,-53,-28,-26,37
2026-07-28T01:25:15,6.6062,1,6,30,201.9,153.4,438.4,125.5,29.71,29.71,29.71,29.7,29.71,29.7,0,0,0,0,0,0,,,,,,,,,,,,
2026-07-28T01:25:45,6.6145,1,6,30,212.4,154.3,438.4,125.6,29.72,29.71,29.71,29.72,29.7,29.7,0,0,0,0,0,0,27.9,28.4,27.1,28.2,28.2,25.6,11,24,41,-17,-125,-118
2026-07-28T01:26:15,6.6229,1,6,30,215.5,155.7,438.4,125.9,29.72,29.7,29.71,29.73,29.74,29.72,0,0,0,0,0,0,,,,,,,,,,,,
2026-07-28T01:26:45,6.6312,1,6,30,226.2,156.8,438.4,126.2,29.71,29.71,29.73,29.71,29.7,29.7,0,0,0,0,0,0,25.5,29.2,28.3,28.9,24.6,28.7,50,-21,20,0,55,4
2026-07-28T01:27:15,6.6396,1,6,30,216.5,151.7,438.4,126.7,29.73,29.73,29.71,29.68,29.7,29.71,0,0,0,0,0,0,,,,,,,,,,,,
2026-07-28T01:27:45,6.6479,1,6,30,218.1,149.4,438.4,127.0,29.66,29.7,29.71,29.71,29.71,29.7,0,0,0,0,0,0,27.4,27.7,25.2,29.3,27.7,27.4,-144,16,-8,79,-191,19
2026-07-28T01:28:15,6.6562,1,6,30,202.2,150.8,438.4,126.6,29.7,29.71,29.71,29.71,29.71,29.72,0,0,0,0,0,0,,,,,,,,,,,,
2026-07-28T01:28:45,6.6646,1,6,30,215.6,152.0,438.4,126.6,29.72,29.7,29.71,29.7,29.7,29.7,0,0,0,0,0,0,24.8,28.6,29.0,25.3,26.8,27.5,56,-112,-16,-8,68,-64
2026-07-28T01:29:15,6.6729,1,6,30,220.8,153.4,438.4,126.6,29.7,29.71,29.71,29.71,29.7,29.71,0,0,0,0,0,0,,,,,,,,,,,,
2026-07-28T01:29:45,6.6813,1,6,30,210.2,149.8,438.4,127.2,29.71,29.7,29.71,29.73,29.73,29.73,0,0,0,0,0,0,26.5,25.9,29.5,28.8,27.8,26.8,-65,-8,40,14,60,58
2026-07-28T01:30:15,6.6896,1,6,30,213.9,146.3,438.4,127.7,29.71,29.71,29.72,29.71,29.71,29.73,0,0,0,0,0,0,,,,,,,,,,,,
2026-07-28T01:30:45,6.698,1,6,30,218.1,149.0,438.4,127.2,29.73,29.73,29.7,29.71,29.7,29.71,0,0,0,0,0,0,27.3,27.6,28.1,28.6,26.7,27.8,81,-120,-107,-65,-48,-6
2026-07-28T01:31:15,6.7063,1,6,30,212.9,152.6,438.4,126.7,29.73,29.73,29.71,29.7,29.73,29.7,0,0,0,0,0,0,,,,,,,,,,,,
2026-07-28T01:31:45,6.7146,1,6,30,212.8,151.7,438.4,126.3,29.71,29.7,29.7,29.7,29.72,29.7,0,0,0,0,0,0,26.5,23.9,28.0,26.6,29.9,27.7,-12,36,-9,-30,191,59
2026-07-28T01:32:15,6.723,1,6,30,207.6,153.4,438.4,126.4,29.7,29.71,29.71,29.7,29.7,29.7,0,0,0,0,0,0,,,,,,,,,,,,
2026-07-28T01:32:45,6.7313,1,6,30,210.4,152.6,438.4,125.9,29.7,29.7,29.71,29.7,29.7,29.7,0,0,0,0,0,0,27.3,28.9,27.6,28.4,28.3,27.9,27,22,5,10,-7,-3
2026-07-28T01:33:15,6.7397,1,6,30,212.8,154.0,438.4,125.9,29.71,29.71,29.71,29.73,29.71,29.73,0,0,0,0,0,0,,,,,,,,,,,,
2026-07-28T01:33:45,6.748,1,6,30,219.5,153.2,438.4,126.1,29.71,29.7,29.73,29.71,29.71,29.73,0,0,0,0,0,0,27.9,26.4,27.2,29.1,28.4,30.0,-14,9,0,2,-6,-15
2026-07-28T01:34:15,6.7563,1,6,30,209.9,153.2,438.4,125.8,29.71,29.71,29.7,29.71,29.7,29.71,0,0,0,0,0,0,,,,,,,,,,,,
2026-07-28T01:34:45,6.7647,1,6,30,218.1,154.5,438.4,125.8,29.7,29.72,29.71,29.7,29.73,29.7,0,0,0,0,0,0,22.5,25.1,28.3,26.6,29.6,28.0,10,55,65,-38,-15,-9
2026-07-28T01:35:15,6.773,1,6,30,203.9,156.0,438.4,126.1,29.73,29.73,29.7,29.71,29.73,29.7,0,0,0,0,0,0,,,,,,,,,,,,
2026-07-28T01:35:45,6.7814,1,6,30,199.9,154.4,438.4,126.2,29.71,29.71,29.71,29.71,29.7,29.7,0,0,0,0,0,0,27.6,26.4,29.1,26.6,27.9,27.1,63,78,20,69,-53,-85
2026-07-28T01:36:15,6.7897,1,6,30,220.9,151.6,438.4,126.7,29.71,29.7,29.71,29.7,29.71,29.51,0,0,0,0,0,0,,,,,,,,,,,,
2026-07-28T01:36:45,6.798,1,6,30,208.8,145.8,438.4,127.0,29.71,29.71,29.7,29.72,29.71,29.7,0,0,0,0,0,0,14.0,16.5,29.0,27.9,30.0,15.0,-45,-156,9,-54,22,-47
2026-07-28T01:37:15,6.8064,1,6,30,215.7,144.1,438.4,127.2,29.71,29.71,29.73,29.7,29.73,29.71,0,0,0,0,0,0,,,,,,,,,,,,
2026-07-28T01:37:45,6.8147,1,6,30,220.7,153.1,438.4,126.8,29.7,29.71,29.71,29.71,29.7,29.72,0,0,0,0,0,0,26.9,27.0,27.2,27.1,28.9,28.4,-213,11,73,117,-39,-184
2026-07-28T01:38:15,6.8231,1,6,30,223.6,148.5,438.4,126.8,29.72,29.73,29.71,29.71,29.74,29.71,0,0,0,0,0,0,,,,,,,,,,,,
2026-07-28T01:38:46,6.8314,1,6,30,223.7,137.6,438.4,126.7,29.73,29.69,29.71,29.71,29.71,29.7,0,0,0,0,0,0,27.0,26.5,28.8,26.4,29.0,27.0,232,39,-63,-58,42,261
2026-07-28T01:39:16,6.8398,1,6,30,207.7,150.8,438.4,126.7,29.7,29.71,29.71,29.71,29.71,29.5,0,0,0,0,0,0,,,,,,,,,,,,
2026-07-28T01:39:46,6.8481,1,6,30,220.9,153.6,438.4,126.7,29.71,29.71,29.71,29.73,29.71,29.7,0,0,0,0,0,0,27.6,27.4,23.4,29.1,23.4,27.5,32,55,-38,10,-99,64
2026-07-28T01:40:16,6.8564,1,6,30,199.8,152.4,438.4,126.7,29.71,29.7,29.71,29.73,29.7,29.71,0,0,0,0,0,0,,,,,,,,,,,,
2026-07-28T01:40:46,6.8648,1,6,30,208.3,154.7,438.4,126.6,29.71,29.7,29.73,29.71,29.71,29.7,0,0,0,0,0,0,28.1,28.4,27.6,27.6,28.7,27.9,-18,-14,34,-60,74,-24
2026-07-28T01:41:16,6.8731,1,6,30,218.1,153.7,438.4,126.1,29.71,29.71,29.71,29.71,29.71,29.74,0,0,0,0,0,0,,,,,,,,,,,,
2026-07-28T01:41:46,6.8815,1,6,30,218.1,155.1,438.4,126.1,29.7,29.73,29.71,29.71,29.73,29.71,0,0,0,0,0,0,25.1,28.5,28.0,27.7,27.0,30.3,16,23,-46,-13,45,85
2026-07-28T01:42:16,6.8898,1,6,30,212.9,155.4,438.4,125.7,29.73,29.73,29.71,29.71,29.71,29.7,0,0,0,0,0,0,,,,,,,,,,,,
2026-07-28T01:42:46,6.8981,1,6,30,199.8,155.5,438.4,125.7,29.74,29.7,29.69,29.71,29.71,29.71,0,0,0,0,0,0,28.6,29.5,23.6,28.1,28.3,26.8,36,-31,-25,-14,-5,-22
2026-07-28T01:43:16,6.9065,1,6,30,199.8,155.1,438.4,125.7,29.7,29.7,29.7,29.72,29.7,29.7,0,0,0,0,0,0,,,,,,,,,,,,
2026-07-28T01:43:46,6.9148,1,6,30,215.5,155.3,438.4,125.3,29.71,29.71,29.73,29.74,29.71,29.7,0,0,0,0,0,0,26.3,28.4,28.5,27.9,28.6,28.5,38,30,9,-13,-6,-59
2026-07-28T01:44:16,6.9232,1,6,30,199.8,155.0,438.4,125.6,29.7,29.71,29.73,29.71,29.7,29.7,0,0,0,0,0,0,,,,,,,,,,,,
2026-07-28T01:44:46,6.9315,1,6,30,223.4,156.4,438.4,125.9,29.71,29.71,29.71,29.71,29.71,29.73,0,0,0,0,0,0,28.5,28.7,27.7,30.0,27.5,28.6,-25,34,55,39,-105,11
2026-07-28T01:45:16,6.9398,1,6,30,218.6,154.1,438.4,126.2,29.71,29.73,29.71,29.71,29.7,29.7,0,0,0,0,0,0,,,,,,,,,,,,
2026-07-28T01:45:46,6.9482,1,6,30,220.8,151.5,438.4,126.4,29.73,29.72,29.71,29.71,29.73,29.71,0,0,0,0,0,0,26.6,25.8,29.0,27.1,26.0,29.7,-43,-45,26,61,31,-37
2026-07-28T01:46:16,6.9565,1,6,30,207.7,152.7,438.4,126.7,29.73,29.7,29.71,29.71,29.73,29.7,0,0,0,0,0,0,,,,,,,,,,,,
2026-07-28T01:46:46,6.9649,1,6,30,218.1,155.0,438.4,126.3,29.7,29.7,29.71,29.73,29.71,29.71,0,0,0,0,0,0,26.7,27.2,28.4,27.2,25.8,28.9,1,-24,-7,43,-43,49
2026-07-28T01:47:16,6.9732,1,6,30,220.7,155.5,438.4,126.2,29.74,29.71,29.71,29.71,29.7,29.71,0,0,0,0,0,0,,,,,,,,,,,,
2026-07-28T01:47:46,6.9816,1,6,30,214.9,154.5,438.4,126.4,29.71,29.7,29.7,29.73,29.7,29.72,0,0,0,0,0,0,28.4,28.0,28.5,28.7,29.2,26.9,-11,35,52,-11,71,-61
2026-07-28T01:48:16,6.9899,1,6,30,218.3,155.2,438.4,126.7,29.7,29.71,29.73,29.71,29.7,29.73,0,0,0,0,0,0,,,,,,,,,,,,
2026-07-28T01:48:46,6.9982,1,6,30,205.0,154.9,438.4,126.3,29.71,29.74,29.7,29.7,29.71,29.71,0,0,0,0,0,0,21.3,25.5,29.1,26.1,25.3,29.0,19,-34,-28,-41,62,22
2026-07-28T01:49:16,7.0066,1,6,30,204.1,154.5,438.4,126.6,29.73,29.71,29.67,29.7,29.71,29.7,0,0,0,0,0,0,,,,,,,,,,,,
2026-07-28T01:49:46,7.0149,1,6,30,220.8,154.7,438.4,126.5,29.73,29.7,29.71,29.7,29.73,29.71,0,0,0,0,0,0,29.0,28.0,29.5,25.6,26.5,29.2,-40,-20,-13,-28,-6,-15
2026-07-28T01:50:16,7.0233,1,6,30,218.1,154.4,438.4,126.5,29.7,29.71,29.71,29.71,29.71,29.7,0,0,0,0,0,0,,,,,,,,,,,,
2026-07-28T01:50:46,7.0316,1,6,30,212.7,152.9,438.4,126.7,29.7,29.72,29.71,29.7,29.71,29.7,0,0,0,0,0,0,27.7,28.7,27.3,27.2,28.5,28.0,-3,58,-115,-29,-34,115
2026-07-28T01:51:16,7.0399,1,6,30,220.8,156.4,438.4,126.5,29.71,29.71,29.7,29.75,29.7,29.73,0,0,0,0,0,0,,,,,,,,,,,,
2026-07-28T01:51:46,7.0483,1,6,30,223.5,153.4,438.4,126.1,29.71,29.7,29.73,29.71,29.71,29.73,0,0,0,0,0,0,26.6,29.7,24.6,26.0,27.7,27.4,-2,9,-10,26,41,-58
2026-07-28T01:52:16,7.0566,1,6,30,212.9,154.2,438.4,126.1,29.71,29.73,29.73,29.71,29.71,29.71,0,0,0,0,0,0,,,,,,,,,,,,
2026-07-28T01:52:46,7.065,1,6,30,215.6,154.0,438.4,125.7,29.71,29.71,29.71,29.71,29.7,29.71,0,0,0,0,0,0,28.5,28.1,29.7,27.4,28.5,26.1,27,28,-42,-46,39,-44
2026-07-28T01:53:16,7.0733,1,6,30,199.9,155.2,438.4,125.9,29.73,29.71,29.71,29.71,29.72,29.71,0,0,0,0,0,0,,,,,,,,,,,,
2026-07-28T01:53:46,7.0816,1,6,30,210.1,154.0,438.4,125.8,29.71,29.72,29.71,29.7,29.71,29.7,0,0,0,0,0,0,27.6,28.1,26.2,26.5,26.9,28.3,33,-19,34,-24,-19,-3
2026-07-28T01:54:16,7.09,1,6,30,215.5,154.3,438.4,126.0,29.7,29.71,29.71,29.71,29.7,29.71,0,0,0,0,0,0,,,,,,,,,,,,
2026-07-28T01:54:46,7.0983,1,6,30,205.6,150.1,438.4,126.2,29.71,29.71,29.71,29.73,29.71,29.73,0,0,0,0,0,0,24.7,28.2,29.3,26.1,26.6,25.1,68,-83,12,31,-4,-69
2026-07-28T01:55:16,7.1067,1,6,30,215.7,153.7,438.4,126.2,29.71,29.71,29.71,29.69,29.71,29.73,0,0,0,0,0,0,,,,,,,,,,,,
2026-07-28T01:55:46,7.115,1,6,30,199.9,154.0,438.4,125.8,29.72,29.73,29.73,29.72,29.71,29.7,0,0,0,0,0,0,25.3,25.3,27.2,25.9,29.0,25.4,-99,55,28,71,-32,65
2026-07-28T01:56:17,7.1234,1,6,30,223.4,156.4,438.4,125.7,29.71,29.7,29.71,29.7,29.71,29.7,0,0,0,0,0,0,,,,,,,,,,,,
2026-07-28T01:56:47,7.1317,1,6,30,215.5,153.1,438.4,125.6,29.72,29.71,29.7,29.7,29.73,29.7,0,0,0,0,0,0,26.8,27.8,28.8,27.4,29.7,26.6,3,-28,-13,-5,-5,22
2026-07-28T01:57:17,7.14,1,6,30,203.5,153.0,438.4,125.9,29.7,29.7,29.71,29.71,29.71,29.7,0,0,0,0,0,0,,,,,,,,,,,,
2026-07-28T01:57:47,7.1484,1,6,30,215.5,152.8,438.4,126.2,29.71,29.7,29.7,29.7,29.7,29.7,0,0,0,0,0,0,25.9,26.6,27.1,29.7,26.7,28.5,-38,-24,15,45,2,-32
2026-07-28T01:58:17,7.1567,1,6,30,215.7,153.7,438.4,125.9,29.7,29.71,29.71,29.73,29.71,29.73,0,0,0,0,0,0,,,,,,,,,,,,
2026-07-28T01:58:47,7.1651,1,6,30,212.8,153.7,438.4,125.9,29.71,29.71,29.7,29.71,29.71,29.71,0,0,0,0,0,0,25.3,28.1,29.3,27.5,28.3,28.9,3,61,75,-31,-96,47
2026-07-28T01:59:17,7.1734,1,6,30,218.1,155.8,438.4,126.1,29.71,29.73,29.73,29.71,29.7,29.7,0,0,0,0,0,0,,,,,,,,,,,,
2026-07-28T01:59:47,7.1817,1,6,30,200.0,153.2,438.4,126.3,29.71,29.71,29.7,29.7,29.71,29.7,0,0,0,0,0,0,25.1,26.3,27.2,25.2,27.5,27.9,26,75,18,-62,70,-5
2026-07-28T02:00:17,7.1901,1,6,30,210.3,151.5,438.4,126.5,29.73,29.71,29.7,29.71,29.73,29.71,0,0,0,0,0,0,,,,,,,,,,,,
2026-07-28T02:00:47,7.1984,1,6,30,226.1,152.5,438.4,126.4,29.7,29.7,29.71,29.71,29.71,29.7,0,0,0,0,0,0,26.5,27.7,25.7,24.5,24.2,27.7,-17,4,-138,-29,-97,10
2026-07-28T02:01:17,7.2068,1,6,30,213.6,154.0,438.4,126.4,29.71,29.71,29.71,29.71,29.72,29.71,0,0,0,0,0,0,,,,,,,,,,,,
2026-07-28T02:01:47,7.2151,1,6,30,214.0,156.0,438.4,126.2,29.71,29.7,29.7,29.73,29.71,29.73,0,0,0,0,0,0,28.0,28.0,28.7,27.0,26.5,29.0,14,-4,43,-2,63,19
2026-07-28T02:02:17,7.2234,1,6,30,220.8,154.8,438.4,126.0,29.7,29.71,29.7,29.7,29.71,29.71,0,0,0,0,0,0,,,,,,,,,,,,
2026-07-28T02:02:47,7.2318,1,6,30,202.3,153.1,438.4,125.9,29.73,29.73,29.73,29.71,29.7,29.7,0,0,0,0,0,0,26.5,28.2,26.3,26.7,23.8,30.5,-1,-40,-49,0,6,24
2026-07-28T02:03:17,7.2401,1,6,30,217.7,155.9,438.4,125.6,29.71,29.71,29.71,29.7,29.71,29.7,0,0,0,0,0,0,,,,,,,,,,,,
2026-07-28T02:03:47,7.2485,1,6,30,199.9,155.8,438.4,125.6,29.74,29.72,29.7,29.71,29.74,29.71,0,0,0,0,0,0,28.1,29.4,27.2,27.9,29.5,28.1,60,-17,12,13,71,-67
2026-07-28T02:04:17,7.2568,1,6,30,208.1,156.6,438.4,125.6,29.7,29.71,29.71,29.71,29.7,29.71,0,0,0,0,0,0,,,,,,,,,,,,
2026-07-28T02:04:47,7.2652,1,6,30,218.1,155.7,438.4,125.9,29.7,29.7,29.71,29.72,29.71,29.71,0,0,0,0,0,0,27.9,26.3,26.3,30.1,26.7,28.0,-14,23,8,44,-10,-22
2026-07-28T02:05:17,7.2735,1,6,30,200.4,155.5,438.4,125.9,29.71,29.71,29.69,29.72,29.71,29.73,0,0,0,0,0,0,,,,,,,,,,,,
2026-07-28T02:05:47,7.2818,1,6,30,212.8,153.3,438.4,126.1,29.71,29.71,29.71,29.7,29.71,29.7,0,0,0,0,0,0,28.3,29.5,26.5,26.3,28.5,28.5,-129,-12,94,53,-107,56
2026-07-28T02:06:17,7.2902,1,6,30,215.6,154.2,438.4,126.0,29.71,29.73,29.73,29.7,29.71,29.71,0,0,0,0,0,0,,,,,,,,,,,,
2026-07-28T02:06:47,7.2985,1,6,30,199.8,153.7,438.4,126.1,29.71,29.71,29.7,29.69,29.7,29.71,0,0,0,0,0,0,27.2,28.1,29.7,25.3,24.8,30.0,37,21,22,-39,-41,-57
2026-07-28T02:07:17,7.3069,1,6,30,218.2,154.9,438.4,126.2,29.73,29.69,29.7,29.71,29.73,29.71,0,0,0,0,0,0,,,,,,,,,,,,
2026-07-28T02:07:47,7.3152,1,6,30,201.7,154.2,438.4,126.6,29.7,29.7,29.71,29.71,29.68,29.71,0,0,0,0,0,0,26.1,29.5,26.2,26.9,28.8,26.0,18,38,-1,0,87,-39
2026-07-28T02:08:17,7.3235,1,6,30,210.2,151.2,438.4,126.7,29.71,29.71,29.71,29.72,29.7,29.71,0,0,0,0,0,0,,,,,,,,,,,,
2026-07-28T02:08:47,7.3319,1,6,30,215.6,151.8,438.4,126.7,29.7,29.71,29.71,29.73,29.7,29.73,0,0,0,0,0,0,24.7,27.5,28.6,25.4,26.5,29.2,6,-4,-12,-119,-82,88
2026-07-28T02:09:17,7.3402,1,6,30,220.8,152.7,438.4,126.4,29.71,29.71,29.7,29.71,29.71,29.7,0,0,0,0,0,0,,,,,,,,,,,,
2026-07-28T02:09:47,7.3486,1,6,30,212.1,150.5,438.4,127.0,29.7,29.72,29.73,29.71,29.71,29.7,0,0,0,0,0,0,28.7,25.2,25.7,29.7,28.3,24.9,45,15,-43,-21,96,-103
2026-07-28T02:10:17,7.3569,1,6,30,205.2,141.7,438.4,127.3,29.7,29.71,29.71,29.72,29.7,29.71,0,0,0,0,0,0,,,,,,,,,,,,
2026-07-28T02:10:47,7.3652,1,6,30,199.8,137.9,438.4,127.6,29.73,29.73,29.71,29.71,29.73,29.69,0,0,0,0,0,0,27.5,26.3,23.7,26.8,25.4,23.1,112,-425,-307,80,113,-234
2026-07-28T02:11:17,7.3736,1,6,30,210.3,146.9,438.4,126.9,29.71,29.71,29.71,29.71,29.73,29.7,0,0,0,0,0,0,,,,,,,,,,,,
2026-07-28T02:11:47,7.3819,1,6,30,218.3,154.5,438.4,126.6,29.7,29.7,29.7,29.71,29.7,29.7,0,0,0,0,0,0,28.2,27.5,25.8,25.2,29.7,26.3,-51,152,99,-5,-78,245
2026-07-28T02:12:17,7.3903,1,6,30,199.8,154.0,438.4,126.0,29.71,29.71,29.7,29.73,29.71,29.72,0,0,0,0,0,0,,,,,,,,,,,,
2026-07-28T02:12:47,7.3986,1,6,30,223.4,156.0,438.4,125.9,29.71,29.73,29.71,29.7,29.72,29.71,0,0,0,0,0,0,29.0,25.2,25.0,28.5,29.0,28.4,14,177,147,-35,81,104
2026-07-28T02:13:17,7.407,1,6,30,208.4,153.9,438.4,125.8,29.7,29.74,29.73,29.71,29.7,29.71,0,0,0,0,0,0,,,,,,,,,,,,
2026-07-28T02:13:47,7.4153,1,6,30,204.5,154.4,438.4,125.9,29.71,29.73,29.71,29.7,29.7,29.7,0,0,0,0,0,0,28.9,28.2,29.9,27.4,28.8,28.2,-16,-6,31,116,-72,-8
2026-07-28T02:14:18,7.4236,1,6,30,215.6,154.1,438.4,125.9,29.71,29.71,29.7,29.7,29.73,29.71,0,0,0,0,0,0,,,,,,,,,,,,
2026-07-28T02:14:48,7.432,1,6,30,202.1,153.8,438.4,126.4,29.74,29.7,29.71,29.7,29.73,29.7,0,0,0,0,0,0,29.2,26.1,26.4,27.8,28.5,29.2,-20,-16,-11,-1,-12,-80
2026-07-28T02:15:18,7.4403,1,6,30,215.4,155.1,438.4,126.3,29.71,29.71,29.71,29.71,29.71,29.71,0,0,0,0,0,0,,,,,,,,,,,,
2026-07-28T02:15:48,7.4487,1,6,30,218.2,153.9,438.4,126.4,29.7,29.7,29.71,29.72,29.7,29.71,0,0,0,0,0,0,28.7,27.9,26.8,28.0,28.4,25.8,40,36,51,37,25,54
2026-07-28T02:16:18,7.457,1,6,30,220.8,155.8,438.4,126.2,29.69,29.72,29.7,29.71,29.71,29.73,0,0,0,0,0,0,,,,,,,,,,,,
2026-07-28T02:16:48,7.4653,1,6,30,215.7,155.7,438.4,126.1,29.69,29.71,29.73,29.71,29.7,29.72,0,0,0,0,0,0,29.3,29.6,25.8,27.7,29.1,28.1,-46,65,-1,-37,-76,26
2026-07-28T02:17:18,7.4737,1,6,30,210.9,155.3,438.4,126.5,29.71,29.73,29.71,29.7,29.71,29.71,0,0,0,0,0,0,,,,,,,,,,,,
2026-07-28T02:17:48,7.482,1,6,30,204.7,151.4,438.4,126.8,29.71,29.7,29.7,29.7,29.7,29.7,0,0,0,0,0,0,29.5,26.3,26.7,26.5,24.2,29.8,-54,-47,53,-19,25,-10
2026-07-28T02:18:18,7.4904,1,6,30,218.3,153.5,438.4,127.1,29.73,29.71,29.71,29.69,29.73,29.7,0,0,0,0,0,0,,,,,,,,,,,,
2026-07-28T02:18:48,7.4987,1,6,30,220.8,154.0,438.4,127.0,29.71,29.7,29.72,29.71,29.71,29.71,0,0,0,0,0,0,29.0,29.6,29.7,26.6,30.2,26.6,-17,-28,-20,-30,-81,12
2026-07-28T02:19:18,7.507,1,6,30,215.7,153.2,438.4,126.8,29.71,29.71,29.71,29.73,29.7,29.71,0,0,0,0,0,0,,,,,,,,,,,,
2026-07-28T02:19:48,7.5154,1,6,30,215.5,155.6,438.4,126.8,29.71,29.7,29.7,29.71,29.7,29.73,0,0,0,0,0,0,27.3,23.5,25.9,28.6,25.0,30.3,58,-85,-45,-30,62,51
2026-07-28T02:20:18,7.5237,1,6,30,199.9,157.2,438.4,126.4,29.71,29.73,29.73,29.71,29.71,29.73,0,0,0,0,0,0,,,,,,,,,,,,
2026-07-28T02:20:48,7.5321,1,6,30,232.6,157.4,438.4,125.9,29.71,29.73,29.73,29.7,29.7,29.7,0,0,0,0,0,0,25.5,28.1,27.4,27.9,28.6,25.9,-9,67,62,11,47,-15
2026-07-28T02:21:18,7.5404,1,6,30,232.6,129.8,438.4,125.4,29.71,29.71,29.71,29.71,29.71,29.7,0,0,0,0,0,0,,,,,,,,,,,,
2026-07-28T02:21:48,7.5488,1,6,30,232.6,130.2,438.4,125.2,29.73,29.71,29.71,29.71,29.7,29.71,0,0,0,0,0,0,28.2,27.3,27.9,28.0,28.0,29.8,15,45,-21,48,39,-55
2026-07-28T02:22:18,7.5571,1,6,30,232.6,132.4,438.4,125.2,29.7,29.71,29.7,29.71,29.71,29.7,0,0,0,0,0,0,,,,,,,,,,,,
2026-07-28T02:22:48,7.5654,1,6,30,232.8,130.1,438.4,125.4,29.71,29.67,29.71,29.73,29.71,29.7,0,0,0,0,0,0,27.4,28.1,28.6,28.7,28.9,26.8,39,-1,42,72,-73,33
2026-07-28T02:23:18,7.5738,1,6,30,232.8,129.5,438.4,125.4,29.71,29.69,29.71,29.71,29.71,29.73,0,0,0,0,0,0,,,,,,,,,,,,
2026-07-28T02:23:48,7.5821,1,6,30,232.8,131.0,438.4,125.3,29.71,29.74,29.73,29.7,29.71,29.72,0,0,0,0,0,0,26.8,30.2,26.1,28.6,28.3,29.5,-7,65,-10,-17,7,-77
2026-07-28T02:24:18,7.5905,1,6,30,235.4,132.7,438.4,125.6,29.71,29.73,29.73,29.71,29.7,29.71,0,0,0,0,0,0,,,,,,,,,,,,
2026-07-28T02:24:48,7.5988,1,6,30,235.4,133.3,438.4,125.6,29.73,29.71,29.71,29.72,29.72,29.7,0,0,0,0,0,0,29.4,29.1,28.7,28.1,28.9,26.6,25,0,22,17,18,82
2026-07-28T02:25:18,7.6071,1,6,30,235.4,130.1,438.4,125.6,29.73,29.71,29.7,29.71,29.71,29.7,0,0,0,0,0,0,,,,,,,,,,,,
2026-07-28T02:25:48,7.6155,1,6,30,235.4,130.3,438.4,126.0,29.71,29.7,29.7,29.71,29.73,29.71,0,0,0,0,0,0,26.8,29.2,28.9,26.4,26.2,30.0,-64,-27,-4,-25,2,-68
2026-07-28T02:26:18,7.6238,1,6,30,235.4,130.0,438.4,126.2,29.71,29.71,29.7,29.73,29.73,29.7,0,0,0,0,0,0,,,,,,,,,,,,
2026-07-28T02:26:48,7.6322,1,6,30,235.4,131.4,438.4,126.0,29.7,29.71,29.71,29.71,29.71,29.73,0,0,0,0,0,0,27.0,28.6,26.9,29.4,29.6,27.8,69,16,10,-44,-2,9
2026-07-28T02:27:18,7.6405,1,6,30,235.4,130.5,438.4,125.9,29.71,29.73,29.7,29.71,29.72,29.73,0,0,0,0,0,0,,,,,,,,,,,,
2026-07-28T02:27:48,7.6488,1,6,30,235.4,131.6,438.4,125.8,29.71,29.73,29.7,29.71,29.7,29.71,0,0,0,0,0,0,29.0,29.5,29.9,25.0,25.8,29.4,-26,-36,-16,-8,41,5
2026-07-28T02:28:18,7.6572,1,6,30,227.1,129.0,438.4,125.8,29.72,29.71,29.74,29.74,29.7,29.71,0,0,0,0,0,0,,,,,,,,,,,,
2026-07-28T02:28:48,7.6655,1,6,30,232.6,131.2,438.4,125.7,29.74,29.71,29.69,29.7,29.7,29.7,0,0,0,0,0,0,29.1,25.7,28.3,28.9,29.2,26.2,36,-50,-2,1,-7,13
2026-07-28T02:29:18,7.6739,1,6,30,232.6,130.1,438.4,125.6,29.71,29.71,29.7,29.7,29.73,29.71,0,0,0,0,0,0,,,,,,,,,,,,
2026-07-28T02:29:48,7.6822,1,6,30,232.6,129.4,438.4,125.5,29.7,29.71,29.71,29.71,29.7,29.71,0,0,0,0,0,0,28.9,28.5,29.4,26.5,27.7,28.9,-4,1,-38,10,-3,28
2026-07-28T02:30:18,7.6905,1,6,30,232.6,131.1,438.4,125.1,29.71,29.69,29.7,29.73,29.72,29.72,0,0,0,0,0,0,,,,,,,,,,,,
2026-07-28T02:30:48,7.6989,1,6,30,232.6,130.1,438.4,125.0,29.7,29.74,29.71,29.71,29.7,29.73,0,0,0,0,0,0,26.9,29.2,27.5,25.6,29.1,28.6,-3,-9,-15,-35,51,-18
2026-07-28T02:31:18,7.7072,1,6,30,227.3,130.2,438.4,125.1,29.71,29.73,29.7,29.71,29.71,29.7,0,0,0,0,0,0,,,,,,,,,,,,
2026-07-28T02:31:48,7.7156,1,6,30,227.3,129.6,438.4,125.0,29.74,29.7,29.73,29.71,29.71,29.71,0,0,0,0,0,0,28.8,27.5,28.7,26.8,25.5,27.8,0,46,-16,48,-71,16
2026-07-28T02:32:19,7.7239,1,6,30,227.3,130.2,438.4,125.1,29.7,29.71,29.71,29.71,29.7,29.71,0,0,0,0,0,0,,,,,,,,,,,,
2026-07-28T02:32:49,7.7323,1,6,30,229.9,130.0,438.4,125.2,29.7,29.7,29.7,29.71,29.73,29.7,0,0,0,0,0,0,28.5,29.6,26.1,28.6,26.4,26.4,1,-13,-19,36,37,-56
2026-07-28T02:33:19,7.7406,1,6,30,229.9,129.7,438.4,125.1,29.71,29.7,29.71,29.71,29.72,29.71,0,0,0,0,0,0,,,,,,,,,,,,
2026-07-28T02:33:49,7.7489,1,6,30,227.3,128.6,438.4,125.2,29.71,29.71,29.7,29.73,29.71,29.72,0,0,0,0,0,0,29.3,28.5,28.3,28.1,27.5,29.5,17,14,-6,-52,-56,48
2026-07-28T02:34:19,7.7573,1,6,30,229.8,130.6,438.4,125.5,29.71,29.72,29.7,29.71,29.71,29.7,0,0,0,0,0,0,,,,,,,,,,,,
2026-07-28T02:34:49,7.7656,1,6,30,229.8,130.8,438.4,125.8,29.71,29.7,29.71,29.71,29.7,29.71,0,0,0,0,0,0,26.6,29.8,29.5,26.0,28.9,28.4,-58,24,21,65,3,-22
2026-07-28T02:35:19,7.774,1,6,30,229.8,129.6,438.4,126.2,29.73,29.71,29.73,29.71,29.7,29.71,0,0,0,0,0,0,,,,,,,,,,,,
2026-07-28T02:35:49,7.7823,1,6,30,229.8,126.7,438.4,126.1,29.71,29.74,29.71,29.71,29.7,29.72,0,0,0,0,0,0,27.4,26.4,27.8,29.6,28.2,30.0,4,-46,-12,-7,13,36
2026-07-28T02:36:19,7.7906,1,6,30,229.8,127.3,438.4,126.1,29.72,29.71,29.71,29.71,29.74,29.71,0,0,0,0,0,0,,,,,,,,,,,,
2026-07-28T02:36:49,7.799,1,6,30,229.8,128.7,438.4,125.7,29.71,29.71,29.7,29.69,29.73,29.7,0,0,0,0,0,0,26.7,28.0,27.8,25.6,27.4,24.8,-15,7,-35,-29,-15,-35
2026-07-28T02:37:19,7.8073,1,6,30,229.8,130.6,438.4,125.7,29.71,29.71,29.7,29.73,29.7,29.73,0,0,0,0,0,0,,,,,,,,,,,,
2026-07-28T02:37:49,7.8157,1,6,30,229.8,129.7,438.4,125.5,29.7,29.71,29.71,29.71,29.71,29.72,0,0,0,0,0,0,27.3,29.0,25.9,27.9,25.8,29.5,34,39,-7,-52,67,29
2026-07-28T02:38:19,7.824,1,6,30,229.8,127.4,438.4,125.3,29.72,29.71,29.7,29.71,29.7,29.71,0,0,0,0,0,0,,,,,,,,,,,,
2026-07-28T02:38:49,7.8323,1,6,30,229.8,129.0,438.4,125.2,29.73,29.71,29.73,29.71,29.7,29.71,0,0,0,0,0,0,30.4,27.3,26.5,28.5,28.1,26.7,8,35,-43,11,-102,-8
2026-07-28T02:39:19,7.8407,1,6,30,232.6,129.9,438.4,125.2,29.7,29.73,29.71,29.71,29.71,29.71,0,0,0,0,0,0,,,,,,,,,,,,
2026-07-28T02:39:49,7.849,1,6,30,232.6,129.7,438.4,125.2,29.7,29.71,29.7,29.69,29.73,29.71,0,0,0,0,0,0,28.3,30.3,27.6,24.6,26.3,29.5,-19,-1,-9,7,65,31
2026-07-28T02:40:19,7.8574,1,6,30,232.6,127.5,438.4,125.0,29.71,29.71,29.71,29.71,29.73,29.7,0,0,0,0,0,0,,,,,,,,,,,,
2026-07-28T02:40:49,7.8657,1,6,30,232.6,128.1,438.4,125.5,29.71,29.71,29.72,29.74,29.71,29.73,0,0,0,0,0,0,29.2,27.0,28.3,29.4,26.8,28.3,33,1,-37,23,-86,1
2026-07-28T02:41:19,7.8741,1,6,30,232.6,128.3,438.4,125.3,29.7,29.7,29.7,29.71,29.71,29.71,0,0,0,0,0,0,,,,,,,,,,,,
2026-07-28T02:41:49,7.8824,1,6,30,232.6,130.0,438.4,125.4,29.71,29.71,29.71,29.71,29.7,29.53,0,0,0,0,0,0,24.6,29.5,28.1,27.0,29.0,27.3,21,51,24,-7,50,-113
2026-07-28T02:42:19,7.8907,1,6,30,232.6,129.9,438.4,125.2,29.73,29.73,29.73,29.71,29.7,29.73,0,0,0,0,0,0,,,,,,,,,,,,
2026-07-28T02:42:49,7.8991,1,6,30,232.6,129.6,438.4,125.4,29.71,29.73,29.7,29.71,29.71,29.7,0,0,0,0,0,0,29.2,28.4,28.2,29.0,26.0,27.7,-35,-23,35,57,-13,53
2026-07-28T02:43:19,7.9074,1,6,30,232.6,127.9,438.4,125.7,29.7,29.7,29.7,29.71,29.73,29.7,0,0,0,0,0,0,,,,,,,,,,,,
2026-07-28T02:43:49,7.9158,1,6,30,227.3,127.3,438.4,126.2,29.7,29.71,29.71,29.72,29.73,29.71,0,0,0,0,0,0,27.4,28.2,28.5,27.7,28.1,27.1,-51,-50,1,-9,-5,-32
2026-07-28T02:44:19,7.9241,1,6,30,229.8,126.4,438.4,125.9,29.72,29.71,29.7,29.71,29.71,29.7,0,0,0,0,0,0,,,,,,,,,,,,
2026-07-28T02:44:49,7.9324,1,6,30,229.8,130.3,438.4,126.1,29.71,29.71,29.71,29.7,29.68,29.7,0,0,0,0,0,0,28.6,29.7,27.8,27.4,29.1,28.5,-16,-15,-18,-19,47,59
2026-07-28T02:45:19,7.9408,1,6,30,229.8,130.1,438.4,125.8,29.71,29.71,29.7,29.71,29.71,29.71,0,0,0,0,0,0,,,,,,,,,,,,
2026-07-28T02:45:49,7.9491,1,6,30,229.8,128.2,438.4,125.2,29.74,29.72,29.73,29.71,29.71,29.72,0,0,0,0,0,0,27.7,27.8,28.1,28.3,29.8,26.5,25,-39,59,-35,26,36
2026-07-28T02:46:19,7.9575,1,6,30,229.8,127.4,438.4,125.3,29.73,29.74,29.71,29.71,29.7,29.71,0,0,0,0,0,0,,,,,,,,,,,,
2026-07-28T02:46:49,7.9658,1,6,30,229.8,130.2,438.4,125.3,29.72,29.7,29.7,29.7,29.74,29.7,0,0,0,0,0,0,26.8,29.2,26.5,26.4,27.4,29.7,-6,-36,19,-33,15,4
2026-07-28T02:47:19,7.9741,1,6,30,229.8,128.8,438.4,125.0,29.69,29.71,29.7,29.7,29.73,29.7,0,0,0,0,0,0,,,,,,,,,,,,
2026-07-28T02:47:49,7.9825,1,6,30,229.8,130.1,438.4,124.7,29.71,29.71,29.7,29.7,29.69,29.71,0,0,0,0,0,0,26.0,27.3,26.9,29.6,29.4,27.6,9,4,35,14,8,-23
2026-07-28T02:48:19,7.9908,1,6,30,229.8,129.7,438.4,125.0,29.71,29.7,29.71,29.7,29.71,29.71,0,0,0,0,0,0,,,,,,,,,,,,
2026-07-28T02:48:49,7.9992,1,6,30,229.8,130.5,438.4,124.8,29.71,29.71,29.71,29.71,29.7,29.71,0,0,0,0,0,0,28.2,28.7,30.1,27.9,29.1,28.7,52,55,-31,21,-19,-54
2026-07-28T02:49:19,8.0075,1,6,30,229.8,129.6,438.4,124.8,29.73,29.73,29.73,29.74,29.72,29.74,0,0,0,0,0,0,,,,,,,,,,,,
2026-07-28T02:49:50,8.0159,1,6,30,229.8,130.2,438.4,125.2,29.73,29.72,29.69,29.7,29.7,29.71,0,0,0,0,0,0,29.9,27.7,28.3,28.5,29.9,26.6,2,7,27,25,-55,11
2026-07-28T02:50:20,8.0242,1,6,30,229.8,128.6,438.4,125.8,29.71,29.71,29.71,29.71,29.7,29.71,0,0,0,0,0,0,,,,,,,,,,,,
2026-07-28T02:50:50,8.0325,1,6,30,210.3,145.8,438.4,126.1,29.71,29.71,29.72,29.71,29.73,29.7,0,0,0,0,0,0,28.1,28.5,28.2,28.1,25.9,28.8,-5,32,-61,0,-3,-24
2026-07-28T02:51:20,8.0409,1,6,30,218.2,148.9,438.4,126.4,29.71,29.7,29.7,29.7,29.69,29.71,0,0,0,0,0,0,,,,,,,,,,,,
2026-07-28T02:51:50,8.0492,1,6,30,202.7,150.1,438.4,126.3,29.7,29.7,29.7,29.7,29.7,29.71,0,0,0,0,0,0,26.0,28.3,26.0,28.1,28.5,25.0,-34,-15,-80,19,-12,-66
2026-07-28T02:52:20,8.0576,1,6,30,207.7,151.2,438.4,126.2,29.7,29.71,29.71,29.71,29.71,29.7,0,0,0,0,0,0,,,,,,,,,,,,
2026-07-28T02:52:50,8.0659,1,6,30,210.4,151.4,438.4,125.9,29.71,29.73,29.73,29.72,29.7,29.73,0,0,0,0,0,0,24.9,27.5,27.3,24.5,23.8,27.9,-23,-26,31,-3,2,79
2026-07-28T02:53:20,8.0742,1,6,30,210.4,150.4,438.4,126.0,29.71,29.71,29.7,29.71,29.7,29.71,0,0,0,0,0,0,,,,,,,,,,,,
2026-07-28T02:53:50,8.0826,1,6,30,210.5,149.4,438.4,125.9,29.73,29.73,29.71,29.7,29.71,29.71,0,0,0,0,0,0,26.3,27.7,27.6,27.0,28.8,27.9,-53,-30,-19,-68,96,-18
2026-07-28T02:54:20,8.0909,1,6,30,215.7,151.8,438.4,126.0,29.7,29.71,29.71,29.71,29.73,29.7,0,0,0,0,0,0,,,,,,,,,,,,
2026-07-28T02:54:50,8.0993,1,6,30,207.9,152.8,438.4,125.8,29.71,29.71,29.74,29.71,29.71,29.71,0,0,0,0,0,0,27.6,26.9,26.1,29.1,27.4,28.1,-9,47,31,54,-54,24
2026-07-28T02:55:20,8.1076,1,6,30,213.2,152.7,438.4,125.9,29.73,29.72,29.71,29.71,29.71,29.7,0,0,0,0,0,0,,,,,,,,,,,,
2026-07-28T02:55:50,8.1159,1,6,30,221.0,151.1,438.4,125.9,29.71,29.71,29.71,29.69,29.71,29.7,0,0,0,0,0,0,27.4,25.5,30.2,27.4,26.7,29.0,-8,-15,82,-56,-9,42
2026-07-28T02:56:20,8.1243,1,6,30,202.7,151.6,438.4,125.7,29.71,29.71,29.76,29.73,29.71,29.71,0,0,0,0,0,0,,,,,,,,,,,,
2026-07-28T02:56:50,8.1326,1,6,30,213.1,151.6,438.4,125.5,29.7,29.73,29.71,29.71,29.7,29.73,0,0,0,0,0,0,27.0,30.5,27.5,26.2,27.8,29.7,-43,-11,52,3,-25,-79
2026-07-28T02:57:20,8.141,1,6,30,202.6,150.9,438.4,125.5,29.73,29.73,29.71,29.7,29.7,29.7,0,0,0,0,0,0,,,,,,,,,,,,
2026-07-28T02:57:50,8.1493,1,6,30,210.5,151.6,438.4,125.2,29.71,29.71,29.71,29.71,29.73,29.7,0,0,0,0,0,0,28.4,27.4,29.1,28.1,28.1,27.9,23,2,-15,-18,40,43
2026-07-28T02:58:20,8.1577,1,6,30,215.7,152.4,438.4,125.6,29.71,29.7,29.71,29.71,29.7,29.71,0,0,0,0,0,0,,,,,,,,,,,,
2026-07-28T02:58:50,8.166,1,6,30,205.2,150.9,438.4,126.1,29.7,29.7,29.7,29.7,29.71,29.71,0,0,0,0,0,0,27.6,27.8,25.9,26.0,30.5,27.8,106,33,5,41,-111,22
2026-07-28T02:59:20,8.1743,1,6,30,213.1,149.7,438.4,126.6,29.71,29.7,29.71,29.71,29.71,29.71,0,0,0,0,0,0,,,,,,,,,,,,
2026-07-28T02:59:50,8.1827,1,6,30,217.8,151.2,438.4,126.5,29.71,29.7,29.76,29.73,29.72,29.71,0,0,0,0,0,0,27.0,29.0,24.2,30.2,21.7,27.2,9,-8,-42,-20,62,-123
2026-07-28T03:00:20,8.191,1,6,30,207.6,153.5,438.4,126.8,29.71,29.73,29.71,29.71,29.71,29.74,0,0,0,0,0,0,,,,,,,,,,,,
2026-07-28T03:00:50,8.1994,1,6,30,210.3,154.6,438.4,126.3,29.74,29.71,29.7,29.71,29.71,29.71,0,0,0,0,0,0,27.2,28.7,24.7,26.8,28.3,28.0,-10,-13,-5,11,7,97
2026-07-28T03:01:20,8.2077,1,6,30,199.9,153.4,438.4,126.1,29.7,29.7,29.7,29.72,29.71,29.7,0,0,0,0,0,0,,,,,,,,,,,,
2026-07-28T03:01:50,8.216,1,6,30,212.9,153.0,438.4,126.1,29.71,29.7,29.7,29.72,29.7,29.7,0,0,0,0,0,0,24.8,27.5,25.8,29.0,26.7,28.9,-41,-53,-81,4,18,14
2026-07-28T03:02:20,8.2244,1,6,30,218.2,152.8,438.4,126.2,29.71,29.71,29.7,29.7,29.73,29.71,0,0,0,0,0,0,,,,,,,,,,,,
2026-07-28T03:02:50,8.2327,1,6,30,213.0,153.2,438.4,126.3,29.71,29.71,29.71,29.71,29.73,29.7,0,0,0,0,0,0,27.5,27.2,28.1,26.6,28.5,24.6,-43,21,24,11,-99,-22
2026-07-28T03:03:20,8.2411,1,6,30,215.6,153.7,438.4,126.1,29.71,29.71,29.73,29.73,29.73,29.7,0,0,0,0,0,0,,,,,,,,,,,,
2026-07-28T03:03:50,8.2494,1,6,30,218.3,154.6,438.4,126.0,29.71,29.73,29.7,29.71,29.71,29.73,0,0,0,0,0,0,26.8,28.5,25.1,28.2,26.9,29.9,-44,20,-49,-6,108,47
2026-07-28T03:04:20,8.2577,1,6,30,207.5,154.4,438.4,126.2,29.73,29.71,29.71,29.7,29.7,29.7,0,0,0,0,0,0,,,,,,,,,,,,
2026-07-28T03:04:50,8.2661,1,6,30,214.7,154.4,438.4,125.9,29.73,29.71,29.71,29.71,29.7,29.71,0,0,0,0,0,0,28.7,26.8,28.1,26.8,25.6,27.0,22,63,73,-71,-71,-12
2026-07-28T03:05:20,8.2744,1,6,30,218.1,155.0,438.4,125.5,29.71,29.7,29.71,29.7,29.7,29.7,0,0,0,0,0,0,,,,,,,,,,,,
2026-07-28T03:05:50,8.2828,1,6,30,207.7,156.5,438.4,125.6,29.7,29.7,29.71,29.69,29.7,29.7,0,0,0,0,0,0,25.2,28.5,28.2,23.1,28.0,28.7,7,-23,27,-6,43,-60
2026-07-28T03:06:20,8.2911,1,6,30,220.8,154.6,438.4,125.6,29.71,29.71,29.71,29.71,29.72,29.71,0,0,0,0,0,0,,,,,,,,,,,,
2026-07-28T03:06:50,8.2995,1,6,30,220.9,155.1,438.4,125.8,29.71,29.71,29.71,29.71,29.73,29.7,0,0,0,0,0,0,28.0,28.6,30.1,27.1,28.0,25.8,-23,20,-18,-14,17,36
2026-07-28T03:07:20,8.3078,1,6,30,220.9,151.5,438.4,125.9,29.71,29.73,29.74,29.73,29.7,29.73,0,0,0,0,0,0,,,,,,,,,,,,
2026-07-28T03:07:51,8.3161,1,6,30,210.2,153.7,438.4,125.7,29.73,29.71,29.71,29.73,29.71,29.71,0,0,0,0,0,0,27.3,27.6,29.3,27.7,27.7,27.1,83,-113,24,33,-84,-6
2026-07-28T03:08:21,8.3245,1,6,30,199.7,154.8,438.4,126.0,29.73,29.71,29.72,29.71,29.71,29.7,0,0,0,0,0,0,,,,,,,,,,,,
2026-07-28T03:08:51,8.3328,1,6,30,211.5,154.4,438.4,125.9,29.71,29.69,29.71,29.7,29.7,29.7,0,0,0,0,0,0,25.5,26.7,28.1,26.1,29.5,28.3,24,36,49,41,75,-81
2026-07-28T03:09:21,8.3412,1,6,30,210.2,153.6,438.4,126.3,29.71,29.71,29.71,29.71,29.71,29.71,0,0,0,0,0,0,,,,,,,,,,,,
2026-07-28T03:09:51,8.3495,1,6,30,216.5,152.2,438.4,126.1,29.71,29.72,29.71,29.71,29.7,29.7,0,0,0,0,0,0,28.1,27.4,28.1,27.3,29.0,26.7,17,-53,-68,36,25,83
2026-07-28T03:10:21,8.3578,1,6,30,218.1,154.0,438.4,126.1,29.72,29.7,29.7,29.71,29.73,29.71,0,0,0,0,0,0,,,,,,,,,,,,
2026-07-28T03:10:51,8.3662,1,6,30,218.1,153.7,438.4,126.1,29.71,29.73,29.73,29.71,29.71,29.73,0,0,0,0,0,0,28.3,25.9,29.7,27.2,25.9,28.9,40,25,-3,-1,-19,-79
2026-07-28T03:11:21,8.3745,1,6,30,220.7,154.2,438.4,126.1,29.73,29.71,29.73,29.74,29.71,29.7,0,0,0,0,0,0,,,,,,,,,,,,
2026-07-28T03:11:51,8.3829,1,6,30,218.2,153.6,438.4,126.3,29.73,29.7,29.71,29.71,29.71,29.71,0,0,0,0,0,0,29.7,29.8,24.4,28.6,28.1,28.7,-39,53,-51,-38,29,27
2026-07-28T03:12:21,8.3912,1,6,30,204.8,152.9,438.4,126.3,29.7,29.71,29.71,29.7,29.71,29.7,0,0,0,0,0,0,,,,,,,,,,,,
2026-07-28T03:12:51,8.3995,1,6,30,218.1,153.4,438.4,126.3,29.72,29.71,29.7,29.69,29.7,29.7,0,0,0,0,0,0,29.4,27.3,26.7,27.9,27.3,27.7,5,16,-59,20,-32,-8
2026-07-28T03:13:21,8.4079,1,6,30,215.6,155.9,438.4,126.4,29.71,29.71,29.7,29.7,29.71,29.71,0,0,0,0,0,0,,,,,,,,,,,,
2026-07-28T03:13:51,8.4162,1,6,30,199.9,153.6,438.4,126.4,29.7,29.7,29.69,29.71,29.73,29.71,0,0,0,0,0,0,22.7,27.3,27.1,27.8,27.2,27.0,-22,4,36,-42,14,48
2026-07-28T03:14:21,8.4246,1,6,30,218.1,154.0,438.4,126.2,29.71,29.73,29.73,29.7,29.7,29.73,0,0,0,0,0,0,,,,,,,,,,,,
2026-07-28T03:14:51,8.4329,1,6,30,220.8,154.2,438.4,126.0,29.67,29.59,29.74,29.73,29.71,29.71,0,0,0,0,0,0,29.1,27.9,25.9,28.9,28.5,28.7,22,-4,63,-16,-21,-9
2026-07-28T03:15:21,8.4413,1,6,30,213.0,155.6,438.4,126.3,29.73,29.71,29.71,29.72,29.71,29.69,0,0,0,0,0,0,,,,,,,,,,,,
