[INFO] [launch]: All log files can be found below /home/nvidia/.ros/log/2026-07-27-18-48-31-915544-tegra-ubuntu-231024
[INFO] [launch]: Default logging verbosity is set to INFO
[INFO] [vision_guard-1]: process started with pid [231030]
[vision_guard-1] [INFO] [1785145712.836939678] [vision_guard]: subscribed to '/cam0/image_raw' (raw)
[vision_guard-1] [INFO] [1785145712.839377542] [vision_guard]: subscribed to '/cam1/image_raw' (raw)
[vision_guard-1] [INFO] [1785145712.841750603] [vision_guard]: subscribed to '/cam2/image_raw' (raw)
[vision_guard-1] [INFO] [1785145712.844368632] [vision_guard]: subscribed to '/cam3/image_raw' (raw)
[vision_guard-1] [INFO] [1785145712.846617018] [vision_guard]: subscribed to '/cam4/image_raw' (raw)
[vision_guard-1] [INFO] [1785145712.848793434] [vision_guard]: subscribed to '/cam5/image_raw' (raw)
[vision_guard-1] [INFO] [1785145773.308176285] [vision_guard]: display /cam0/image_raw=21.8fps/1116f /cam1/image_raw=23.3fps/1180f /cam2/image_raw=24.6fps/1089f /cam3/image_raw=23.6fps/1078f /cam4/image_raw=30.3fps/1151f /cam5/image_raw=26.8fps/1174f
[vision_guard-1] [INFO] [1785145833.310189107] [vision_guard]: display /cam0/image_raw=23.8fps/1193f /cam1/image_raw=26.8fps/1229f /cam2/image_raw=24.1fps/1215f /cam3/image_raw=22.7fps/1186f /cam4/image_raw=24.0fps/1226f /cam5/image_raw=26.0fps/1250f
[vision_guard-1] [INFO] [1785145893.312809716] [vision_guard]: display /cam0/image_raw=24.5fps/1219f /cam1/image_raw=24.1fps/1256f /cam2/image_raw=26.8fps/1240f /cam3/image_raw=25.8fps/1233f /cam4/image_raw=25.2fps/1244f /cam5/image_raw=23.9fps/1271f
[vision_guard-1] [INFO] [1785145953.302556820] [vision_guard]: display /cam0/image_raw=26.5fps/1287f /cam1/image_raw=25.5fps/1258f /cam2/image_raw=26.3fps/1297f /cam3/image_raw=25.6fps/1342f /cam4/image_raw=29.1fps/1348f /cam5/image_raw=24.1fps/1331f
[vision_guard-1] [INFO] [1785146013.314918308] [vision_guard]: display /cam0/image_raw=26.2fps/1227f /cam1/image_raw=25.0fps/1284f /cam2/image_raw=26.4fps/1254f /cam3/image_raw=29.1fps/1371f /cam4/image_raw=23.8fps/1243f /cam5/image_raw=27.0fps/1307f
[vision_guard-1] [INFO] [1785146073.314679357] [vision_guard]: display /cam0/image_raw=24.6fps/1220f /cam1/image_raw=25.3fps/1213f /cam2/image_raw=22.5fps/1286f /cam3/image_raw=28.7fps/1401f /cam4/image_raw=26.4fps/1322f /cam5/image_raw=27.0fps/1301f
[vision_guard-1] [INFO] [1785146133.322844744] [vision_guard]: display /cam0/image_raw=25.3fps/1206f /cam1/image_raw=23.4fps/1243f /cam2/image_raw=24.0fps/1232f /cam3/image_raw=26.0fps/1340f /cam4/image_raw=22.8fps/1166f /cam5/image_raw=26.3fps/1232f
[vision_guard-1] [INFO] [1785146193.298514549] [vision_guard]: display /cam0/image_raw=26.2fps/1275f /cam1/image_raw=29.3fps/1309f /cam2/image_raw=25.6fps/1249f /cam3/image_raw=29.0fps/1343f /cam4/image_raw=26.7fps/1319f /cam5/image_raw=27.6fps/1268f
[vision_guard-1] [INFO] [1785146253.295989501] [vision_guard]: display /cam0/image_raw=28.4fps/1381f /cam1/image_raw=19.8fps/1223f /cam2/image_raw=26.3fps/1348f /cam3/image_raw=26.5fps/1407f /cam4/image_raw=19.1fps/1162f /cam5/image_raw=24.3fps/1336f
[vision_guard-1] [INFO] [1785146313.302403048] [vision_guard]: display /cam0/image_raw=23.3fps/1186f /cam1/image_raw=24.6fps/1084f /cam2/image_raw=24.3fps/1226f /cam3/image_raw=26.8fps/1327f /cam4/image_raw=25.0fps/1119f /cam5/image_raw=26.8fps/1043f
[vision_guard-1] [INFO] [1785146373.298393951] [vision_guard]: display /cam0/image_raw=23.3fps/1169f /cam1/image_raw=28.1fps/1113f /cam2/image_raw=30.0fps/1257f /cam3/image_raw=27.8fps/1359f /cam4/image_raw=25.2fps/1120f /cam5/image_raw=29.8fps/1160f
[vision_guard-1] [INFO] [1785146433.300909553] [vision_guard]: display /cam0/image_raw=26.0fps/1158f /cam1/image_raw=26.1fps/1145f /cam2/image_raw=27.6fps/1243f /cam3/image_raw=21.2fps/1347f /cam4/image_raw=24.1fps/1119f /cam5/image_raw=18.6fps/1056f
[vision_guard-1] [INFO] [1785146493.295997127] [vision_guard]: display /cam0/image_raw=24.1fps/1089f /cam1/image_raw=25.1fps/1293f /cam2/image_raw=25.5fps/1286f /cam3/image_raw=25.1fps/1391f /cam4/image_raw=25.3fps/1055f /cam5/image_raw=24.4fps/1055f
[vision_guard-1] [INFO] [1785146553.298965411] [vision_guard]: display /cam0/image_raw=24.2fps/1011f /cam1/image_raw=28.3fps/1397f /cam2/image_raw=24.9fps/1197f /cam3/image_raw=24.1fps/1353f /cam4/image_raw=24.7fps/1009f /cam5/image_raw=27.4fps/1019f
[vision_guard-1] [INFO] [1785146613.305504228] [vision_guard]: display /cam0/image_raw=24.1fps/1134f /cam1/image_raw=25.0fps/1416f /cam2/image_raw=20.7fps/1162f /cam3/image_raw=24.4fps/1269f /cam4/image_raw=22.2fps/1157f /cam5/image_raw=24.2fps/1144f
[vision_guard-1] [INFO] [1785146673.296308567] [vision_guard]: display /cam0/image_raw=26.5fps/1167f /cam1/image_raw=29.2fps/1398f /cam2/image_raw=22.5fps/998f /cam3/image_raw=21.0fps/1101f /cam4/image_raw=20.7fps/1029f /cam5/image_raw=19.2fps/1080f
[vision_guard-1] [INFO] [1785146733.308562685] [vision_guard]: display /cam0/image_raw=21.8fps/1222f /cam1/image_raw=26.9fps/1487f /cam2/image_raw=20.2fps/1017f /cam3/image_raw=20.0fps/1120f /cam4/image_raw=25.5fps/1247f /cam5/image_raw=23.9fps/1148f
[vision_guard-1] [INFO] [1785146793.296454008] [vision_guard]: display /cam0/image_raw=26.7fps/1209f /cam1/image_raw=29.3fps/1370f /cam2/image_raw=23.8fps/1116f /cam3/image_raw=27.7fps/1125f /cam4/image_raw=27.9fps/1245f /cam5/image_raw=23.8fps/1250f
[vision_guard-1] [INFO] [1785146853.298614643] [vision_guard]: display /cam0/image_raw=27.7fps/1285f /cam1/image_raw=29.4fps/1402f /cam2/image_raw=27.7fps/1133f /cam3/image_raw=25.3fps/1159f /cam4/image_raw=26.3fps/1256f /cam5/image_raw=26.3fps/1271f
[vision_guard-1] [INFO] [1785146913.301176473] [vision_guard]: display /cam0/image_raw=23.4fps/1342f /cam1/image_raw=29.0fps/1398f /cam2/image_raw=25.7fps/1185f /cam3/image_raw=26.7fps/1197f /cam4/image_raw=28.9fps/1375f /cam5/image_raw=27.6fps/1361f
[vision_guard-1] [INFO] [1785146973.321070458] [vision_guard]: display /cam0/image_raw=25.2fps/1301f /cam1/image_raw=25.7fps/1360f /cam2/image_raw=23.2fps/1222f /cam3/image_raw=23.4fps/1226f /cam4/image_raw=23.4fps/1300f /cam5/image_raw=22.2fps/1268f
[vision_guard-1] [INFO] [1785147033.305049086] [vision_guard]: display /cam0/image_raw=27.3fps/1291f /cam1/image_raw=24.7fps/1320f /cam2/image_raw=23.7fps/1253f /cam3/image_raw=21.9fps/1272f /cam4/image_raw=24.1fps/1260f /cam5/image_raw=25.9fps/1245f
[vision_guard-1] [INFO] [1785147093.302058526] [vision_guard]: display /cam0/image_raw=28.4fps/1278f /cam1/image_raw=28.8fps/1361f /cam2/image_raw=28.1fps/1300f /cam3/image_raw=26.7fps/1367f /cam4/image_raw=24.4fps/1247f /cam5/image_raw=27.1fps/1243f
[vision_guard-1] [INFO] [1785147153.307255246] [vision_guard]: display /cam0/image_raw=24.9fps/1301f /cam1/image_raw=29.4fps/1378f /cam2/image_raw=26.8fps/1292f /cam3/image_raw=26.6fps/1413f /cam4/image_raw=32.6fps/1293f /cam5/image_raw=27.3fps/1251f
[vision_guard-1] [INFO] [1785147213.315660494] [vision_guard]: display /cam0/image_raw=26.9fps/1337f /cam1/image_raw=20.7fps/1150f /cam2/image_raw=26.9fps/1327f /cam3/image_raw=25.2fps/1378f /cam4/image_raw=29.4fps/1120f /cam5/image_raw=21.6fps/1191f
[vision_guard-1] [INFO] [1785147273.296069024] [vision_guard]: display /cam0/image_raw=26.5fps/1271f /cam1/image_raw=29.0fps/1179f /cam2/image_raw=25.4fps/1291f /cam3/image_raw=26.1fps/1312f /cam4/image_raw=26.6fps/1231f /cam5/image_raw=27.4fps/1150f
[vision_guard-1] [INFO] [1785147333.302417641] [vision_guard]: display /cam0/image_raw=26.2fps/1341f /cam1/image_raw=22.2fps/1197f /cam2/image_raw=29.1fps/1353f /cam3/image_raw=23.0fps/1314f /cam4/image_raw=23.9fps/1232f /cam5/image_raw=24.1fps/1239f
[vision_guard-1] [INFO] [1785147393.297388756] [vision_guard]: display /cam0/image_raw=29.1fps/1306f /cam1/image_raw=24.3fps/1295f /cam2/image_raw=25.6fps/1348f /cam3/image_raw=25.6fps/1370f /cam4/image_raw=22.9fps/1210f /cam5/image_raw=27.1fps/1243f
[vision_guard-1] [INFO] [1785147453.302637870] [vision_guard]: display /cam0/image_raw=23.9fps/1140f /cam1/image_raw=26.1fps/1230f /cam2/image_raw=27.6fps/1261f /cam3/image_raw=28.6fps/1280f /cam4/image_raw=23.3fps/1141f /cam5/image_raw=23.5fps/1181f
[vision_guard-1] [INFO] [1785147513.327932573] [vision_guard]: display /cam0/image_raw=19.4fps/1220f /cam1/image_raw=21.2fps/1348f /cam2/image_raw=21.0fps/1280f /cam3/image_raw=21.3fps/1351f /cam4/image_raw=20.2fps/1158f /cam5/image_raw=25.2fps/1161f
[vision_guard-1] [INFO] [1785147573.295838092] [vision_guard]: display /cam0/image_raw=16.9fps/1100f /cam1/image_raw=26.5fps/1398f /cam2/image_raw=29.6fps/1318f /cam3/image_raw=29.1fps/1364f /cam4/image_raw=19.7fps/1059f /cam5/image_raw=25.2fps/1138f
[vision_guard-1] [INFO] [1785147633.303657955] [vision_guard]: display /cam0/image_raw=24.5fps/1126f /cam1/image_raw=28.8fps/1396f /cam2/image_raw=24.0fps/1311f /cam3/image_raw=24.9fps/1324f /cam4/image_raw=24.0fps/1136f /cam5/image_raw=19.8fps/1041f
[vision_guard-1] [INFO] [1785147693.297171715] [vision_guard]: display /cam0/image_raw=27.9fps/1271f /cam1/image_raw=26.8fps/1379f /cam2/image_raw=21.2fps/1316f /cam3/image_raw=21.5fps/1294f /cam4/image_raw=23.2fps/1207f /cam5/image_raw=26.8fps/1195f
[vision_guard-1] [INFO] [1785147753.299023674] [vision_guard]: display /cam0/image_raw=27.9fps/1252f /cam1/image_raw=28.8fps/1343f /cam2/image_raw=26.0fps/1251f /cam3/image_raw=24.7fps/1194f /cam4/image_raw=23.6fps/1101f /cam5/image_raw=21.7fps/1076f
[vision_guard-1] [INFO] [1785147813.296192412] [vision_guard]: display /cam0/image_raw=26.7fps/1287f /cam1/image_raw=26.4fps/1370f /cam2/image_raw=23.5fps/1019f /cam3/image_raw=28.0fps/1239f /cam4/image_raw=23.0fps/1061f /cam5/image_raw=22.1fps/1081f
[vision_guard-1] [INFO] [1785147873.300564000] [vision_guard]: display /cam0/image_raw=26.0fps/1287f /cam1/image_raw=28.0fps/1415f /cam2/image_raw=24.6fps/1168f /cam3/image_raw=25.4fps/1070f /cam4/image_raw=20.9fps/1068f /cam5/image_raw=25.8fps/1025f
[vision_guard-1] [INFO] [1785147933.299594408] [vision_guard]: display /cam0/image_raw=26.8fps/1416f /cam1/image_raw=29.1fps/1438f /cam2/image_raw=23.9fps/1252f /cam3/image_raw=24.5fps/1189f /cam4/image_raw=28.0fps/1275f /cam5/image_raw=22.9fps/1199f
[vision_guard-1] [INFO] [1785147993.302524887] [vision_guard]: display /cam0/image_raw=28.5fps/1379f /cam1/image_raw=23.4fps/1313f /cam2/image_raw=25.7fps/1222f /cam3/image_raw=25.2fps/1253f /cam4/image_raw=25.6fps/1271f /cam5/image_raw=23.9fps/1235f
[vision_guard-1] [INFO] [1785148053.316200988] [vision_guard]: display /cam0/image_raw=28.3fps/1340f /cam1/image_raw=26.9fps/1390f /cam2/image_raw=27.9fps/1190f /cam3/image_raw=25.1fps/1190f /cam4/image_raw=25.8fps/1276f /cam5/image_raw=22.1fps/1271f
[vision_guard-1] [INFO] [1785148113.306097376] [vision_guard]: display /cam0/image_raw=25.1fps/1295f /cam1/image_raw=28.8fps/1372f /cam2/image_raw=24.6fps/1215f /cam3/image_raw=24.0fps/1192f /cam4/image_raw=26.6fps/1196f /cam5/image_raw=25.0fps/1173f
[vision_guard-1] [INFO] [1785148173.316195990] [vision_guard]: display /cam0/image_raw=27.7fps/1257f /cam1/image_raw=24.3fps/1255f /cam2/image_raw=25.0fps/1272f /cam3/image_raw=22.9fps/1199f /cam4/image_raw=25.4fps/1212f /cam5/image_raw=24.1fps/1212f
[vision_guard-1] [INFO] [1785148233.308520160] [vision_guard]: display /cam0/image_raw=22.8fps/1259f /cam1/image_raw=20.6fps/1332f /cam2/image_raw=27.1fps/1391f /cam3/image_raw=25.1fps/1306f /cam4/image_raw=22.6fps/1325f /cam5/image_raw=22.5fps/1272f
[vision_guard-1] [INFO] [1785148293.313046030] [vision_guard]: display /cam0/image_raw=22.1fps/1278f /cam1/image_raw=24.5fps/1110f /cam2/image_raw=28.9fps/1350f /cam3/image_raw=24.8fps/1244f /cam4/image_raw=20.8fps/1128f /cam5/image_raw=26.9fps/1146f
[vision_guard-1] [INFO] [1785148353.326678781] [vision_guard]: display /cam0/image_raw=27.7fps/1278f /cam1/image_raw=25.9fps/1201f /cam2/image_raw=26.4fps/1325f /cam3/image_raw=28.0fps/1300f /cam4/image_raw=26.5fps/1296f /cam5/image_raw=27.7fps/1244f
[vision_guard-1] [INFO] [1785148413.297956425] [vision_guard]: display /cam0/image_raw=25.3fps/1233f /cam1/image_raw=28.2fps/1152f /cam2/image_raw=24.8fps/1280f /cam3/image_raw=24.9fps/1187f /cam4/image_raw=29.3fps/1232f /cam5/image_raw=28.5fps/1251f
[vision_guard-1] [INFO] [1785148473.304942387] [vision_guard]: display /cam0/image_raw=23.1fps/1348f /cam1/image_raw=25.5fps/1316f /cam2/image_raw=27.3fps/1362f /cam3/image_raw=25.6fps/1272f /cam4/image_raw=27.2fps/1282f /cam5/image_raw=26.5fps/1323f
[vision_guard-1] [INFO] [1785148533.311210785] [vision_guard]: display /cam0/image_raw=22.5fps/1182f /cam1/image_raw=25.6fps/1251f /cam2/image_raw=22.3fps/1219f /cam3/image_raw=27.0fps/1174f /cam4/image_raw=26.4fps/1176f /cam5/image_raw=20.2fps/1158f
[vision_guard-1] [INFO] [1785148593.303031624] [vision_guard]: display /cam0/image_raw=27.2fps/1233f /cam1/image_raw=27.4fps/1320f /cam2/image_raw=25.8fps/1260f /cam3/image_raw=24.8fps/1260f /cam4/image_raw=24.9fps/1230f /cam5/image_raw=27.5fps/1241f
[vision_guard-1] [INFO] [1785148653.296011088] [vision_guard]: display /cam0/image_raw=17.4fps/1048f /cam1/image_raw=27.5fps/1328f /cam2/image_raw=28.3fps/1228f /cam3/image_raw=24.4fps/1205f /cam4/image_raw=19.6fps/1038f /cam5/image_raw=18.4fps/1131f
[vision_guard-1] [INFO] [1785148713.295875734] [vision_guard]: display /cam0/image_raw=27.6fps/1077f /cam1/image_raw=24.9fps/1420f /cam2/image_raw=28.1fps/1305f /cam3/image_raw=26.3fps/1273f /cam4/image_raw=28.5fps/1181f /cam5/image_raw=26.3fps/1002f
[vision_guard-1] [INFO] [1785148773.304369902] [vision_guard]: display /cam0/image_raw=25.1fps/1138f /cam1/image_raw=27.5fps/1387f /cam2/image_raw=23.3fps/1292f /cam3/image_raw=20.8fps/1268f /cam4/image_raw=21.1fps/1202f /cam5/image_raw=23.5fps/1166f
[vision_guard-1] [INFO] [1785148833.298259910] [vision_guard]: display /cam0/image_raw=25.0fps/1126f /cam1/image_raw=26.6fps/1375f /cam2/image_raw=23.4fps/1242f /cam3/image_raw=24.8fps/1206f /cam4/image_raw=25.3fps/1134f /cam5/image_raw=22.6fps/1095f
[vision_guard-1] [INFO] [1785148893.301768165] [vision_guard]: display /cam0/image_raw=23.9fps/1218f /cam1/image_raw=28.1fps/1376f /cam2/image_raw=26.4fps/1161f /cam3/image_raw=23.0fps/1149f /cam4/image_raw=18.2fps/1089f /cam5/image_raw=24.3fps/1095f
[vision_guard-1] [INFO] [1785148953.299909437] [vision_guard]: display /cam0/image_raw=27.4fps/1274f /cam1/image_raw=28.4fps/1362f /cam2/image_raw=21.5fps/1080f /cam3/image_raw=21.5fps/958f /cam4/image_raw=21.4fps/1003f /cam5/image_raw=22.4fps/975f
[vision_guard-1] [INFO] [1785149013.316848075] [vision_guard]: display /cam0/image_raw=24.0fps/1316f /cam1/image_raw=27.7fps/1334f /cam2/image_raw=21.2fps/1129f /cam3/image_raw=30.4fps/1138f /cam4/image_raw=32.1fps/1145f /cam5/image_raw=23.6fps/1089f
[vision_guard-1] [INFO] [1785149073.319151228] [vision_guard]: display /cam0/image_raw=26.4fps/1341f /cam1/image_raw=26.0fps/1350f /cam2/image_raw=24.3fps/1109f /cam3/image_raw=22.7fps/1160f /cam4/image_raw=27.3fps/1207f /cam5/image_raw=24.6fps/1138f
[vision_guard-1] [INFO] [1785149133.307400533] [vision_guard]: display /cam0/image_raw=26.8fps/1356f /cam1/image_raw=23.5fps/1350f /cam2/image_raw=24.8fps/1111f /cam3/image_raw=27.1fps/1139f /cam4/image_raw=25.6fps/1191f /cam5/image_raw=23.8fps/1134f
[vision_guard-1] [INFO] [1785149193.296504996] [vision_guard]: display /cam0/image_raw=23.3fps/1303f /cam1/image_raw=23.9fps/1263f /cam2/image_raw=24.9fps/1159f /cam3/image_raw=26.3fps/1207f /cam4/image_raw=20.9fps/1201f /cam5/image_raw=21.0fps/1179f
[vision_guard-1] [INFO] [1785149253.295910885] [vision_guard]: display /cam0/image_raw=27.3fps/1322f /cam1/image_raw=25.4fps/1111f /cam2/image_raw=25.3fps/1151f /cam3/image_raw=25.0fps/1244f /cam4/image_raw=27.1fps/1222f /cam5/image_raw=27.0fps/1065f
[vision_guard-1] [INFO] [1785149313.315580046] [vision_guard]: display /cam0/image_raw=27.2fps/1242f /cam1/image_raw=25.8fps/1217f /cam2/image_raw=26.3fps/1171f /cam3/image_raw=25.3fps/1243f /cam4/image_raw=25.1fps/1282f /cam5/image_raw=22.8fps/1220f
[vision_guard-1] [INFO] [1785149373.314361979] [vision_guard]: display /cam0/image_raw=28.3fps/1307f /cam1/image_raw=24.1fps/1215f /cam2/image_raw=25.6fps/1275f /cam3/image_raw=25.5fps/1247f /cam4/image_raw=28.2fps/1313f /cam5/image_raw=23.0fps/1251f
[vision_guard-1] [INFO] [1785149433.305913453] [vision_guard]: display /cam0/image_raw=27.5fps/1318f /cam1/image_raw=26.3fps/1248f /cam2/image_raw=24.5fps/1340f /cam3/image_raw=27.4fps/1286f /cam4/image_raw=25.8fps/1339f /cam5/image_raw=26.8fps/1309f
[vision_guard-1] [INFO] [1785149493.309283882] [vision_guard]: display /cam0/image_raw=27.2fps/1228f /cam1/image_raw=25.6fps/1197f /cam2/image_raw=27.4fps/1254f /cam3/image_raw=22.4fps/1163f /cam4/image_raw=23.0fps/1187f /cam5/image_raw=24.4fps/1178f
[vision_guard-1] [INFO] [1785149553.296410646] [vision_guard]: display /cam0/image_raw=29.1fps/1288f /cam1/image_raw=27.3fps/1298f /cam2/image_raw=23.3fps/1289f /cam3/image_raw=25.2fps/1182f /cam4/image_raw=20.4fps/1239f /cam5/image_raw=23.0fps/1215f
[vision_guard-1] [INFO] [1785149613.296166503] [vision_guard]: display /cam0/image_raw=26.5fps/1269f /cam1/image_raw=25.7fps/1297f /cam2/image_raw=26.9fps/1302f /cam3/image_raw=26.8fps/1184f /cam4/image_raw=26.0fps/1231f /cam5/image_raw=26.6fps/1191f
[vision_guard-1] [INFO] [1785149673.296524458] [vision_guard]: display /cam0/image_raw=28.0fps/1257f /cam1/image_raw=26.6fps/1312f /cam2/image_raw=27.1fps/1274f /cam3/image_raw=28.4fps/1232f /cam4/image_raw=25.0fps/1248f /cam5/image_raw=26.2fps/1227f
[vision_guard-1] [INFO] [1785149733.298424506] [vision_guard]: display /cam0/image_raw=21.9fps/1106f /cam1/image_raw=25.6fps/1371f /cam2/image_raw=27.3fps/1323f /cam3/image_raw=25.4fps/1232f /cam4/image_raw=22.9fps/1074f /cam5/image_raw=24.9fps/1201f
[vision_guard-1] [INFO] [1785149793.298822406] [vision_guard]: display /cam0/image_raw=24.4fps/1177f /cam1/image_raw=27.2fps/1335f /cam2/image_raw=30.7fps/1305f /cam3/image_raw=27.7fps/1216f /cam4/image_raw=26.0fps/1183f /cam5/image_raw=26.1fps/1155f
[vision_guard-1] [INFO] [1785149853.307577627] [vision_guard]: display /cam0/image_raw=23.9fps/1185f /cam1/image_raw=24.8fps/1290f /cam2/image_raw=27.9fps/1282f /cam3/image_raw=22.2fps/1189f /cam4/image_raw=26.6fps/1220f /cam5/image_raw=27.0fps/1201f
[vision_guard-1] [INFO] [1785149913.315388039] [vision_guard]: display /cam0/image_raw=25.0fps/1236f /cam1/image_raw=23.1fps/1256f /cam2/image_raw=23.8fps/1237f /cam3/image_raw=22.5fps/1218f /cam4/image_raw=24.9fps/1192f /cam5/image_raw=24.0fps/1224f
[vision_guard-1] [INFO] [1785149973.295696813] [vision_guard]: display /cam0/image_raw=23.2fps/1200f /cam1/image_raw=21.4fps/1277f /cam2/image_raw=21.9fps/1232f /cam3/image_raw=21.3fps/1053f /cam4/image_raw=17.5fps/1037f /cam5/image_raw=28.7fps/1120f
[vision_guard-1] [INFO] [1785150033.297986289] [vision_guard]: display /cam0/image_raw=24.5fps/1228f /cam1/image_raw=25.7fps/1239f /cam2/image_raw=21.0fps/1166f /cam3/image_raw=22.8fps/1030f /cam4/image_raw=27.5fps/1097f /cam5/image_raw=22.1fps/1087f
[vision_guard-1] [INFO] [1785150093.324779229] [vision_guard]: display /cam0/image_raw=25.8fps/1262f /cam1/image_raw=24.1fps/1234f /cam2/image_raw=24.8fps/1197f /cam3/image_raw=27.6fps/1123f /cam4/image_raw=27.5fps/1137f /cam5/image_raw=25.4fps/1145f
[vision_guard-1] [INFO] [1785150153.307282086] [vision_guard]: display /cam0/image_raw=24.8fps/1288f /cam1/image_raw=23.1fps/1183f /cam2/image_raw=22.2fps/1198f /cam3/image_raw=22.6fps/1124f /cam4/image_raw=24.0fps/1116f /cam5/image_raw=26.5fps/1074f
[vision_guard-1] [INFO] [1785150213.297124553] [vision_guard]: display /cam0/image_raw=22.3fps/1294f /cam1/image_raw=26.0fps/1135f /cam2/image_raw=18.6fps/1114f /cam3/image_raw=23.4fps/1157f /cam4/image_raw=27.1fps/1146f /cam5/image_raw=23.3fps/1044f
[vision_guard-1] [INFO] [1785150273.310810804] [vision_guard]: display /cam0/image_raw=25.9fps/1280f /cam1/image_raw=25.8fps/1115f /cam2/image_raw=22.7fps/1093f /cam3/image_raw=23.5fps/1132f /cam4/image_raw=24.5fps/1175f /cam5/image_raw=27.6fps/1003f
[vision_guard-1] [INFO] [1785150333.296360236] [vision_guard]: display /cam0/image_raw=27.5fps/1262f /cam1/image_raw=23.0fps/1141f /cam2/image_raw=26.2fps/1179f /cam3/image_raw=24.7fps/1218f /cam4/image_raw=22.8fps/1244f /cam5/image_raw=25.8fps/1161f
[vision_guard-1] [INFO] [1785150393.303761537] [vision_guard]: display /cam0/image_raw=24.8fps/1202f /cam1/image_raw=21.8fps/1082f /cam2/image_raw=19.5fps/1129f /cam3/image_raw=25.2fps/1128f /cam4/image_raw=21.8fps/1237f /cam5/image_raw=20.8fps/1168f
[vision_guard-1] [INFO] [1785150453.312797600] [vision_guard]: display /cam0/image_raw=28.2fps/1248f /cam1/image_raw=24.4fps/1136f /cam2/image_raw=23.4fps/1109f /cam3/image_raw=23.8fps/1158f /cam4/image_raw=26.9fps/1292f /cam5/image_raw=27.3fps/1214f
[vision_guard-1] [INFO] [1785150513.307544069] [vision_guard]: display /cam0/image_raw=23.9fps/1296f /cam1/image_raw=25.8fps/1186f /cam2/image_raw=23.4fps/1184f /cam3/image_raw=24.6fps/1157f /cam4/image_raw=23.1fps/1283f /cam5/image_raw=25.9fps/1270f
[vision_guard-1] [INFO] [1785150573.298929942] [vision_guard]: display /cam0/image_raw=29.7fps/1266f /cam1/image_raw=25.2fps/1179f /cam2/image_raw=26.1fps/1188f /cam3/image_raw=23.7fps/1123f /cam4/image_raw=24.8fps/1218f /cam5/image_raw=27.7fps/1177f
[vision_guard-1] [INFO] [1785150633.303561810] [vision_guard]: display /cam0/image_raw=24.2fps/1290f /cam1/image_raw=25.7fps/1260f /cam2/image_raw=27.4fps/1289f /cam3/image_raw=24.0fps/1184f /cam4/image_raw=25.4fps/1234f /cam5/image_raw=23.0fps/1244f
[vision_guard-1] [INFO] [1785150693.307373296] [vision_guard]: display /cam0/image_raw=27.5fps/1332f /cam1/image_raw=27.2fps/1250f /cam2/image_raw=27.5fps/1293f /cam3/image_raw=30.0fps/1189f /cam4/image_raw=25.9fps/1271f /cam5/image_raw=28.0fps/1258f
[vision_guard-1] [INFO] [1785150753.329490442] [vision_guard]: display /cam0/image_raw=25.3fps/1296f /cam1/image_raw=22.9fps/1257f /cam2/image_raw=25.9fps/1289f /cam3/image_raw=24.1fps/1203f /cam4/image_raw=28.8fps/1221f /cam5/image_raw=29.4fps/1183f
[vision_guard-1] [INFO] [1785150813.297568861] [vision_guard]: display /cam0/image_raw=16.9fps/1163f /cam1/image_raw=23.3fps/1269f /cam2/image_raw=26.3fps/1288f /cam3/image_raw=25.5fps/1167f /cam4/image_raw=21.5fps/1133f /cam5/image_raw=20.4fps/1192f
[vision_guard-1] [INFO] [1785150873.307991307] [vision_guard]: display /cam0/image_raw=28.8fps/1192f /cam1/image_raw=25.5fps/1252f /cam2/image_raw=22.8fps/1293f /cam3/image_raw=22.6fps/1170f /cam4/image_raw=23.6fps/1142f /cam5/image_raw=26.1fps/1167f
[vision_guard-1] [INFO] [1785150933.306278083] [vision_guard]: display /cam0/image_raw=22.6fps/1210f /cam1/image_raw=24.0fps/1269f /cam2/image_raw=26.7fps/1329f /cam3/image_raw=24.5fps/1197f /cam4/image_raw=24.1fps/1185f /cam5/image_raw=20.6fps/1205f
[vision_guard-1] [INFO] [1785150993.312266335] [vision_guard]: display /cam0/image_raw=22.0fps/1136f /cam1/image_raw=26.9fps/1299f /cam2/image_raw=29.1fps/1357f /cam3/image_raw=25.4fps/1176f /cam4/image_raw=27.6fps/1205f /cam5/image_raw=23.5fps/1155f
[vision_guard-1] [INFO] [1785151053.296136708] [vision_guard]: display /cam0/image_raw=22.5fps/1208f /cam1/image_raw=24.9fps/1263f /cam2/image_raw=28.8fps/1380f /cam3/image_raw=26.2fps/1137f /cam4/image_raw=25.7fps/1091f /cam5/image_raw=25.4fps/1140f
[vision_guard-1] [INFO] [1785151113.302875663] [vision_guard]: display /cam0/image_raw=28.0fps/1271f /cam1/image_raw=25.1fps/1238f /cam2/image_raw=25.0fps/1353f /cam3/image_raw=26.3fps/1140f /cam4/image_raw=24.2fps/1121f /cam5/image_raw=25.7fps/1114f
[vision_guard-1] [INFO] [1785151173.309934487] [vision_guard]: display /cam0/image_raw=26.8fps/1304f /cam1/image_raw=26.5fps/1183f /cam2/image_raw=24.7fps/1335f /cam3/image_raw=22.6fps/1061f /cam4/image_raw=21.3fps/1100f /cam5/image_raw=22.7fps/1111f
[vision_guard-1] [INFO] [1785151233.310363324] [vision_guard]: display /cam0/image_raw=26.7fps/1294f /cam1/image_raw=20.9fps/1020f /cam2/image_raw=23.4fps/1330f /cam3/image_raw=22.9fps/1016f /cam4/image_raw=27.1fps/1174f /cam5/image_raw=21.4fps/957f
[vision_guard-1] [INFO] [1785151293.311710929] [vision_guard]: display /cam0/image_raw=25.7fps/1319f /cam1/image_raw=21.4fps/1097f /cam2/image_raw=23.9fps/1306f /cam3/image_raw=26.0fps/1102f /cam4/image_raw=25.2fps/1265f /cam5/image_raw=23.1fps/1114f
[vision_guard-1] [INFO] [1785151353.299787000] [vision_guard]: display /cam0/image_raw=26.2fps/1322f /cam1/image_raw=24.9fps/1065f /cam2/image_raw=27.4fps/1249f /cam3/image_raw=27.9fps/1151f /cam4/image_raw=29.6fps/1225f /cam5/image_raw=26.4fps/1142f
[vision_guard-1] [INFO] [1785151413.296367153] [vision_guard]: display /cam0/image_raw=30.0fps/1288f /cam1/image_raw=25.1fps/1103f /cam2/image_raw=25.6fps/1248f /cam3/image_raw=26.0fps/1153f /cam4/image_raw=28.7fps/1377f /cam5/image_raw=27.6fps/1184f
[vision_guard-1] [INFO] [1785151473.324698166] [vision_guard]: display /cam0/image_raw=29.8fps/1285f /cam1/image_raw=24.7fps/1145f /cam2/image_raw=26.2fps/1226f /cam3/image_raw=24.3fps/1173f /cam4/image_raw=28.4fps/1320f /cam5/image_raw=25.1fps/1191f
[vision_guard-1] [INFO] [1785151533.313202638] [vision_guard]: display /cam0/image_raw=23.4fps/1287f /cam1/image_raw=24.4fps/1215f /cam2/image_raw=24.3fps/1246f /cam3/image_raw=23.8fps/1230f /cam4/image_raw=27.2fps/1337f /cam5/image_raw=30.3fps/1216f
[vision_guard-1] [INFO] [1785151593.295792765] [vision_guard]: display /cam0/image_raw=22.8fps/1277f /cam1/image_raw=21.5fps/1216f /cam2/image_raw=24.0fps/1208f /cam3/image_raw=24.4fps/1214f /cam4/image_raw=26.8fps/1296f /cam5/image_raw=25.1fps/1277f
[vision_guard-1] [INFO] [1785151653.301691354] [vision_guard]: display /cam0/image_raw=23.2fps/1310f /cam1/image_raw=24.2fps/1168f /cam2/image_raw=23.9fps/1298f /cam3/image_raw=27.6fps/1217f /cam4/image_raw=21.4fps/1317f /cam5/image_raw=25.8fps/1286f
[vision_guard-1] [INFO] [1785151713.305548151] [vision_guard]: display /cam0/image_raw=25.9fps/1314f /cam1/image_raw=28.3fps/1189f /cam2/image_raw=26.6fps/1325f /cam3/image_raw=26.8fps/1184f /cam4/image_raw=21.4fps/1268f /cam5/image_raw=26.5fps/1294f
[vision_guard-1] [INFO] [1785151773.297535627] [vision_guard]: display /cam0/image_raw=24.1fps/1290f /cam1/image_raw=21.6fps/1224f /cam2/image_raw=24.1fps/1297f /cam3/image_raw=25.2fps/1192f /cam4/image_raw=24.2fps/1332f /cam5/image_raw=26.4fps/1283f
[vision_guard-1] [INFO] [1785151833.325514961] [vision_guard]: display /cam0/image_raw=28.8fps/1245f /cam1/image_raw=27.3fps/1210f /cam2/image_raw=29.3fps/1301f /cam3/image_raw=27.2fps/1193f /cam4/image_raw=27.8fps/1199f /cam5/image_raw=26.4fps/1178f
[vision_guard-1] [INFO] [1785151893.314876978] [vision_guard]: display /cam0/image_raw=23.9fps/1200f /cam1/image_raw=22.6fps/1242f /cam2/image_raw=27.8fps/1381f /cam3/image_raw=23.8fps/1250f /cam4/image_raw=29.5fps/1213f /cam5/image_raw=23.6fps/1266f
[vision_guard-1] [INFO] [1785151953.317188689] [vision_guard]: display /cam0/image_raw=21.3fps/1226f /cam1/image_raw=22.9fps/1225f /cam2/image_raw=28.8fps/1324f /cam3/image_raw=26.6fps/1240f /cam4/image_raw=22.2fps/1165f /cam5/image_raw=26.7fps/1201f
[vision_guard-1] [INFO] [1785152013.297643986] [vision_guard]: display /cam0/image_raw=21.1fps/1208f /cam1/image_raw=27.3fps/1276f /cam2/image_raw=25.2fps/1348f /cam3/image_raw=30.1fps/1292f /cam4/image_raw=23.8fps/1212f /cam5/image_raw=25.7fps/1205f
[vision_guard-1] [INFO] [1785152073.296358939] [vision_guard]: display /cam0/image_raw=25.8fps/1186f /cam1/image_raw=24.4fps/1174f /cam2/image_raw=27.2fps/1350f /cam3/image_raw=23.6fps/1225f /cam4/image_raw=22.3fps/1199f /cam5/image_raw=26.3fps/1145f
[vision_guard-1] [INFO] [1785152133.297828297] [vision_guard]: display /cam0/image_raw=22.4fps/1232f /cam1/image_raw=26.0fps/1201f /cam2/image_raw=28.1fps/1327f /cam3/image_raw=24.9fps/1242f /cam4/image_raw=28.8fps/1231f /cam5/image_raw=21.0fps/1168f
[vision_guard-1] [INFO] [1785152193.296777846] [vision_guard]: display /cam0/image_raw=22.6fps/1244f /cam1/image_raw=17.8fps/1109f /cam2/image_raw=29.8fps/1369f /cam3/image_raw=25.7fps/1248f /cam4/image_raw=27.3fps/1101f /cam5/image_raw=25.9fps/1098f
[vision_guard-1] [INFO] [1785152253.309939848] [vision_guard]: display /cam0/image_raw=28.0fps/1273f /cam1/image_raw=28.5fps/1160f /cam2/image_raw=26.5fps/1305f /cam3/image_raw=26.8fps/1144f /cam4/image_raw=29.5fps/1171f /cam5/image_raw=26.7fps/1106f
[vision_guard-1] [INFO] [1785152313.296364160] [vision_guard]: display /cam0/image_raw=26.9fps/1249f /cam1/image_raw=23.1fps/1137f /cam2/image_raw=26.6fps/1368f /cam3/image_raw=21.2fps/1208f /cam4/image_raw=24.0fps/1313f /cam5/image_raw=25.4fps/1140f
[vision_guard-1] [INFO] [1785152373.307949011] [vision_guard]: display /cam0/image_raw=26.4fps/1287f /cam1/image_raw=26.5fps/1159f /cam2/image_raw=24.2fps/1340f /cam3/image_raw=23.1fps/1200f /cam4/image_raw=24.4fps/1273f /cam5/image_raw=25.7fps/1173f
[vision_guard-1] [INFO] [1785152433.333024068] [vision_guard]: display /cam0/image_raw=30.0fps/1295f /cam1/image_raw=29.9fps/1229f /cam2/image_raw=17.8fps/1302f /cam3/image_raw=25.0fps/1222f /cam4/image_raw=20.0fps/1266f /cam5/image_raw=18.7fps/1169f
[vision_guard-1] [INFO] [1785152493.295578571] [vision_guard]: display /cam0/image_raw=29.1fps/1299f /cam1/image_raw=28.1fps/1281f /cam2/image_raw=24.2fps/1295f /cam3/image_raw=26.4fps/1205f /cam4/image_raw=24.3fps/1242f /cam5/image_raw=26.5fps/1186f
[vision_guard-1] [INFO] [1785152553.298614954] [vision_guard]: display /cam0/image_raw=25.5fps/1270f /cam1/image_raw=21.1fps/1221f /cam2/image_raw=26.5fps/1300f /cam3/image_raw=26.0fps/1240f /cam4/image_raw=27.2fps/1271f /cam5/image_raw=21.8fps/1207f
[vision_guard-1] [INFO] [1785152613.297998243] [vision_guard]: display /cam0/image_raw=25.9fps/1253f /cam1/image_raw=28.4fps/1281f /cam2/image_raw=22.7fps/1216f /cam3/image_raw=28.0fps/1311f /cam4/image_raw=26.7fps/1281f /cam5/image_raw=26.1fps/1185f
[vision_guard-1] [INFO] [1785152673.295852006] [vision_guard]: display /cam0/image_raw=27.9fps/1298f /cam1/image_raw=26.7fps/1337f /cam2/image_raw=28.4fps/1189f /cam3/image_raw=29.3fps/1300f /cam4/image_raw=25.7fps/1302f /cam5/image_raw=26.8fps/1151f
[vision_guard-1] [INFO] [1785152733.307035584] [vision_guard]: display /cam0/image_raw=25.9fps/1247f /cam1/image_raw=22.5fps/1236f /cam2/image_raw=25.5fps/1224f /cam3/image_raw=26.4fps/1291f /cam4/image_raw=23.7fps/1274f /cam5/image_raw=26.9fps/1239f
[vision_guard-1] [INFO] [1785152793.305506645] [vision_guard]: display /cam0/image_raw=29.0fps/1244f /cam1/image_raw=26.8fps/1218f /cam2/image_raw=26.5fps/1171f /cam3/image_raw=23.6fps/1273f /cam4/image_raw=23.4fps/1245f /cam5/image_raw=24.9fps/1196f
[vision_guard-1] [INFO] [1785152853.311063435] [vision_guard]: display /cam0/image_raw=26.7fps/1242f /cam1/image_raw=21.8fps/1196f /cam2/image_raw=24.6fps/1151f /cam3/image_raw=22.6fps/1247f /cam4/image_raw=21.3fps/1246f /cam5/image_raw=21.2fps/1247f
[vision_guard-1] [INFO] [1785152913.296135167] [vision_guard]: display /cam0/image_raw=25.9fps/1161f /cam1/image_raw=26.2fps/1243f /cam2/image_raw=22.2fps/1254f /cam3/image_raw=26.6fps/1297f /cam4/image_raw=24.1fps/1146f /cam5/image_raw=23.4fps/1239f
[vision_guard-1] [INFO] [1785152973.299862386] [vision_guard]: display /cam0/image_raw=29.0fps/1150f /cam1/image_raw=23.3fps/1243f /cam2/image_raw=27.1fps/1254f /cam3/image_raw=26.5fps/1290f /cam4/image_raw=25.7fps/1176f /cam5/image_raw=25.7fps/1195f
[vision_guard-1] [INFO] [1785153033.314741851] [vision_guard]: display /cam0/image_raw=25.2fps/1189f /cam1/image_raw=24.7fps/1226f /cam2/image_raw=27.6fps/1330f /cam3/image_raw=27.8fps/1343f /cam4/image_raw=22.3fps/1173f /cam5/image_raw=21.1fps/1124f
[vision_guard-1] [INFO] [1785153093.299354157] [vision_guard]: display /cam0/image_raw=24.3fps/1068f /cam1/image_raw=20.9fps/1206f /cam2/image_raw=30.3fps/1374f /cam3/image_raw=24.1fps/1348f /cam4/image_raw=21.8fps/1111f /cam5/image_raw=21.7fps/1089f
[vision_guard-1] [INFO] [1785153153.315625079] [vision_guard]: display /cam0/image_raw=22.2fps/1146f /cam1/image_raw=26.5fps/1194f /cam2/image_raw=24.2fps/1343f /cam3/image_raw=30.2fps/1286f /cam4/image_raw=29.4fps/1166f /cam5/image_raw=25.2fps/1157f
[vision_guard-1] [INFO] [1785153213.298568111] [vision_guard]: display /cam0/image_raw=24.1fps/1139f /cam1/image_raw=19.7fps/1120f /cam2/image_raw=25.2fps/1294f /cam3/image_raw=24.7fps/1204f /cam4/image_raw=26.8fps/1156f /cam5/image_raw=21.9fps/1083f
[vision_guard-1] [INFO] [1785153273.324029805] [vision_guard]: display /cam0/image_raw=25.7fps/1143f /cam1/image_raw=27.2fps/1069f /cam2/image_raw=24.0fps/1355f /cam3/image_raw=26.4fps/1304f /cam4/image_raw=27.0fps/1291f /cam5/image_raw=25.0fps/1076f
[vision_guard-1] [INFO] [1785153333.303357368] [vision_guard]: display /cam0/image_raw=24.3fps/1154f /cam1/image_raw=22.9fps/1045f /cam2/image_raw=25.1fps/1402f /cam3/image_raw=25.2fps/1291f /cam4/image_raw=27.8fps/1337f /cam5/image_raw=22.2fps/1225f
[vision_guard-1] [INFO] [1785153393.296793181] [vision_guard]: display /cam0/image_raw=20.9fps/1176f /cam1/image_raw=26.0fps/1171f /cam2/image_raw=25.8fps/1374f /cam3/image_raw=25.6fps/1277f /cam4/image_raw=27.2fps/1327f /cam5/image_raw=25.4fps/1237f
[vision_guard-1] [INFO] [1785153453.296644750] [vision_guard]: display /cam0/image_raw=23.3fps/1261f /cam1/image_raw=24.3fps/1208f /cam2/image_raw=26.5fps/1370f /cam3/image_raw=29.1fps/1243f /cam4/image_raw=24.8fps/1312f /cam5/image_raw=27.0fps/1243f
[vision_guard-1] [INFO] [1785153513.306790417] [vision_guard]: display /cam0/image_raw=22.8fps/1234f /cam1/image_raw=23.3fps/1219f /cam2/image_raw=25.2fps/1337f /cam3/image_raw=26.2fps/1236f /cam4/image_raw=26.4fps/1278f /cam5/image_raw=23.7fps/1311f
[vision_guard-1] [INFO] [1785153573.318937425] [vision_guard]: display /cam0/image_raw=26.8fps/1286f /cam1/image_raw=25.3fps/1266f /cam2/image_raw=26.7fps/1325f /cam3/image_raw=25.2fps/1252f /cam4/image_raw=28.2fps/1272f /cam5/image_raw=26.3fps/1282f
[vision_guard-1] [INFO] [1785153633.298373630] [vision_guard]: display /cam0/image_raw=23.0fps/1194f /cam1/image_raw=22.6fps/1188f /cam2/image_raw=28.3fps/1270f /cam3/image_raw=25.0fps/1247f /cam4/image_raw=25.3fps/1177f /cam5/image_raw=24.8fps/1192f
[vision_guard-1] [INFO] [1785153693.305591444] [vision_guard]: display /cam0/image_raw=23.9fps/1233f /cam1/image_raw=27.3fps/1224f /cam2/image_raw=23.3fps/1270f /cam3/image_raw=24.7fps/1272f /cam4/image_raw=26.6fps/1198f /cam5/image_raw=27.4fps/1201f
[vision_guard-1] [INFO] [1785153753.315516085] [vision_guard]: display /cam0/image_raw=26.6fps/1276f /cam1/image_raw=25.7fps/1274f /cam2/image_raw=26.5fps/1200f /cam3/image_raw=29.3fps/1314f /cam4/image_raw=25.7fps/1182f /cam5/image_raw=27.4fps/1238f
[vision_guard-1] [INFO] [1785153813.308520852] [vision_guard]: display /cam0/image_raw=24.1fps/1238f /cam1/image_raw=24.9fps/1228f /cam2/image_raw=26.3fps/1239f /cam3/image_raw=28.6fps/1319f /cam4/image_raw=20.7fps/1222f /cam5/image_raw=27.0fps/1223f
[vision_guard-1] [INFO] [1785153873.327669590] [vision_guard]: display /cam0/image_raw=24.7fps/1228f /cam1/image_raw=23.8fps/1220f /cam2/image_raw=23.6fps/1236f /cam3/image_raw=25.2fps/1277f /cam4/image_raw=27.4fps/1198f /cam5/image_raw=22.0fps/1204f
[vision_guard-1] [INFO] [1785153933.296872423] [vision_guard]: display /cam0/image_raw=25.8fps/1227f /cam1/image_raw=23.8fps/1193f /cam2/image_raw=25.9fps/1175f /cam3/image_raw=22.9fps/1271f /cam4/image_raw=22.4fps/1213f /cam5/image_raw=21.1fps/1195f
[vision_guard-1] [INFO] [1785153993.301925611] [vision_guard]: display /cam0/image_raw=24.3fps/1253f /cam1/image_raw=26.4fps/1262f /cam2/image_raw=25.3fps/1231f /cam3/image_raw=29.8fps/1368f /cam4/image_raw=23.0fps/1255f /cam5/image_raw=26.3fps/1232f
[vision_guard-1] [INFO] [1785154053.301888565] [vision_guard]: display /cam0/image_raw=25.3fps/1137f /cam1/image_raw=22.2fps/1130f /cam2/image_raw=20.5fps/1196f /cam3/image_raw=25.9fps/1335f /cam4/image_raw=20.7fps/1071f /cam5/image_raw=22.9fps/1173f
[vision_guard-1] [INFO] [1785154113.317724553] [vision_guard]: display /cam0/image_raw=26.3fps/1157f /cam1/image_raw=23.9fps/1104f /cam2/image_raw=25.4fps/1194f /cam3/image_raw=30.7fps/1331f /cam4/image_raw=25.3fps/1176f /cam5/image_raw=22.6fps/1139f
[vision_guard-1] [INFO] [1785154173.318861195] [vision_guard]: display /cam0/image_raw=20.0fps/1100f /cam1/image_raw=23.1fps/1096f /cam2/image_raw=27.3fps/1229f /cam3/image_raw=28.8fps/1383f /cam4/image_raw=25.4fps/1187f /cam5/image_raw=22.7fps/1122f
[vision_guard-1] [INFO] [1785154233.308585985] [vision_guard]: display /cam0/image_raw=28.1fps/1184f /cam1/image_raw=24.7fps/1052f /cam2/image_raw=25.3fps/1332f /cam3/image_raw=27.7fps/1453f /cam4/image_raw=24.1fps/1347f /cam5/image_raw=27.2fps/1088f
[vision_guard-1] [INFO] [1785154293.319200617] [vision_guard]: display /cam0/image_raw=21.7fps/1089f /cam1/image_raw=23.9fps/1099f /cam2/image_raw=24.6fps/1245f /cam3/image_raw=23.7fps/1306f /cam4/image_raw=25.7fps/1258f /cam5/image_raw=31.2fps/1151f
[vision_guard-1] [INFO] [1785154353.300338647] [vision_guard]: display /cam0/image_raw=25.8fps/1089f /cam1/image_raw=28.5fps/1092f /cam2/image_raw=26.6fps/1244f /cam3/image_raw=27.3fps/1251f /cam4/image_raw=25.9fps/1211f /cam5/image_raw=25.3fps/1100f
[vision_guard-1] [INFO] [1785154413.324158317] [vision_guard]: display /cam0/image_raw=22.8fps/1203f /cam1/image_raw=25.1fps/1222f /cam2/image_raw=24.9fps/1247f /cam3/image_raw=23.3fps/1253f /cam4/image_raw=27.8fps/1239f /cam5/image_raw=27.0fps/1190f
[vision_guard-1] [INFO] [1785154473.329438957] [vision_guard]: display /cam0/image_raw=22.2fps/1178f /cam1/image_raw=22.3fps/1217f /cam2/image_raw=25.8fps/1265f /cam3/image_raw=26.2fps/1219f /cam4/image_raw=26.7fps/1298f /cam5/image_raw=22.7fps/1241f
[vision_guard-1] [INFO] [1785154533.297560351] [vision_guard]: display /cam0/image_raw=25.5fps/1327f /cam1/image_raw=23.3fps/1334f /cam2/image_raw=26.4fps/1275f /cam3/image_raw=25.1fps/1267f /cam4/image_raw=29.2fps/1389f /cam5/image_raw=24.7fps/1263f
[vision_guard-1] [INFO] [1785154593.297472847] [vision_guard]: display /cam0/image_raw=25.5fps/1366f /cam1/image_raw=26.3fps/1330f /cam2/image_raw=24.6fps/1280f /cam3/image_raw=27.2fps/1269f /cam4/image_raw=28.6fps/1372f /cam5/image_raw=29.3fps/1296f
[vision_guard-1] [INFO] [1785154653.307945897] [vision_guard]: display /cam0/image_raw=28.4fps/1386f /cam1/image_raw=27.0fps/1337f /cam2/image_raw=25.5fps/1267f /cam3/image_raw=28.4fps/1238f /cam4/image_raw=27.0fps/1346f /cam5/image_raw=23.4fps/1245f
[vision_guard-1] [INFO] [1785154713.299930671] [vision_guard]: display /cam0/image_raw=29.0fps/1355f /cam1/image_raw=25.4fps/1274f /cam2/image_raw=22.6fps/1224f /cam3/image_raw=24.7fps/1270f /cam4/image_raw=25.8fps/1376f /cam5/image_raw=26.3fps/1295f
[vision_guard-1] [INFO] [1785154773.296899710] [vision_guard]: display /cam0/image_raw=26.6fps/1290f /cam1/image_raw=24.0fps/1226f /cam2/image_raw=24.7fps/1150f /cam3/image_raw=25.0fps/1202f /cam4/image_raw=25.6fps/1198f /cam5/image_raw=21.1fps/1227f
[vision_guard-1] [INFO] [1785154833.310428473] [vision_guard]: display /cam0/image_raw=21.9fps/1307f /cam1/image_raw=20.9fps/1259f /cam2/image_raw=27.9fps/1159f /cam3/image_raw=23.1fps/1253f /cam4/image_raw=22.7fps/1219f /cam5/image_raw=20.0fps/1263f
[vision_guard-1] [INFO] [1785154893.297556338] [vision_guard]: display /cam0/image_raw=26.4fps/1345f /cam1/image_raw=28.0fps/1312f /cam2/image_raw=28.6fps/1203f /cam3/image_raw=25.6fps/1330f /cam4/image_raw=30.5fps/1207f /cam5/image_raw=25.0fps/1321f
[vision_guard-1] [INFO] [1785154953.306889326] [vision_guard]: display /cam0/image_raw=26.7fps/1316f /cam1/image_raw=25.4fps/1246f /cam2/image_raw=25.7fps/1182f /cam3/image_raw=23.7fps/1305f /cam4/image_raw=28.0fps/1184f /cam5/image_raw=24.8fps/1233f
[vision_guard-1] [INFO] [1785155013.296457091] [vision_guard]: display /cam0/image_raw=26.6fps/1367f /cam1/image_raw=23.4fps/1269f /cam2/image_raw=22.9fps/1204f /cam3/image_raw=24.8fps/1353f /cam4/image_raw=24.1fps/1167f /cam5/image_raw=23.9fps/1274f
[vision_guard-1] [INFO] [1785155073.299292019] [vision_guard]: display /cam0/image_raw=23.9fps/1279f /cam1/image_raw=27.5fps/1197f /cam2/image_raw=21.5fps/1111f /cam3/image_raw=29.9fps/1267f /cam4/image_raw=25.7fps/1154f /cam5/image_raw=24.1fps/1138f
[vision_guard-1] [INFO] [1785155133.311719938] [vision_guard]: display /cam0/image_raw=25.6fps/1252f /cam1/image_raw=22.8fps/1220f /cam2/image_raw=23.2fps/1192f /cam3/image_raw=25.3fps/1353f /cam4/image_raw=27.8fps/1213f /cam5/image_raw=23.3fps/1164f
[vision_guard-1] [INFO] [1785155193.295786041] [vision_guard]: display /cam0/image_raw=21.8fps/1284f /cam1/image_raw=24.0fps/1200f /cam2/image_raw=23.1fps/1170f /cam3/image_raw=24.6fps/1399f /cam4/image_raw=22.9fps/1301f /cam5/image_raw=23.9fps/1135f
[vision_guard-1] [INFO] [1785155253.313333595] [vision_guard]: display /cam0/image_raw=23.4fps/1232f /cam1/image_raw=24.4fps/1145f /cam2/image_raw=27.6fps/1242f /cam3/image_raw=26.3fps/1415f /cam4/image_raw=25.1fps/1227f /cam5/image_raw=27.2fps/1142f
[vision_guard-1] [INFO] [1785155313.296049602] [vision_guard]: display /cam0/image_raw=26.1fps/1254f /cam1/image_raw=23.2fps/1160f /cam2/image_raw=24.6fps/1265f /cam3/image_raw=24.5fps/1347f /cam4/image_raw=24.3fps/1249f /cam5/image_raw=23.6fps/1229f
[vision_guard-1] [INFO] [1785155373.303940335] [vision_guard]: display /cam0/image_raw=24.6fps/1141f /cam1/image_raw=27.8fps/1138f /cam2/image_raw=24.8fps/1130f /cam3/image_raw=26.3fps/1317f /cam4/image_raw=24.9fps/1156f /cam5/image_raw=30.3fps/1162f
[vision_guard-1] [INFO] [1785155433.296580760] [vision_guard]: display /cam0/image_raw=27.4fps/1152f /cam1/image_raw=27.0fps/1130f /cam2/image_raw=28.6fps/1181f /cam3/image_raw=25.8fps/1297f /cam4/image_raw=27.1fps/1217f /cam5/image_raw=28.3fps/1125f
[vision_guard-1] [INFO] [1785155493.306069131] [vision_guard]: display /cam0/image_raw=23.2fps/1211f /cam1/image_raw=25.5fps/1159f /cam2/image_raw=25.2fps/1202f /cam3/image_raw=28.8fps/1303f /cam4/image_raw=25.7fps/1228f /cam5/image_raw=26.5fps/1186f
[vision_guard-1] [INFO] [1785155553.349242286] [vision_guard]: display /cam0/image_raw=23.0fps/1216f /cam1/image_raw=22.4fps/1200f /cam2/image_raw=24.4fps/1223f /cam3/image_raw=21.4fps/1207f /cam4/image_raw=24.3fps/1233f /cam5/image_raw=21.2fps/1169f
[vision_guard-1] [INFO] [1785155613.303377457] [vision_guard]: display /cam0/image_raw=26.9fps/1202f /cam1/image_raw=24.8fps/1158f /cam2/image_raw=25.7fps/1154f /cam3/image_raw=24.5fps/1212f /cam4/image_raw=27.6fps/1265f /cam5/image_raw=24.8fps/1171f
[vision_guard-1] [INFO] [1785155673.304779668] [vision_guard]: display /cam0/image_raw=22.3fps/1247f /cam1/image_raw=24.6fps/1197f /cam2/image_raw=25.6fps/1166f /cam3/image_raw=24.6fps/1235f /cam4/image_raw=23.5fps/1312f /cam5/image_raw=28.7fps/1206f
[vision_guard-1] [INFO] [1785155733.299495507] [vision_guard]: display /cam0/image_raw=25.3fps/1232f /cam1/image_raw=23.1fps/1175f /cam2/image_raw=25.1fps/1129f /cam3/image_raw=26.4fps/1213f /cam4/image_raw=28.5fps/1245f /cam5/image_raw=25.8fps/1176f
[vision_guard-1] [INFO] [1785155793.301888607] [vision_guard]: display /cam0/image_raw=24.2fps/1285f /cam1/image_raw=25.5fps/1245f /cam2/image_raw=25.8fps/1243f /cam3/image_raw=24.5fps/1239f /cam4/image_raw=26.2fps/1286f /cam5/image_raw=25.3fps/1253f
[vision_guard-1] [INFO] [1785155853.296917978] [vision_guard]: display /cam0/image_raw=26.0fps/1296f /cam1/image_raw=23.1fps/1279f /cam2/image_raw=24.9fps/1259f /cam3/image_raw=26.2fps/1259f /cam4/image_raw=24.7fps/1298f /cam5/image_raw=24.2fps/1246f
[vision_guard-1] [INFO] [1785155913.336034968] [vision_guard]: display /cam0/image_raw=19.3fps/1227f /cam1/image_raw=22.3fps/1202f /cam2/image_raw=25.6fps/1211f /cam3/image_raw=25.2fps/1256f /cam4/image_raw=24.0fps/1143f /cam5/image_raw=19.3fps/1275f
[vision_guard-1] [INFO] [1785155973.322217673] [vision_guard]: display /cam0/image_raw=26.4fps/1217f /cam1/image_raw=23.6fps/1149f /cam2/image_raw=25.1fps/1161f /cam3/image_raw=24.2fps/1208f /cam4/image_raw=27.3fps/1139f /cam5/image_raw=30.4fps/1229f
[vision_guard-1] [INFO] [1785156033.309566174] [vision_guard]: display /cam0/image_raw=29.6fps/1156f /cam1/image_raw=24.5fps/1080f /cam2/image_raw=26.3fps/1140f /cam3/image_raw=30.5fps/1163f /cam4/image_raw=25.2fps/1069f /cam5/image_raw=28.1fps/1148f
[vision_guard-1] [INFO] [1785156093.302779086] [vision_guard]: display /cam0/image_raw=24.2fps/1262f /cam1/image_raw=25.8fps/1120f /cam2/image_raw=26.1fps/1183f /cam3/image_raw=21.3fps/1205f /cam4/image_raw=25.2fps/1149f /cam5/image_raw=22.4fps/1143f
[vision_guard-1] [INFO] [1785156153.295701051] [vision_guard]: display /cam0/image_raw=24.3fps/1245f /cam1/image_raw=23.9fps/1112f /cam2/image_raw=25.7fps/1165f /cam3/image_raw=28.3fps/1252f /cam4/image_raw=25.1fps/1132f /cam5/image_raw=26.3fps/1193f
[vision_guard-1] [INFO] [1785156213.300419826] [vision_guard]: display /cam0/image_raw=27.0fps/1237f /cam1/image_raw=19.2fps/1037f /cam2/image_raw=24.8fps/1143f /cam3/image_raw=27.2fps/1232f /cam4/image_raw=20.7fps/1150f /cam5/image_raw=22.4fps/1106f
[vision_guard-1] [INFO] [1785156273.296327948] [vision_guard]: display /cam0/image_raw=21.8fps/1208f /cam1/image_raw=19.3fps/1116f /cam2/image_raw=25.4fps/1192f /cam3/image_raw=25.9fps/1240f /cam4/image_raw=21.8fps/1198f /cam5/image_raw=24.5fps/1157f
[vision_guard-1] [INFO] [1785156333.335052910] [vision_guard]: display /cam0/image_raw=26.4fps/1119f /cam1/image_raw=27.1fps/1119f /cam2/image_raw=21.5fps/1068f /cam3/image_raw=26.9fps/1265f /cam4/image_raw=28.0fps/1108f /cam5/image_raw=22.6fps/1060f
[vision_guard-1] [INFO] [1785156393.315349886] [vision_guard]: display /cam0/image_raw=24.9fps/1149f /cam1/image_raw=27.2fps/1183f /cam2/image_raw=22.6fps/1154f /cam3/image_raw=27.3fps/1235f /cam4/image_raw=27.0fps/1205f /cam5/image_raw=25.1fps/1121f
[vision_guard-1] [INFO] [1785156453.299592481] [vision_guard]: display /cam0/image_raw=28.1fps/1210f /cam1/image_raw=28.0fps/1255f /cam2/image_raw=26.2fps/1217f /cam3/image_raw=28.7fps/1340f /cam4/image_raw=26.4fps/1296f /cam5/image_raw=25.6fps/1208f
[vision_guard-1] [INFO] [1785156513.298053244] [vision_guard]: display /cam0/image_raw=28.2fps/1239f /cam1/image_raw=24.0fps/1316f /cam2/image_raw=26.3fps/1235f /cam3/image_raw=28.2fps/1363f /cam4/image_raw=26.5fps/1363f /cam5/image_raw=25.3fps/1168f
[vision_guard-1] [INFO] [1785156573.309292752] [vision_guard]: display /cam0/image_raw=26.8fps/1259f /cam1/image_raw=28.5fps/1381f /cam2/image_raw=26.8fps/1315f /cam3/image_raw=28.2fps/1319f /cam4/image_raw=27.1fps/1337f /cam5/image_raw=29.7fps/1298f
[vision_guard-1] [INFO] [1785156633.308793626] [vision_guard]: display /cam0/image_raw=24.4fps/1206f /cam1/image_raw=25.9fps/1312f /cam2/image_raw=25.9fps/1264f /cam3/image_raw=25.4fps/1248f /cam4/image_raw=29.1fps/1249f /cam5/image_raw=21.4fps/1197f
[vision_guard-1] [INFO] [1785156693.311539448] [vision_guard]: display /cam0/image_raw=25.1fps/1199f /cam1/image_raw=25.0fps/1223f /cam2/image_raw=23.8fps/1225f /cam3/image_raw=25.8fps/1226f /cam4/image_raw=28.0fps/1248f /cam5/image_raw=24.3fps/1179f
[vision_guard-1] [INFO] [1785156753.336824168] [vision_guard]: display /cam0/image_raw=25.3fps/1214f /cam1/image_raw=25.8fps/1251f /cam2/image_raw=25.8fps/1183f /cam3/image_raw=17.1fps/1179f /cam4/image_raw=20.3fps/1295f /cam5/image_raw=24.9fps/1177f
[vision_guard-1] [INFO] [1785156813.315970620] [vision_guard]: display /cam0/image_raw=21.7fps/1212f /cam1/image_raw=28.0fps/1242f /cam2/image_raw=24.6fps/1169f /cam3/image_raw=23.5fps/1207f /cam4/image_raw=27.0fps/1285f /cam5/image_raw=24.9fps/1247f
[vision_guard-1] [INFO] [1785156873.298421693] [vision_guard]: display /cam0/image_raw=24.5fps/1217f /cam1/image_raw=29.4fps/1238f /cam2/image_raw=27.7fps/1167f /cam3/image_raw=23.1fps/1160f /cam4/image_raw=29.3fps/1207f /cam5/image_raw=28.8fps/1258f
[vision_guard-1] [INFO] [1785156933.302448763] [vision_guard]: display /cam0/image_raw=28.1fps/1298f /cam1/image_raw=26.4fps/1222f /cam2/image_raw=25.3fps/1204f /cam3/image_raw=24.7fps/1212f /cam4/image_raw=27.3fps/1255f /cam5/image_raw=22.0fps/1236f
[vision_guard-1] [INFO] [1785156993.307707620] [vision_guard]: display /cam0/image_raw=26.5fps/1220f /cam1/image_raw=23.0fps/1171f /cam2/image_raw=23.8fps/1180f /cam3/image_raw=24.2fps/1192f /cam4/image_raw=21.5fps/1184f /cam5/image_raw=27.9fps/1194f
[vision_guard-1] [INFO] [1785157053.321311802] [vision_guard]: display /cam0/image_raw=25.9fps/1275f /cam1/image_raw=24.3fps/1183f /cam2/image_raw=26.6fps/1291f /cam3/image_raw=21.8fps/1206f /cam4/image_raw=25.0fps/1179f /cam5/image_raw=23.0fps/1218f
[vision_guard-1] [INFO] [1785157113.296825215] [vision_guard]: display /cam0/image_raw=24.2fps/1251f /cam1/image_raw=24.7fps/1177f /cam2/image_raw=24.9fps/1221f /cam3/image_raw=27.6fps/1259f /cam4/image_raw=23.4fps/1161f /cam5/image_raw=25.6fps/1221f
[vision_guard-1] [INFO] [1785157173.312021747] [vision_guard]: display /cam0/image_raw=26.8fps/1238f /cam1/image_raw=21.8fps/1160f /cam2/image_raw=19.8fps/1246f /cam3/image_raw=24.0fps/1269f /cam4/image_raw=22.4fps/1167f /cam5/image_raw=23.9fps/1217f
[vision_guard-1] [INFO] [1785157233.296609616] [vision_guard]: display /cam0/image_raw=26.7fps/1258f /cam1/image_raw=27.0fps/1201f /cam2/image_raw=28.6fps/1280f /cam3/image_raw=26.4fps/1303f /cam4/image_raw=22.8fps/1188f /cam5/image_raw=25.8fps/1227f
[vision_guard-1] [INFO] [1785157293.304217028] [vision_guard]: display /cam0/image_raw=25.0fps/1191f /cam1/image_raw=25.7fps/1219f /cam2/image_raw=19.9fps/1190f /cam3/image_raw=25.4fps/1263f /cam4/image_raw=23.4fps/1133f /cam5/image_raw=24.9fps/1184f
[vision_guard-1] [INFO] [1785157353.306865399] [vision_guard]: display /cam0/image_raw=21.8fps/1160f /cam1/image_raw=27.0fps/1196f /cam2/image_raw=24.6fps/1146f /cam3/image_raw=29.7fps/1287f /cam4/image_raw=21.9fps/1118f /cam5/image_raw=27.6fps/1216f
[vision_guard-1] [INFO] [1785157413.335656280] [vision_guard]: display /cam0/image_raw=22.2fps/1166f /cam1/image_raw=25.7fps/1223f /cam2/image_raw=24.7fps/1131f /cam3/image_raw=25.6fps/1239f /cam4/image_raw=22.2fps/1160f /cam5/image_raw=25.3fps/1169f
[vision_guard-1] [INFO] [1785157473.297125902] [vision_guard]: display /cam0/image_raw=24.0fps/1158f /cam1/image_raw=28.2fps/1259f /cam2/image_raw=24.2fps/1170f /cam3/image_raw=28.4fps/1272f /cam4/image_raw=24.1fps/1194f /cam5/image_raw=24.9fps/1165f
[vision_guard-1] [INFO] [1785157533.315773225] [vision_guard]: display /cam0/image_raw=16.5fps/1145f /cam1/image_raw=28.2fps/1239f /cam2/image_raw=24.2fps/1179f /cam3/image_raw=25.1fps/1254f /cam4/image_raw=24.4fps/1135f /cam5/image_raw=22.9fps/1137f
[vision_guard-1] [INFO] [1785157593.306792280] [vision_guard]: display /cam0/image_raw=24.1fps/1154f /cam1/image_raw=22.9fps/1236f /cam2/image_raw=22.5fps/1109f /cam3/image_raw=28.2fps/1194f /cam4/image_raw=25.3fps/1171f /cam5/image_raw=25.7fps/1130f
[vision_guard-1] [INFO] [1785157653.319317255] [vision_guard]: display /cam0/image_raw=24.7fps/1148f /cam1/image_raw=28.3fps/1241f /cam2/image_raw=23.7fps/1155f /cam3/image_raw=24.4fps/1192f /cam4/image_raw=24.2fps/1183f /cam5/image_raw=22.1fps/1106f
[vision_guard-1] [INFO] [1785157713.303326015] [vision_guard]: display /cam0/image_raw=25.2fps/1147f /cam1/image_raw=21.4fps/1231f /cam2/image_raw=27.8fps/1145f /cam3/image_raw=24.2fps/1173f /cam4/image_raw=27.0fps/1203f /cam5/image_raw=23.3fps/1122f
[vision_guard-1] [INFO] [1785157773.316347488] [vision_guard]: display /cam0/image_raw=23.2fps/1165f /cam1/image_raw=25.3fps/1247f /cam2/image_raw=26.0fps/1175f /cam3/image_raw=28.0fps/1167f /cam4/image_raw=19.1fps/1172f /cam5/image_raw=24.1fps/1186f
[vision_guard-1] [INFO] [1785157833.297214849] [vision_guard]: display /cam0/image_raw=29.8fps/1208f /cam1/image_raw=27.0fps/1304f /cam2/image_raw=28.4fps/1208f /cam3/image_raw=23.2fps/1243f /cam4/image_raw=26.8fps/1221f /cam5/image_raw=22.3fps/1244f
[vision_guard-1] [INFO] [1785157893.334810486] [vision_guard]: display /cam0/image_raw=19.0fps/1176f /cam1/image_raw=18.7fps/1202f /cam2/image_raw=16.9fps/1176f /cam3/image_raw=22.2fps/1152f /cam4/image_raw=20.8fps/1143f /cam5/image_raw=19.7fps/1179f
[vision_guard-1] [INFO] [1785157953.296779598] [vision_guard]: display /cam0/image_raw=27.8fps/1184f /cam1/image_raw=26.2fps/1231f /cam2/image_raw=29.4fps/1225f /cam3/image_raw=23.1fps/1171f /cam4/image_raw=24.8fps/1181f /cam5/image_raw=24.8fps/1136f
[vision_guard-1] [INFO] [1785158013.297920700] [vision_guard]: display /cam0/image_raw=22.7fps/1214f /cam1/image_raw=25.9fps/1205f /cam2/image_raw=24.3fps/1214f /cam3/image_raw=25.5fps/1181f /cam4/image_raw=25.7fps/1199f /cam5/image_raw=22.7fps/1165f
[vision_guard-1] [INFO] [1785158073.306876563] [vision_guard]: display /cam0/image_raw=24.3fps/1110f /cam1/image_raw=27.5fps/1148f /cam2/image_raw=21.9fps/1157f /cam3/image_raw=26.7fps/1103f /cam4/image_raw=25.8fps/1148f /cam5/image_raw=26.1fps/1104f
[vision_guard-1] [INFO] [1785158133.297612434] [vision_guard]: display /cam0/image_raw=16.9fps/954f /cam1/image_raw=19.5fps/976f /cam2/image_raw=23.5fps/964f /cam3/image_raw=17.4fps/955f /cam4/image_raw=15.7fps/991f /cam5/image_raw=14.1fps/932f
[vision_guard-1] [INFO] [1785158193.296448807] [vision_guard]: display /cam0/image_raw=22.7fps/908f /cam1/image_raw=22.9fps/917f /cam2/image_raw=24.6fps/937f /cam3/image_raw=21.2fps/909f /cam4/image_raw=26.0fps/967f /cam5/image_raw=25.0fps/920f
[vision_guard-1] [INFO] [1785158253.307418041] [vision_guard]: display /cam0/image_raw=25.7fps/1134f /cam1/image_raw=20.4fps/1119f /cam2/image_raw=26.7fps/1150f /cam3/image_raw=24.2fps/1081f /cam4/image_raw=20.6fps/1100f /cam5/image_raw=22.7fps/1101f
[vision_guard-1] [INFO] [1785158313.324366092] [vision_guard]: display /cam0/image_raw=22.7fps/1040f /cam1/image_raw=24.4fps/1084f /cam2/image_raw=24.0fps/1032f /cam3/image_raw=22.8fps/1071f /cam4/image_raw=22.5fps/1056f /cam5/image_raw=24.7fps/1089f
[vision_guard-1] [INFO] [1785158373.296093706] [vision_guard]: display /cam0/image_raw=23.8fps/1074f /cam1/image_raw=25.0fps/1096f /cam2/image_raw=24.6fps/1043f /cam3/image_raw=20.3fps/1066f /cam4/image_raw=26.2fps/1064f /cam5/image_raw=26.7fps/1069f
[vision_guard-1] [INFO] [1785158433.296334008] [vision_guard]: display /cam0/image_raw=23.3fps/1030f /cam1/image_raw=19.3fps/1052f /cam2/image_raw=20.3fps/1010f /cam3/image_raw=21.6fps/1055f /cam4/image_raw=18.1fps/1011f /cam5/image_raw=19.3fps/1101f
[vision_guard-1] [INFO] [1785158493.296031360] [vision_guard]: display /cam0/image_raw=26.5fps/1028f /cam1/image_raw=26.8fps/1085f /cam2/image_raw=27.4fps/1018f /cam3/image_raw=18.8fps/1022f /cam4/image_raw=24.5fps/1051f /cam5/image_raw=19.8fps/1075f
[vision_guard-1] [INFO] [1785158553.341355911] [vision_guard]: display /cam0/image_raw=23.4fps/1012f /cam1/image_raw=24.4fps/1101f /cam2/image_raw=23.8fps/981f /cam3/image_raw=24.2fps/1056f /cam4/image_raw=22.3fps/1023f /cam5/image_raw=26.8fps/1117f
[vision_guard-1] [INFO] [1785158613.296560779] [vision_guard]: display /cam0/image_raw=19.1fps/997f /cam1/image_raw=26.0fps/1094f /cam2/image_raw=20.5fps/989f /cam3/image_raw=23.5fps/1074f /cam4/image_raw=22.8fps/977f /cam5/image_raw=27.5fps/1040f
[vision_guard-1] [INFO] [1785158673.297891166] [vision_guard]: display /cam0/image_raw=22.8fps/1022f /cam1/image_raw=25.1fps/1088f /cam2/image_raw=21.7fps/991f /cam3/image_raw=18.6fps/1019f /cam4/image_raw=22.7fps/959f /cam5/image_raw=24.1fps/1016f
[vision_guard-1] [INFO] [1785158733.297035269] [vision_guard]: display /cam0/image_raw=21.9fps/986f /cam1/image_raw=27.5fps/1050f /cam2/image_raw=19.6fps/989f /cam3/image_raw=24.1fps/1011f /cam4/image_raw=23.9fps/965f /cam5/image_raw=26.2fps/965f
[vision_guard-1] [INFO] [1785158793.296465488] [vision_guard]: display /cam0/image_raw=27.7fps/1038f /cam1/image_raw=27.3fps/1161f /cam2/image_raw=21.3fps/1025f /cam3/image_raw=26.4fps/1104f /cam4/image_raw=23.5fps/1091f /cam5/image_raw=24.1fps/1045f
[vision_guard-1] [INFO] [1785158853.303708149] [vision_guard]: display /cam0/image_raw=25.4fps/1088f /cam1/image_raw=27.9fps/1163f /cam2/image_raw=22.3fps/1051f /cam3/image_raw=24.7fps/1055f /cam4/image_raw=26.6fps/1080f /cam5/image_raw=21.7fps/1100f
[vision_guard-1] [INFO] [1785158913.301819627] [vision_guard]: display /cam0/image_raw=23.7fps/1005f /cam1/image_raw=21.3fps/1140f /cam2/image_raw=22.3fps/1018f /cam3/image_raw=19.1fps/1056f /cam4/image_raw=25.7fps/1074f /cam5/image_raw=27.1fps/1028f
[vision_guard-1] [INFO] [1785158973.298005000] [vision_guard]: display /cam0/image_raw=28.0fps/1108f /cam1/image_raw=26.1fps/1104f /cam2/image_raw=26.8fps/1087f /cam3/image_raw=22.0fps/1045f /cam4/image_raw=22.0fps/1103f /cam5/image_raw=22.5fps/1047f
[vision_guard-1] [INFO] [1785159033.295962265] [vision_guard]: display /cam0/image_raw=23.0fps/1058f /cam1/image_raw=23.4fps/1051f /cam2/image_raw=25.3fps/1055f /cam3/image_raw=24.8fps/1040f /cam4/image_raw=22.1fps/1085f /cam5/image_raw=20.0fps/1050f
[vision_guard-1] [INFO] [1785159093.308048214] [vision_guard]: display /cam0/image_raw=18.1fps/1102f /cam1/image_raw=22.0fps/1103f /cam2/image_raw=20.8fps/1021f /cam3/image_raw=21.6fps/1033f /cam4/image_raw=21.0fps/1106f /cam5/image_raw=25.9fps/1069f
[vision_guard-1] [INFO] [1785159153.331375266] [vision_guard]: display /cam0/image_raw=22.3fps/1085f /cam1/image_raw=21.7fps/1043f /cam2/image_raw=22.7fps/1014f /cam3/image_raw=26.7fps/1016f /cam4/image_raw=20.5fps/1083f /cam5/image_raw=20.5fps/982f
[vision_guard-1] [INFO] [1785159213.304603407] [vision_guard]: display /cam0/image_raw=21.5fps/1002f /cam1/image_raw=20.1fps/989f /cam2/image_raw=22.2fps/991f /cam3/image_raw=22.6fps/999f /cam4/image_raw=21.2fps/1042f /cam5/image_raw=22.6fps/960f
[vision_guard-1] [INFO] [1785159273.349616013] [vision_guard]: display /cam0/image_raw=21.4fps/1046f /cam1/image_raw=25.8fps/1033f /cam2/image_raw=20.7fps/1036f /cam3/image_raw=21.8fps/1044f /cam4/image_raw=20.3fps/1128f /cam5/image_raw=25.6fps/996f
[vision_guard-1] [INFO] [1785159333.324566377] [vision_guard]: display /cam0/image_raw=26.4fps/1149f /cam1/image_raw=26.1fps/1147f /cam2/image_raw=23.7fps/1108f /cam3/image_raw=25.8fps/1120f /cam4/image_raw=24.6fps/1191f /cam5/image_raw=27.7fps/1130f
[vision_guard-1] [INFO] [1785159393.310360522] [vision_guard]: display /cam0/image_raw=20.9fps/1120f /cam1/image_raw=18.6fps/1009f /cam2/image_raw=21.8fps/1032f /cam3/image_raw=19.8fps/1045f /cam4/image_raw=20.4fps/1043f /cam5/image_raw=19.2fps/1048f
[vision_guard-1] [INFO] [1785159453.295765010] [vision_guard]: display /cam0/image_raw=25.1fps/1107f /cam1/image_raw=21.9fps/1111f /cam2/image_raw=26.2fps/1062f /cam3/image_raw=20.7fps/1101f /cam4/image_raw=21.0fps/1098f /cam5/image_raw=25.0fps/1104f
[vision_guard-1] [INFO] [1785159513.296195883] [vision_guard]: display /cam0/image_raw=22.1fps/1073f /cam1/image_raw=21.3fps/1105f /cam2/image_raw=23.9fps/1067f /cam3/image_raw=22.2fps/1097f /cam4/image_raw=20.1fps/1088f /cam5/image_raw=23.6fps/1121f
[vision_guard-1] [INFO] [1785159573.297596098] [vision_guard]: display /cam0/image_raw=23.4fps/1039f /cam1/image_raw=21.3fps/1115f /cam2/image_raw=25.2fps/1032f /cam3/image_raw=23.6fps/1108f /cam4/image_raw=27.2fps/1034f /cam5/image_raw=27.2fps/1126f
[vision_guard-1] [INFO] [1785159633.297136005] [vision_guard]: display /cam0/image_raw=23.2fps/1043f /cam1/image_raw=24.7fps/1137f /cam2/image_raw=18.4fps/1013f /cam3/image_raw=23.7fps/1078f /cam4/image_raw=21.9fps/1067f /cam5/image_raw=25.2fps/1176f
[vision_guard-1] [INFO] [1785159693.314844624] [vision_guard]: display /cam0/image_raw=24.2fps/1028f /cam1/image_raw=26.6fps/1137f /cam2/image_raw=21.8fps/1026f /cam3/image_raw=25.2fps/1080f /cam4/image_raw=23.7fps/966f /cam5/image_raw=28.7fps/1102f
[vision_guard-1] [INFO] [1785159753.311831521] [vision_guard]: display /cam0/image_raw=24.2fps/1076f /cam1/image_raw=26.0fps/1094f /cam2/image_raw=22.9fps/1019f /cam3/image_raw=23.1fps/1032f /cam4/image_raw=24.5fps/1004f /cam5/image_raw=25.1fps/1097f
[vision_guard-1] [INFO] [1785159813.305123112] [vision_guard]: display /cam0/image_raw=21.8fps/1008f /cam1/image_raw=26.4fps/1077f /cam2/image_raw=25.6fps/992f /cam3/image_raw=26.1fps/1045f /cam4/image_raw=21.0fps/973f /cam5/image_raw=22.0fps/1027f
[vision_guard-1] [INFO] [1785159873.357068151] [vision_guard]: display /cam0/image_raw=19.4fps/1076f /cam1/image_raw=22.3fps/1096f /cam2/image_raw=21.4fps/998f /cam3/image_raw=21.8fps/1073f /cam4/image_raw=18.3fps/1047f /cam5/image_raw=26.4fps/1058f
[vision_guard-1] [INFO] [1785159933.297817284] [vision_guard]: display /cam0/image_raw=23.5fps/1057f /cam1/image_raw=23.9fps/1120f /cam2/image_raw=23.8fps/1003f /cam3/image_raw=24.4fps/1066f /cam4/image_raw=25.0fps/1057f /cam5/image_raw=25.8fps/1078f
[vision_guard-1] [INFO] [1785159993.313908100] [vision_guard]: display /cam0/image_raw=23.3fps/1080f /cam1/image_raw=21.9fps/1064f /cam2/image_raw=24.0fps/1027f /cam3/image_raw=27.5fps/1060f /cam4/image_raw=24.6fps/1031f /cam5/image_raw=21.7fps/1019f
[vision_guard-1] [INFO] [1785160053.308427340] [vision_guard]: display /cam0/image_raw=21.2fps/1059f /cam1/image_raw=24.6fps/1012f /cam2/image_raw=22.9fps/1011f /cam3/image_raw=26.6fps/1002f /cam4/image_raw=22.3fps/1024f /cam5/image_raw=24.8fps/992f
[vision_guard-1] [INFO] [1785160113.307483535] [vision_guard]: display /cam0/image_raw=26.3fps/1109f /cam1/image_raw=24.0fps/1056f /cam2/image_raw=24.5fps/1041f /cam3/image_raw=20.4fps/1038f /cam4/image_raw=25.8fps/1115f /cam5/image_raw=18.2fps/1000f
[vision_guard-1] [INFO] [1785160173.341999359] [vision_guard]: display /cam0/image_raw=20.3fps/1128f /cam1/image_raw=22.2fps/1021f /cam2/image_raw=20.4fps/1051f /cam3/image_raw=17.2fps/1049f /cam4/image_raw=19.3fps/1089f /cam5/image_raw=20.3fps/997f
[vision_guard-1] [INFO] [1785160233.298188197] [vision_guard]: display /cam0/image_raw=25.8fps/1045f /cam1/image_raw=24.1fps/989f /cam2/image_raw=22.5fps/1038f /cam3/image_raw=25.1fps/995f /cam4/image_raw=27.6fps/1094f /cam5/image_raw=26.0fps/948f
[vision_guard-1] [INFO] [1785160293.320300584] [vision_guard]: display /cam0/image_raw=19.6fps/1087f /cam1/image_raw=18.7fps/1053f /cam2/image_raw=18.4fps/1032f /cam3/image_raw=17.5fps/996f /cam4/image_raw=21.5fps/1098f /cam5/image_raw=16.5fps/991f
[vision_guard-1] [INFO] [1785160353.299357731] [vision_guard]: display /cam0/image_raw=24.6fps/1062f /cam1/image_raw=19.0fps/1035f /cam2/image_raw=26.0fps/1023f /cam3/image_raw=21.9fps/1000f /cam4/image_raw=24.7fps/1090f /cam5/image_raw=25.8fps/1006f
[vision_guard-1] [INFO] [1785160413.315957212] [vision_guard]: display /cam0/image_raw=20.0fps/1084f /cam1/image_raw=21.3fps/1067f /cam2/image_raw=22.2fps/1106f /cam3/image_raw=19.2fps/1056f /cam4/image_raw=19.5fps/1147f /cam5/image_raw=21.2fps/1096f
[vision_guard-1] [INFO] [1785160473.299138416] [vision_guard]: display /cam0/image_raw=25.8fps/1131f /cam1/image_raw=21.9fps/1060f /cam2/image_raw=25.6fps/1059f /cam3/image_raw=23.1fps/1061f /cam4/image_raw=25.5fps/1105f /cam5/image_raw=29.4fps/1126f
[vision_guard-1] [INFO] [1785160533.314211177] [vision_guard]: display /cam0/image_raw=22.2fps/1010f /cam1/image_raw=22.4fps/1035f /cam2/image_raw=21.2fps/1020f /cam3/image_raw=20.9fps/1010f /cam4/image_raw=26.1fps/1073f /cam5/image_raw=26.7fps/1078f
[vision_guard-1] [INFO] [1785160593.309552785] [vision_guard]: display /cam0/image_raw=30.3fps/1091f /cam1/image_raw=28.3fps/1057f /cam2/image_raw=22.6fps/1039f /cam3/image_raw=22.4fps/1082f /cam4/image_raw=29.2fps/1119f /cam5/image_raw=23.7fps/1154f
[vision_guard-1] [INFO] [1785160653.314735017] [vision_guard]: display /cam0/image_raw=25.6fps/984f /cam1/image_raw=21.2fps/958f /cam2/image_raw=25.9fps/970f /cam3/image_raw=21.3fps/911f /cam4/image_raw=26.9fps/943f /cam5/image_raw=22.9fps/1016f
[vision_guard-1] [INFO] [1785160713.295577934] [vision_guard]: display /cam0/image_raw=18.3fps/1046f /cam1/image_raw=25.5fps/1104f /cam2/image_raw=20.5fps/1059f /cam3/image_raw=22.9fps/1081f /cam4/image_raw=21.0fps/1059f /cam5/image_raw=27.5fps/1184f
[vision_guard-1] [INFO] [1785160773.367142765] [vision_guard]: display /cam0/image_raw=21.8fps/1057f /cam1/image_raw=18.3fps/1062f /cam2/image_raw=22.8fps/1076f /cam3/image_raw=18.1fps/1071f /cam4/image_raw=16.4fps/1037f /cam5/image_raw=16.8fps/1112f
[vision_guard-1] [INFO] [1785160833.364587011] [vision_guard]: display /cam0/image_raw=20.1fps/1030f /cam1/image_raw=22.3fps/1014f /cam2/image_raw=16.6fps/993f /cam3/image_raw=20.2fps/966f /cam4/image_raw=18.4fps/954f /cam5/image_raw=19.0fps/998f
[vision_guard-1] [INFO] [1785160893.296127463] [vision_guard]: display /cam0/image_raw=21.6fps/1051f /cam1/image_raw=23.8fps/1055f /cam2/image_raw=24.3fps/1013f /cam3/image_raw=25.8fps/1107f /cam4/image_raw=24.1fps/1000f /cam5/image_raw=25.7fps/1119f
[vision_guard-1] [INFO] [1785160953.325409222] [vision_guard]: display /cam0/image_raw=23.8fps/992f /cam1/image_raw=22.1fps/980f /cam2/image_raw=22.4fps/966f /cam3/image_raw=21.0fps/991f /cam4/image_raw=23.6fps/909f /cam5/image_raw=23.9fps/1027f
[vision_guard-1] [INFO] [1785161013.298464291] [vision_guard]: display /cam0/image_raw=24.6fps/965f /cam1/image_raw=25.1fps/908f /cam2/image_raw=27.5fps/898f /cam3/image_raw=26.4fps/916f /cam4/image_raw=22.6fps/903f /cam5/image_raw=23.5fps/905f
[vision_guard-1] [INFO] [1785161073.296550451] [vision_guard]: display /cam0/image_raw=27.4fps/1074f /cam1/image_raw=20.1fps/1000f /cam2/image_raw=21.9fps/1024f /cam3/image_raw=27.7fps/1121f /cam4/image_raw=21.3fps/1090f /cam5/image_raw=23.5fps/1051f
[vision_guard-1] [INFO] [1785161133.378454144] [vision_guard]: display /cam0/image_raw=20.4fps/1047f /cam1/image_raw=18.4fps/1007f /cam2/image_raw=17.4fps/994f /cam3/image_raw=15.7fps/1041f /cam4/image_raw=18.5fps/1038f /cam5/image_raw=17.4fps/972f
[vision_guard-1] [INFO] [1785161193.354277731] [vision_guard]: display /cam0/image_raw=20.9fps/1072f /cam1/image_raw=20.1fps/1014f /cam2/image_raw=17.7fps/979f /cam3/image_raw=20.4fps/1019f /cam4/image_raw=20.6fps/1041f /cam5/image_raw=21.3fps/983f
[vision_guard-1] [INFO] [1785161253.320576773] [vision_guard]: display /cam0/image_raw=19.9fps/1106f /cam1/image_raw=24.8fps/1019f /cam2/image_raw=21.8fps/1031f /cam3/image_raw=23.2fps/1048f /cam4/image_raw=24.9fps/1123f /cam5/image_raw=24.6fps/942f
[vision_guard-1] [INFO] [1785161313.306677634] [vision_guard]: display /cam0/image_raw=25.4fps/1074f /cam1/image_raw=24.1fps/992f /cam2/image_raw=22.9fps/1007f /cam3/image_raw=25.4fps/1122f /cam4/image_raw=28.7fps/1188f /cam5/image_raw=22.9fps/992f
[vision_guard-1] [INFO] [1785161373.300130604] [vision_guard]: display /cam0/image_raw=21.5fps/1057f /cam1/image_raw=20.6fps/991f /cam2/image_raw=23.0fps/991f /cam3/image_raw=24.1fps/1006f /cam4/image_raw=23.9fps/1097f /cam5/image_raw=23.3fps/991f
[vision_guard-1] [INFO] [1785161433.326668793] [vision_guard]: display /cam0/image_raw=20.9fps/1073f /cam1/image_raw=23.1fps/1032f /cam2/image_raw=18.4fps/1015f /cam3/image_raw=17.2fps/1019f /cam4/image_raw=17.3fps/1094f /cam5/image_raw=19.1fps/1033f
[vision_guard-1] [INFO] [1785161493.337361255] [vision_guard]: display /cam0/image_raw=24.2fps/987f /cam1/image_raw=25.6fps/987f /cam2/image_raw=20.6fps/956f /cam3/image_raw=18.6fps/951f /cam4/image_raw=18.8fps/1018f /cam5/image_raw=17.2fps/976f
[vision_guard-1] [INFO] [1785161553.295693617] [vision_guard]: display /cam0/image_raw=22.7fps/963f /cam1/image_raw=25.1fps/903f /cam2/image_raw=21.1fps/927f /cam3/image_raw=24.1fps/911f /cam4/image_raw=25.9fps/959f /cam5/image_raw=23.6fps/905f
[vision_guard-1] [INFO] [1785161613.296326222] [vision_guard]: display /cam0/image_raw=23.7fps/1038f /cam1/image_raw=24.0fps/1053f /cam2/image_raw=20.9fps/1077f /cam3/image_raw=24.2fps/1103f /cam4/image_raw=29.3fps/1120f /cam5/image_raw=21.2fps/1106f
[vision_guard-1] [INFO] [1785161673.300391747] [vision_guard]: display /cam0/image_raw=20.1fps/1078f /cam1/image_raw=23.1fps/1051f /cam2/image_raw=28.5fps/1080f /cam3/image_raw=20.4fps/1089f /cam4/image_raw=26.8fps/1136f /cam5/image_raw=25.1fps/1186f
[vision_guard-1] [INFO] [1785161733.302981375] [vision_guard]: display /cam0/image_raw=22.1fps/1074f /cam1/image_raw=22.9fps/1055f /cam2/image_raw=26.9fps/1108f /cam3/image_raw=27.6fps/1145f /cam4/image_raw=27.0fps/1087f /cam5/image_raw=26.3fps/1143f
[vision_guard-1] [INFO] [1785161793.296468829] [vision_guard]: display /cam0/image_raw=23.1fps/1061f /cam1/image_raw=25.2fps/1071f /cam2/image_raw=18.5fps/1108f /cam3/image_raw=22.4fps/1149f /cam4/image_raw=25.2fps/1096f /cam5/image_raw=26.3fps/1191f
[vision_guard-1] [INFO] [1785161853.305732251] [vision_guard]: display /cam0/image_raw=23.3fps/978f /cam1/image_raw=27.7fps/911f /cam2/image_raw=16.7fps/1003f /cam3/image_raw=22.8fps/1032f /cam4/image_raw=16.1fps/906f /cam5/image_raw=21.1fps/1074f
[vision_guard-1] [INFO] [1785161913.341926084] [vision_guard]: display /cam0/image_raw=20.9fps/1003f /cam1/image_raw=23.8fps/985f /cam2/image_raw=26.5fps/985f /cam3/image_raw=15.6fps/1033f /cam4/image_raw=21.1fps/967f /cam5/image_raw=23.3fps/1067f
[vision_guard-1] [INFO] [1785161973.324324525] [vision_guard]: display /cam0/image_raw=20.4fps/1069f /cam1/image_raw=25.0fps/1024f /cam2/image_raw=25.7fps/1113f /cam3/image_raw=26.8fps/1134f /cam4/image_raw=23.8fps/1030f /cam5/image_raw=22.3fps/1215f
[vision_guard-1] [INFO] [1785162033.298374482] [vision_guard]: display /cam0/image_raw=21.3fps/999f /cam1/image_raw=21.1fps/1004f /cam2/image_raw=18.3fps/1098f /cam3/image_raw=19.0fps/1175f /cam4/image_raw=21.2fps/1065f /cam5/image_raw=20.4fps/1087f
[vision_guard-1] [INFO] [1785162093.318381838] [vision_guard]: display /cam0/image_raw=24.8fps/1063f /cam1/image_raw=24.6fps/1035f /cam2/image_raw=21.5fps/1072f /cam3/image_raw=23.3fps/1123f /cam4/image_raw=20.0fps/1057f /cam5/image_raw=24.6fps/1127f
[vision_guard-1] [INFO] [1785162153.303046871] [vision_guard]: display /cam0/image_raw=23.8fps/1056f /cam1/image_raw=21.3fps/1052f /cam2/image_raw=21.4fps/1098f /cam3/image_raw=20.8fps/1039f /cam4/image_raw=22.6fps/1024f /cam5/image_raw=19.3fps/1026f
[vision_guard-1] [INFO] [1785162213.300909435] [vision_guard]: display /cam0/image_raw=19.3fps/1070f /cam1/image_raw=21.4fps/1079f /cam2/image_raw=22.4fps/1061f /cam3/image_raw=21.0fps/1082f /cam4/image_raw=24.3fps/1110f /cam5/image_raw=21.4fps/1062f
[vision_guard-1] [INFO] [1785162273.336182182] [vision_guard]: display /cam0/image_raw=24.2fps/1065f /cam1/image_raw=23.8fps/1039f /cam2/image_raw=24.4fps/1041f /cam3/image_raw=24.7fps/1049f /cam4/image_raw=24.8fps/1068f /cam5/image_raw=24.0fps/1002f
[vision_guard-1] [INFO] [1785162333.315799736] [vision_guard]: display /cam0/image_raw=25.9fps/1071f /cam1/image_raw=18.9fps/1070f /cam2/image_raw=25.1fps/1104f /cam3/image_raw=25.8fps/1093f /cam4/image_raw=29.4fps/1183f /cam5/image_raw=23.5fps/1094f
[vision_guard-1] [INFO] [1785162393.319286161] [vision_guard]: display /cam0/image_raw=19.5fps/1113f /cam1/image_raw=19.2fps/1099f /cam2/image_raw=21.6fps/1059f /cam3/image_raw=25.6fps/1120f /cam4/image_raw=27.3fps/1193f /cam5/image_raw=22.1fps/1064f
[vision_guard-1] [INFO] [1785162453.308429173] [vision_guard]: display /cam0/image_raw=24.2fps/1132f /cam1/image_raw=27.9fps/1107f /cam2/image_raw=24.6fps/1082f /cam3/image_raw=23.4fps/1046f /cam4/image_raw=22.4fps/1177f /cam5/image_raw=22.3fps/1044f
[vision_guard-1] [INFO] [1785162513.300038099] [vision_guard]: display /cam0/image_raw=26.8fps/1174f /cam1/image_raw=28.0fps/1146f /cam2/image_raw=28.9fps/1123f /cam3/image_raw=26.8fps/1111f /cam4/image_raw=27.5fps/1245f /cam5/image_raw=27.4fps/1099f
[vision_guard-1] [INFO] [1785162573.299171259] [vision_guard]: display /cam0/image_raw=26.5fps/1175f /cam1/image_raw=26.8fps/1152f /cam2/image_raw=23.7fps/1102f /cam3/image_raw=24.0fps/1090f /cam4/image_raw=25.1fps/1243f /cam5/image_raw=25.5fps/1127f
[vision_guard-1] [INFO] [1785162633.314733599] [vision_guard]: display /cam0/image_raw=25.4fps/1226f /cam1/image_raw=23.7fps/1167f /cam2/image_raw=25.1fps/1193f /cam3/image_raw=27.5fps/1175f /cam4/image_raw=28.6fps/1230f /cam5/image_raw=25.4fps/1248f
[vision_guard-1] [INFO] [1785162693.315478285] [vision_guard]: display /cam0/image_raw=26.4fps/1239f /cam1/image_raw=27.3fps/1225f /cam2/image_raw=26.4fps/1222f /cam3/image_raw=27.8fps/1229f /cam4/image_raw=23.1fps/1281f /cam5/image_raw=23.5fps/1300f
[vision_guard-1] [INFO] [1785162753.312947719] [vision_guard]: display /cam0/image_raw=28.3fps/1324f /cam1/image_raw=28.7fps/1257f /cam2/image_raw=27.3fps/1227f /cam3/image_raw=26.3fps/1181f /cam4/image_raw=28.1fps/1322f /cam5/image_raw=27.6fps/1404f
[vision_guard-1] [INFO] [1785162813.299427773] [vision_guard]: display /cam0/image_raw=28.8fps/1357f /cam1/image_raw=27.9fps/1178f /cam2/image_raw=27.4fps/1226f /cam3/image_raw=25.5fps/1217f /cam4/image_raw=29.3fps/1214f /cam5/image_raw=28.5fps/1346f
[vision_guard-1] [INFO] [1785162873.296622978] [vision_guard]: display /cam0/image_raw=24.8fps/1282f /cam1/image_raw=25.3fps/1259f /cam2/image_raw=30.3fps/1229f /cam3/image_raw=27.7fps/1219f /cam4/image_raw=25.6fps/1221f /cam5/image_raw=28.3fps/1381f
[vision_guard-1] [INFO] [1785162933.312340229] [vision_guard]: display /cam0/image_raw=26.3fps/1265f /cam1/image_raw=24.7fps/1182f /cam2/image_raw=26.2fps/1252f /cam3/image_raw=23.8fps/1254f /cam4/image_raw=26.5fps/1161f /cam5/image_raw=28.6fps/1378f
[vision_guard-1] [INFO] [1785162993.298565675] [vision_guard]: display /cam0/image_raw=20.3fps/1277f /cam1/image_raw=22.7fps/1218f /cam2/image_raw=23.1fps/1288f /cam3/image_raw=20.0fps/1249f /cam4/image_raw=22.0fps/1237f /cam5/image_raw=21.7fps/1339f
[vision_guard-1] [INFO] [1785163053.315617550] [vision_guard]: display /cam0/image_raw=25.1fps/1249f /cam1/image_raw=27.4fps/1193f /cam2/image_raw=25.3fps/1278f /cam3/image_raw=26.8fps/1276f /cam4/image_raw=22.9fps/1202f /cam5/image_raw=27.5fps/1308f
[vision_guard-1] [INFO] [1785163113.301319357] [vision_guard]: display /cam0/image_raw=24.3fps/1311f /cam1/image_raw=21.1fps/1255f /cam2/image_raw=26.8fps/1320f /cam3/image_raw=26.2fps/1294f /cam4/image_raw=26.0fps/1254f /cam5/image_raw=24.1fps/1346f
[vision_guard-1] [INFO] [1785163173.304777855] [vision_guard]: display /cam0/image_raw=27.7fps/1327f /cam1/image_raw=26.5fps/1273f /cam2/image_raw=25.6fps/1284f /cam3/image_raw=26.8fps/1284f /cam4/image_raw=26.1fps/1231f /cam5/image_raw=23.4fps/1318f
[vision_guard-1] [INFO] [1785163233.295686457] [vision_guard]: display /cam0/image_raw=28.9fps/1506f /cam1/image_raw=27.6fps/1434f /cam2/image_raw=25.9fps/1039f /cam3/image_raw=24.5fps/1122f /cam4/image_raw=26.3fps/1119f /cam5/image_raw=28.4fps/1380f
[vision_guard-1] [INFO] [1785163293.301959781] [vision_guard]: display /cam0/image_raw=26.5fps/1357f /cam1/image_raw=28.1fps/1268f /cam2/image_raw=30.1fps/1328f /cam3/image_raw=29.4fps/1368f /cam4/image_raw=28.5fps/1401f /cam5/image_raw=28.8fps/1354f
[vision_guard-1] [INFO] [1785163353.313889587] [vision_guard]: display /cam0/image_raw=28.8fps/1321f /cam1/image_raw=24.4fps/1374f /cam2/image_raw=25.9fps/1313f /cam3/image_raw=27.7fps/1312f /cam4/image_raw=26.4fps/1384f /cam5/image_raw=29.2fps/1371f
[vision_guard-1] [INFO] [1785163413.302513505] [vision_guard]: display /cam0/image_raw=26.2fps/1447f /cam1/image_raw=27.9fps/1384f /cam2/image_raw=26.6fps/1286f /cam3/image_raw=23.5fps/1323f /cam4/image_raw=27.2fps/1428f /cam5/image_raw=28.3fps/1419f
[vision_guard-1] [INFO] [1785163473.305978069] [vision_guard]: display /cam0/image_raw=28.4fps/1462f /cam1/image_raw=26.1fps/1352f /cam2/image_raw=27.8fps/1287f /cam3/image_raw=28.1fps/1317f /cam4/image_raw=29.3fps/1477f /cam5/image_raw=27.0fps/1365f
[vision_guard-1] [INFO] [1785163533.295602460] [vision_guard]: display /cam0/image_raw=27.8fps/1419f /cam1/image_raw=28.0fps/1310f /cam2/image_raw=26.1fps/1312f /cam3/image_raw=27.5fps/1391f /cam4/image_raw=28.4fps/1450f /cam5/image_raw=27.1fps/1291f
[vision_guard-1] [INFO] [1785163593.309817819] [vision_guard]: display /cam0/image_raw=25.1fps/1449f /cam1/image_raw=26.1fps/1390f /cam2/image_raw=26.9fps/1463f /cam3/image_raw=24.7fps/1439f /cam4/image_raw=28.8fps/1434f /cam5/image_raw=27.2fps/1365f
[vision_guard-1] [INFO] [1785163653.308544292] [vision_guard]: display /cam0/image_raw=25.5fps/1522f /cam1/image_raw=28.1fps/1477f /cam2/image_raw=25.1fps/1371f /cam3/image_raw=27.9fps/1321f /cam4/image_raw=28.1fps/1408f /cam5/image_raw=25.5fps/1238f
[vision_guard-1] [INFO] [1785163713.308040697] [vision_guard]: display /cam0/image_raw=26.9fps/1484f /cam1/image_raw=28.4fps/1440f /cam2/image_raw=25.1fps/1382f /cam3/image_raw=26.6fps/1411f /cam4/image_raw=26.1fps/1337f /cam5/image_raw=26.4fps/1373f
[vision_guard-1] [INFO] [1785163773.319039441] [vision_guard]: display /cam0/image_raw=26.7fps/1303f /cam1/image_raw=28.5fps/1219f /cam2/image_raw=27.2fps/1322f /cam3/image_raw=26.4fps/1232f /cam4/image_raw=30.1fps/1238f /cam5/image_raw=27.1fps/1319f
[vision_guard-1] [INFO] [1785163833.300141144] [vision_guard]: display /cam0/image_raw=28.4fps/1358f /cam1/image_raw=27.3fps/1227f /cam2/image_raw=29.2fps/1293f /cam3/image_raw=25.6fps/1256f /cam4/image_raw=26.0fps/1226f /cam5/image_raw=28.0fps/1420f
[vision_guard-1] [INFO] [1785163893.307124117] [vision_guard]: display /cam0/image_raw=26.3fps/1385f /cam1/image_raw=27.3fps/1233f /cam2/image_raw=26.2fps/1354f /cam3/image_raw=24.4fps/1274f /cam4/image_raw=22.1fps/1287f /cam5/image_raw=24.2fps/1382f
[vision_guard-1] [INFO] [1785163953.301158603] [vision_guard]: display /cam0/image_raw=25.6fps/1297f /cam1/image_raw=25.7fps/1179f /cam2/image_raw=24.1fps/1295f /cam3/image_raw=25.9fps/1252f /cam4/image_raw=24.1fps/1266f /cam5/image_raw=26.4fps/1339f
[vision_guard-1] [INFO] [1785164013.300575696] [vision_guard]: display /cam0/image_raw=29.3fps/1281f /cam1/image_raw=26.9fps/1175f /cam2/image_raw=27.6fps/1341f /cam3/image_raw=26.2fps/1213f /cam4/image_raw=27.0fps/1209f /cam5/image_raw=28.6fps/1302f
[vision_guard-1] [INFO] [1785164073.296311242] [vision_guard]: display /cam0/image_raw=27.4fps/1269f /cam1/image_raw=24.6fps/1180f /cam2/image_raw=28.5fps/1333f /cam3/image_raw=26.3fps/1236f /cam4/image_raw=27.4fps/1243f /cam5/image_raw=26.6fps/1294f
[vision_guard-1] [INFO] [1785164133.295787857] [vision_guard]: display /cam0/image_raw=26.3fps/1228f /cam1/image_raw=20.9fps/1201f /cam2/image_raw=24.1fps/1301f /cam3/image_raw=28.8fps/1275f /cam4/image_raw=22.3fps/1144f /cam5/image_raw=27.4fps/1218f
[vision_guard-1] [INFO] [1785164193.313739680] [vision_guard]: display /cam0/image_raw=26.5fps/1270f /cam1/image_raw=26.7fps/1290f /cam2/image_raw=26.5fps/1313f /cam3/image_raw=25.3fps/1267f /cam4/image_raw=23.7fps/1186f /cam5/image_raw=21.4fps/1207f
[vision_guard-1] [INFO] [1785164253.312822783] [vision_guard]: display /cam0/image_raw=26.4fps/1325f /cam1/image_raw=22.0fps/1257f /cam2/image_raw=25.4fps/1281f /cam3/image_raw=27.6fps/1225f /cam4/image_raw=26.6fps/1196f /cam5/image_raw=22.3fps/1270f
[vision_guard-1] [INFO] [1785164313.305962434] [vision_guard]: display /cam0/image_raw=23.6fps/1330f /cam1/image_raw=27.9fps/1248f /cam2/image_raw=26.0fps/1320f /cam3/image_raw=27.5fps/1236f /cam4/image_raw=27.2fps/1139f /cam5/image_raw=26.7fps/1321f
[vision_guard-1] [INFO] [1785164373.297835861] [vision_guard]: display /cam0/image_raw=29.3fps/1338f /cam1/image_raw=25.5fps/1234f /cam2/image_raw=25.8fps/1324f /cam3/image_raw=27.5fps/1245f /cam4/image_raw=26.6fps/1196f /cam5/image_raw=26.9fps/1293f
[vision_guard-1] [INFO] [1785164433.296309571] [vision_guard]: display /cam0/image_raw=28.1fps/1369f /cam1/image_raw=26.5fps/1279f /cam2/image_raw=22.3fps/1340f /cam3/image_raw=25.7fps/1262f /cam4/image_raw=26.6fps/1283f /cam5/image_raw=25.3fps/1307f
[vision_guard-1] [INFO] [1785164493.296063297] [vision_guard]: display /cam0/image_raw=23.7fps/1291f /cam1/image_raw=23.7fps/1250f /cam2/image_raw=28.7fps/1270f /cam3/image_raw=25.7fps/1255f /cam4/image_raw=28.1fps/1315f /cam5/image_raw=23.3fps/1284f
[vision_guard-1] [INFO] [1785164553.309597942] [vision_guard]: display /cam0/image_raw=26.3fps/1278f /cam1/image_raw=26.9fps/1320f /cam2/image_raw=30.1fps/1327f /cam3/image_raw=25.9fps/1281f /cam4/image_raw=28.8fps/1350f /cam5/image_raw=29.9fps/1282f
[vision_guard-1] [INFO] [1785164613.314901614] [vision_guard]: display /cam0/image_raw=28.5fps/1272f /cam1/image_raw=30.0fps/1307f /cam2/image_raw=25.9fps/1256f /cam3/image_raw=26.7fps/1228f /cam4/image_raw=26.6fps/1257f /cam5/image_raw=21.4fps/1277f
[vision_guard-1] [INFO] [1785164673.303281130] [vision_guard]: display /cam0/image_raw=26.7fps/1232f /cam1/image_raw=26.9fps/1277f /cam2/image_raw=25.1fps/1239f /cam3/image_raw=22.4fps/1254f /cam4/image_raw=25.6fps/1234f /cam5/image_raw=23.1fps/1208f
[vision_guard-1] [INFO] [1785164733.298805672] [vision_guard]: display /cam0/image_raw=24.7fps/1294f /cam1/image_raw=26.9fps/1343f /cam2/image_raw=28.3fps/1302f /cam3/image_raw=25.3fps/1251f /cam4/image_raw=28.8fps/1195f /cam5/image_raw=22.8fps/1227f
[vision_guard-1] [INFO] [1785164793.298996751] [vision_guard]: display /cam0/image_raw=28.4fps/1280f /cam1/image_raw=29.1fps/1316f /cam2/image_raw=26.1fps/1321f /cam3/image_raw=28.6fps/1234f /cam4/image_raw=26.5fps/1274f /cam5/image_raw=28.1fps/1262f
[vision_guard-1] [INFO] [1785164853.308250251] [vision_guard]: display /cam0/image_raw=28.9fps/1383f /cam1/image_raw=27.1fps/1272f /cam2/image_raw=27.9fps/1340f /cam3/image_raw=26.7fps/1232f /cam4/image_raw=28.9fps/1249f /cam5/image_raw=26.0fps/1255f
[vision_guard-1] [INFO] [1785164913.304837666] [vision_guard]: display /cam0/image_raw=25.7fps/1358f /cam1/image_raw=25.2fps/1257f /cam2/image_raw=27.1fps/1284f /cam3/image_raw=25.9fps/1249f /cam4/image_raw=25.7fps/1287f /cam5/image_raw=29.3fps/1288f
[vision_guard-1] [INFO] [1785164973.313320869] [vision_guard]: display /cam0/image_raw=27.4fps/1347f /cam1/image_raw=26.8fps/1203f /cam2/image_raw=25.7fps/1227f /cam3/image_raw=24.6fps/1155f /cam4/image_raw=25.5fps/1219f /cam5/image_raw=25.4fps/1250f
[vision_guard-1] [INFO] [1785165033.317508431] [vision_guard]: display /cam0/image_raw=28.8fps/1315f /cam1/image_raw=24.1fps/1225f /cam2/image_raw=26.6fps/1249f /cam3/image_raw=23.7fps/1196f /cam4/image_raw=24.6fps/1257f /cam5/image_raw=24.5fps/1275f
[vision_guard-1] [INFO] [1785165093.312501452] [vision_guard]: display /cam0/image_raw=28.7fps/1296f /cam1/image_raw=27.7fps/1306f /cam2/image_raw=26.0fps/1236f /cam3/image_raw=25.3fps/1186f /cam4/image_raw=24.7fps/1221f /cam5/image_raw=25.2fps/1248f
[vision_guard-1] [INFO] [1785165153.307295052] [vision_guard]: display /cam0/image_raw=25.5fps/1238f /cam1/image_raw=28.4fps/1340f /cam2/image_raw=26.7fps/1190f /cam3/image_raw=22.6fps/1204f /cam4/image_raw=20.4fps/1219f /cam5/image_raw=26.3fps/1228f
[vision_guard-1] [INFO] [1785165213.311898327] [vision_guard]: display /cam0/image_raw=24.0fps/1212f /cam1/image_raw=29.4fps/1338f /cam2/image_raw=30.2fps/1235f /cam3/image_raw=28.8fps/1272f /cam4/image_raw=25.5fps/1277f /cam5/image_raw=27.5fps/1278f
[vision_guard-1] [INFO] [1785165273.314960114] [vision_guard]: display /cam0/image_raw=26.5fps/1245f /cam1/image_raw=24.8fps/1293f /cam2/image_raw=27.4fps/1214f /cam3/image_raw=24.8fps/1259f /cam4/image_raw=27.2fps/1304f /cam5/image_raw=25.5fps/1340f
[vision_guard-1] [INFO] [1785165333.307095318] [vision_guard]: display /cam0/image_raw=27.2fps/1269f /cam1/image_raw=28.6fps/1274f /cam2/image_raw=21.7fps/1316f /cam3/image_raw=24.8fps/1236f /cam4/image_raw=26.6fps/1258f /cam5/image_raw=25.9fps/1304f
[vision_guard-1] [INFO] [1785165393.317876973] [vision_guard]: display /cam0/image_raw=24.7fps/1307f /cam1/image_raw=27.0fps/1242f /cam2/image_raw=29.4fps/1339f /cam3/image_raw=24.5fps/1259f /cam4/image_raw=27.6fps/1166f /cam5/image_raw=25.7fps/1307f
[vision_guard-1] [INFO] [1785165453.321509351] [vision_guard]: display /cam0/image_raw=30.2fps/1435f /cam1/image_raw=28.9fps/1373f /cam2/image_raw=25.7fps/1459f /cam3/image_raw=23.9fps/1331f /cam4/image_raw=26.2fps/1336f /cam5/image_raw=28.9fps/1402f
[vision_guard-1] [INFO] [1785165513.314376389] [vision_guard]: display /cam0/image_raw=29.7fps/1489f /cam1/image_raw=27.6fps/1442f /cam2/image_raw=29.0fps/1455f /cam3/image_raw=26.6fps/1350f /cam4/image_raw=28.9fps/1380f /cam5/image_raw=29.3fps/1429f
[vision_guard-1] [INFO] [1785165573.306244248] [vision_guard]: display /cam0/image_raw=29.6fps/1490f /cam1/image_raw=28.4fps/1489f /cam2/image_raw=26.3fps/1395f /cam3/image_raw=29.3fps/1347f /cam4/image_raw=24.6fps/1401f /cam5/image_raw=29.3fps/1436f
[vision_guard-1] [INFO] [1785165633.315021905] [vision_guard]: display /cam0/image_raw=25.2fps/1425f /cam1/image_raw=29.2fps/1473f /cam2/image_raw=27.3fps/1365f /cam3/image_raw=26.8fps/1389f /cam4/image_raw=29.6fps/1379f /cam5/image_raw=25.8fps/1404f
[vision_guard-1] [INFO] [1785165693.315201237] [vision_guard]: display /cam0/image_raw=28.8fps/1426f /cam1/image_raw=26.5fps/1454f /cam2/image_raw=29.9fps/1345f /cam3/image_raw=29.3fps/1380f /cam4/image_raw=25.6fps/1418f /cam5/image_raw=30.8fps/1462f
[vision_guard-1] [INFO] [1785165753.325003546] [vision_guard]: display /cam0/image_raw=27.3fps/1412f /cam1/image_raw=28.0fps/1395f /cam2/image_raw=28.6fps/1375f /cam3/image_raw=28.1fps/1407f /cam4/image_raw=27.6fps/1432f /cam5/image_raw=26.3fps/1462f
[vision_guard-1] [INFO] [1785165813.311053209] [vision_guard]: display /cam0/image_raw=28.6fps/1385f /cam1/image_raw=28.1fps/1441f /cam2/image_raw=28.5fps/1396f /cam3/image_raw=28.5fps/1458f /cam4/image_raw=28.6fps/1429f /cam5/image_raw=29.5fps/1461f
[vision_guard-1] [INFO] [1785165873.311070730] [vision_guard]: display /cam0/image_raw=28.3fps/1390f /cam1/image_raw=29.0fps/1433f /cam2/image_raw=29.5fps/1402f /cam3/image_raw=25.6fps/1387f /cam4/image_raw=28.5fps/1447f /cam5/image_raw=25.4fps/1424f
[vision_guard-1] [INFO] [1785165933.315495508] [vision_guard]: display /cam0/image_raw=28.7fps/1417f /cam1/image_raw=28.0fps/1451f /cam2/image_raw=29.5fps/1452f /cam3/image_raw=27.1fps/1377f /cam4/image_raw=25.5fps/1443f /cam5/image_raw=28.9fps/1352f
[vision_guard-1] [INFO] [1785165993.320309805] [vision_guard]: display /cam0/image_raw=30.4fps/1433f /cam1/image_raw=29.3fps/1443f /cam2/image_raw=27.0fps/1433f /cam3/image_raw=24.7fps/1308f /cam4/image_raw=30.4fps/1443f /cam5/image_raw=25.4fps/1438f
[vision_guard-1] [INFO] [1785166053.313190228] [vision_guard]: display /cam0/image_raw=25.7fps/1412f /cam1/image_raw=29.3fps/1446f /cam2/image_raw=29.3fps/1477f /cam3/image_raw=28.4fps/1360f /cam4/image_raw=28.6fps/1420f /cam5/image_raw=26.8fps/1387f
[vision_guard-1] [INFO] [1785166113.297358299] [vision_guard]: display /cam0/image_raw=28.6fps/1437f /cam1/image_raw=28.0fps/1481f /cam2/image_raw=28.8fps/1460f /cam3/image_raw=28.1fps/1335f /cam4/image_raw=27.7fps/1363f /cam5/image_raw=25.3fps/1370f
[vision_guard-1] [INFO] [1785166173.295563216] [vision_guard]: display /cam0/image_raw=28.6fps/1531f /cam1/image_raw=25.6fps/1481f /cam2/image_raw=26.9fps/1401f /cam3/image_raw=28.6fps/1358f /cam4/image_raw=27.3fps/1351f /cam5/image_raw=28.1fps/1410f
[vision_guard-1] [INFO] [1785166233.304764881] [vision_guard]: display /cam0/image_raw=27.8fps/1447f /cam1/image_raw=24.2fps/1463f /cam2/image_raw=28.0fps/1377f /cam3/image_raw=27.5fps/1339f /cam4/image_raw=27.2fps/1400f /cam5/image_raw=27.7fps/1413f
[vision_guard-1] [INFO] [1785166293.301547368] [vision_guard]: display /cam0/image_raw=27.2fps/1328f /cam1/image_raw=25.9fps/1336f /cam2/image_raw=28.6fps/1394f /cam3/image_raw=28.9fps/1470f /cam4/image_raw=28.2fps/1300f /cam5/image_raw=27.2fps/1349f
[vision_guard-1] [INFO] [1785166353.302460421] [vision_guard]: display /cam0/image_raw=27.9fps/1365f /cam1/image_raw=28.2fps/1417f /cam2/image_raw=29.8fps/1413f /cam3/image_raw=25.7fps/1449f /cam4/image_raw=25.2fps/1439f /cam5/image_raw=28.3fps/1485f
[vision_guard-1] [INFO] [1785166413.302075995] [vision_guard]: display /cam0/image_raw=28.6fps/1337f /cam1/image_raw=25.8fps/1440f /cam2/image_raw=26.2fps/1446f /cam3/image_raw=28.4fps/1484f /cam4/image_raw=28.4fps/1422f /cam5/image_raw=28.3fps/1527f
[vision_guard-1] [INFO] [1785166473.295631135] [vision_guard]: display /cam0/image_raw=28.9fps/1378f /cam1/image_raw=28.4fps/1420f /cam2/image_raw=27.5fps/1404f /cam3/image_raw=28.4fps/1507f /cam4/image_raw=26.8fps/1428f /cam5/image_raw=27.0fps/1449f
[vision_guard-1] [INFO] [1785166533.306566789] [vision_guard]: display /cam0/image_raw=27.6fps/1436f /cam1/image_raw=30.6fps/1519f /cam2/image_raw=29.3fps/1438f /cam3/image_raw=28.5fps/1450f /cam4/image_raw=26.0fps/1380f /cam5/image_raw=27.0fps/1446f
[vision_guard-1] [INFO] [1785166593.298904732] [vision_guard]: display /cam0/image_raw=29.9fps/1502f /cam1/image_raw=28.2fps/1496f /cam2/image_raw=27.6fps/1431f /cam3/image_raw=28.2fps/1421f /cam4/image_raw=26.6fps/1362f /cam5/image_raw=29.1fps/1435f
[vision_guard-1] [INFO] [1785166653.304081955] [vision_guard]: display /cam0/image_raw=28.1fps/1506f /cam1/image_raw=28.9fps/1476f /cam2/image_raw=28.2fps/1427f /cam3/image_raw=28.5fps/1416f /cam4/image_raw=26.9fps/1377f /cam5/image_raw=26.5fps/1399f
[vision_guard-1] [INFO] [1785166713.300332938] [vision_guard]: display /cam0/image_raw=27.3fps/1486f /cam1/image_raw=25.7fps/1350f /cam2/image_raw=25.6fps/1399f /cam3/image_raw=27.2fps/1401f /cam4/image_raw=25.6fps/1257f /cam5/image_raw=29.2fps/1458f
[vision_guard-1] [INFO] [1785166773.304205115] [vision_guard]: display /cam0/image_raw=28.9fps/1459f /cam1/image_raw=27.5fps/1407f /cam2/image_raw=27.1fps/1382f /cam3/image_raw=28.0fps/1467f /cam4/image_raw=27.5fps/1320f /cam5/image_raw=27.6fps/1407f
[vision_guard-1] [INFO] [1785166833.299942768] [vision_guard]: display /cam0/image_raw=26.4fps/1433f /cam1/image_raw=27.7fps/1385f /cam2/image_raw=27.9fps/1336f /cam3/image_raw=29.6fps/1492f /cam4/image_raw=26.5fps/1409f /cam5/image_raw=30.0fps/1477f
[vision_guard-1] [INFO] [1785166893.296126310] [vision_guard]: display /cam0/image_raw=29.7fps/1421f /cam1/image_raw=26.7fps/1354f /cam2/image_raw=24.6fps/1357f /cam3/image_raw=29.0fps/1453f /cam4/image_raw=26.0fps/1442f /cam5/image_raw=29.9fps/1484f
[vision_guard-1] [INFO] [1785166953.309896819] [vision_guard]: display /cam0/image_raw=25.8fps/1456f /cam1/image_raw=28.6fps/1328f /cam2/image_raw=28.0fps/1438f /cam3/image_raw=28.1fps/1449f /cam4/image_raw=28.1fps/1428f /cam5/image_raw=27.3fps/1469f
[vision_guard-1] [INFO] [1785167013.295946271] [vision_guard]: display /cam0/image_raw=29.1fps/1450f /cam1/image_raw=26.2fps/1355f /cam2/image_raw=25.5fps/1462f /cam3/image_raw=25.8fps/1476f /cam4/image_raw=27.7fps/1460f /cam5/image_raw=29.7fps/1406f
[vision_guard-1] [INFO] [1785167073.297611277] [vision_guard]: display /cam0/image_raw=27.0fps/1443f /cam1/image_raw=28.6fps/1393f /cam2/image_raw=29.7fps/1486f /cam3/image_raw=24.8fps/1330f /cam4/image_raw=29.2fps/1444f /cam5/image_raw=25.5fps/1377f
[vision_guard-1] [INFO] [1785167133.299323757] [vision_guard]: display /cam0/image_raw=27.8fps/1451f /cam1/image_raw=26.9fps/1393f /cam2/image_raw=28.6fps/1500f /cam3/image_raw=26.7fps/1358f /cam4/image_raw=27.3fps/1443f /cam5/image_raw=27.8fps/1356f
[vision_guard-1] [INFO] [1785167193.298909135] [vision_guard]: display /cam0/image_raw=30.4fps/1487f /cam1/image_raw=26.8fps/1357f /cam2/image_raw=29.7fps/1479f /cam3/image_raw=26.9fps/1323f /cam4/image_raw=27.9fps/1400f /cam5/image_raw=28.1fps/1345f
[vision_guard-1] [INFO] [1785167253.315211616] [vision_guard]: display /cam0/image_raw=27.1fps/1517f /cam1/image_raw=28.6fps/1304f /cam2/image_raw=29.5fps/1361f /cam3/image_raw=26.7fps/1378f /cam4/image_raw=25.9fps/1411f /cam5/image_raw=27.3fps/1261f
[vision_guard-1] [INFO] [1785167313.296490647] [vision_guard]: display /cam0/image_raw=27.6fps/1450f /cam1/image_raw=27.6fps/1384f /cam2/image_raw=26.3fps/1450f /cam3/image_raw=27.7fps/1405f /cam4/image_raw=28.4fps/1420f /cam5/image_raw=23.9fps/1383f
[vision_guard-1] [INFO] [1785167373.304768108] [vision_guard]: display /cam0/image_raw=26.7fps/1407f /cam1/image_raw=26.8fps/1368f /cam2/image_raw=24.8fps/1369f /cam3/image_raw=25.9fps/1452f /cam4/image_raw=24.1fps/1280f /cam5/image_raw=28.3fps/1424f
[vision_guard-1] [INFO] [1785167433.297846645] [vision_guard]: display /cam0/image_raw=26.5fps/1422f /cam1/image_raw=28.7fps/1387f /cam2/image_raw=27.0fps/1355f /cam3/image_raw=29.2fps/1463f /cam4/image_raw=26.9fps/1403f /cam5/image_raw=28.9fps/1390f
[vision_guard-1] [INFO] [1785167493.300517213] [vision_guard]: display /cam0/image_raw=29.6fps/1344f /cam1/image_raw=26.8fps/1445f /cam2/image_raw=29.1fps/1369f /cam3/image_raw=26.4fps/1498f /cam4/image_raw=27.3fps/1371f /cam5/image_raw=26.9fps/1463f
[vision_guard-1] [INFO] [1785167553.312187571] [vision_guard]: display /cam0/image_raw=26.1fps/1381f /cam1/image_raw=26.6fps/1444f /cam2/image_raw=26.2fps/1426f /cam3/image_raw=26.1fps/1491f /cam4/image_raw=27.8fps/1408f /cam5/image_raw=27.9fps/1420f
[vision_guard-1] [INFO] [1785167613.305648240] [vision_guard]: display /cam0/image_raw=25.4fps/1387f /cam1/image_raw=28.0fps/1462f /cam2/image_raw=29.4fps/1416f /cam3/image_raw=28.7fps/1451f /cam4/image_raw=27.6fps/1386f /cam5/image_raw=26.9fps/1498f
[vision_guard-1] [INFO] [1785167673.329145411] [vision_guard]: display /cam0/image_raw=29.3fps/1450f /cam1/image_raw=29.2fps/1432f /cam2/image_raw=27.9fps/1438f /cam3/image_raw=24.4fps/1373f /cam4/image_raw=25.9fps/1356f /cam5/image_raw=26.1fps/1479f
[vision_guard-1] [INFO] [1785167733.311813118] [vision_guard]: display /cam0/image_raw=26.2fps/1491f /cam1/image_raw=25.7fps/1512f /cam2/image_raw=29.3fps/1490f /cam3/image_raw=27.6fps/1377f /cam4/image_raw=27.4fps/1384f /cam5/image_raw=28.8fps/1422f
[vision_guard-1] [INFO] [1785167793.300166744] [vision_guard]: display /cam0/image_raw=27.5fps/1505f /cam1/image_raw=27.4fps/1380f /cam2/image_raw=27.1fps/1487f /cam3/image_raw=28.4fps/1341f /cam4/image_raw=27.2fps/1388f /cam5/image_raw=25.9fps/1463f
[vision_guard-1] [INFO] [1785167853.316622050] [vision_guard]: display /cam0/image_raw=26.7fps/1524f /cam1/image_raw=29.2fps/1425f /cam2/image_raw=29.2fps/1502f /cam3/image_raw=26.8fps/1359f /cam4/image_raw=28.4fps/1387f /cam5/image_raw=28.8fps/1395f
[vision_guard-1] [INFO] [1785167913.308981417] [vision_guard]: display /cam0/image_raw=25.7fps/1487f /cam1/image_raw=27.1fps/1435f /cam2/image_raw=27.1fps/1458f /cam3/image_raw=29.5fps/1412f /cam4/image_raw=28.7fps/1394f /cam5/image_raw=28.5fps/1442f
[vision_guard-1] [INFO] [1785167973.349007992] [vision_guard]: display /cam0/image_raw=27.7fps/1420f /cam1/image_raw=24.8fps/1396f /cam2/image_raw=26.9fps/1493f /cam3/image_raw=25.5fps/1395f /cam4/image_raw=22.4fps/1400f /cam5/image_raw=27.5fps/1433f
[vision_guard-1] [INFO] [1785168033.306285709] [vision_guard]: display /cam0/image_raw=26.4fps/1449f /cam1/image_raw=29.9fps/1447f /cam2/image_raw=29.0fps/1462f /cam3/image_raw=29.5fps/1442f /cam4/image_raw=29.2fps/1447f /cam5/image_raw=28.8fps/1465f
[vision_guard-1] [INFO] [1785168093.308630907] [vision_guard]: display /cam0/image_raw=28.5fps/1461f /cam1/image_raw=27.8fps/1484f /cam2/image_raw=25.8fps/1409f /cam3/image_raw=27.5fps/1423f /cam4/image_raw=27.5fps/1390f /cam5/image_raw=27.5fps/1434f
[vision_guard-1] [INFO] [1785168153.329782117] [vision_guard]: display /cam0/image_raw=27.0fps/1443f /cam1/image_raw=24.6fps/1376f /cam2/image_raw=29.7fps/1445f /cam3/image_raw=17.9fps/1239f /cam4/image_raw=29.3fps/1473f /cam5/image_raw=23.6fps/1253f
[vision_guard-1] [INFO] [1785168213.312516643] [vision_guard]: display /cam0/image_raw=29.0fps/1454f /cam1/image_raw=29.7fps/1292f /cam2/image_raw=27.8fps/1441f /cam3/image_raw=30.3fps/1343f /cam4/image_raw=28.6fps/1480f /cam5/image_raw=29.5fps/1281f
[vision_guard-1] [INFO] [1785168273.326624705] [vision_guard]: display /cam0/image_raw=28.6fps/1464f /cam1/image_raw=25.0fps/1307f /cam2/image_raw=29.9fps/1481f /cam3/image_raw=21.7fps/1261f /cam4/image_raw=29.2fps/1411f /cam5/image_raw=26.2fps/1400f
[vision_guard-1] [INFO] [1785168333.308634964] [vision_guard]: display /cam0/image_raw=26.4fps/1451f /cam1/image_raw=27.7fps/1204f /cam2/image_raw=29.4fps/1508f /cam3/image_raw=25.5fps/1239f /cam4/image_raw=27.8fps/1486f /cam5/image_raw=30.2fps/1349f
[vision_guard-1] [INFO] [1785168393.309709464] [vision_guard]: display /cam0/image_raw=30.2fps/1426f /cam1/image_raw=27.9fps/1296f /cam2/image_raw=28.2fps/1483f /cam3/image_raw=27.7fps/1286f /cam4/image_raw=29.8fps/1408f /cam5/image_raw=25.5fps/1468f
[vision_guard-1] [INFO] [1785168453.311904046] [vision_guard]: display /cam0/image_raw=26.5fps/1393f /cam1/image_raw=28.2fps/1428f /cam2/image_raw=30.0fps/1512f /cam3/image_raw=28.3fps/1421f /cam4/image_raw=27.4fps/1408f /cam5/image_raw=29.8fps/1417f
[vision_guard-1] [INFO] [1785168513.308406099] [vision_guard]: display /cam0/image_raw=29.0fps/1388f /cam1/image_raw=29.0fps/1447f /cam2/image_raw=28.3fps/1482f /cam3/image_raw=27.3fps/1428f /cam4/image_raw=28.3fps/1453f /cam5/image_raw=27.3fps/1464f
[vision_guard-1] [INFO] [1785168573.312665104] [vision_guard]: display /cam0/image_raw=23.7fps/1345f /cam1/image_raw=26.5fps/1512f /cam2/image_raw=30.0fps/1470f /cam3/image_raw=28.0fps/1486f /cam4/image_raw=23.1fps/1347f /cam5/image_raw=30.1fps/1471f
[vision_guard-1] [INFO] [1785168633.307487871] [vision_guard]: display /cam0/image_raw=28.9fps/1350f /cam1/image_raw=27.6fps/1482f /cam2/image_raw=27.2fps/1444f /cam3/image_raw=28.3fps/1496f /cam4/image_raw=28.7fps/1403f /cam5/image_raw=25.7fps/1483f
[vision_guard-1] [INFO] [1785168693.295901094] [vision_guard]: display /cam0/image_raw=25.7fps/1334f /cam1/image_raw=26.6fps/1459f /cam2/image_raw=26.5fps/1441f /cam3/image_raw=27.3fps/1490f /cam4/image_raw=28.1fps/1364f /cam5/image_raw=25.0fps/1516f
[vision_guard-1] [INFO] [1785168753.296375192] [vision_guard]: display /cam0/image_raw=26.0fps/1308f /cam1/image_raw=26.0fps/1354f /cam2/image_raw=30.3fps/1447f /cam3/image_raw=25.0fps/1436f /cam4/image_raw=26.2fps/1273f /cam5/image_raw=30.2fps/1505f
[vision_guard-1] [INFO] [1785168813.297549165] [vision_guard]: display /cam0/image_raw=27.2fps/1386f /cam1/image_raw=28.6fps/1407f /cam2/image_raw=28.1fps/1458f /cam3/image_raw=29.2fps/1381f /cam4/image_raw=28.9fps/1359f /cam5/image_raw=29.6fps/1514f
[vision_guard-1] [INFO] [1785168873.296085127] [vision_guard]: display /cam0/image_raw=25.5fps/1394f /cam1/image_raw=25.4fps/1396f /cam2/image_raw=30.5fps/1490f /cam3/image_raw=26.4fps/1469f /cam4/image_raw=26.8fps/1453f /cam5/image_raw=28.5fps/1441f
[vision_guard-1] [INFO] [1785168933.299920775] [vision_guard]: display /cam0/image_raw=26.1fps/1406f /cam1/image_raw=29.5fps/1428f /cam2/image_raw=27.4fps/1481f /cam3/image_raw=28.7fps/1444f /cam4/image_raw=30.7fps/1503f /cam5/image_raw=27.6fps/1501f
[vision_guard-1] [INFO] [1785168993.295828465] [vision_guard]: display /cam0/image_raw=26.5fps/1346f /cam1/image_raw=26.0fps/1402f /cam2/image_raw=28.1fps/1514f /cam3/image_raw=25.2fps/1458f /cam4/image_raw=26.4fps/1439f /cam5/image_raw=28.3fps/1442f
[vision_guard-1] [INFO] [1785169053.295988471] [vision_guard]: display /cam0/image_raw=22.9fps/1318f /cam1/image_raw=28.8fps/1402f /cam2/image_raw=28.8fps/1541f /cam3/image_raw=28.7fps/1493f /cam4/image_raw=28.1fps/1424f /cam5/image_raw=27.8fps/1354f
[vision_guard-1] [INFO] [1785169113.296005272] [vision_guard]: display /cam0/image_raw=28.2fps/1335f /cam1/image_raw=30.5fps/1428f /cam2/image_raw=28.3fps/1504f /cam3/image_raw=27.2fps/1489f /cam4/image_raw=27.6fps/1383f /cam5/image_raw=28.2fps/1427f
[vision_guard-1] [INFO] [1785169173.295549931] [vision_guard]: display /cam0/image_raw=24.8fps/1355f /cam1/image_raw=28.2fps/1464f /cam2/image_raw=29.9fps/1544f /cam3/image_raw=28.2fps/1508f /cam4/image_raw=29.7fps/1461f /cam5/image_raw=27.1fps/1387f
[vision_guard-1] [INFO] [1785169233.298066441] [vision_guard]: display /cam0/image_raw=28.2fps/1328f /cam1/image_raw=28.2fps/1391f /cam2/image_raw=27.5fps/1464f /cam3/image_raw=29.0fps/1472f /cam4/image_raw=27.8fps/1418f /cam5/image_raw=27.8fps/1371f
[vision_guard-1] [INFO] [1785169293.296762564] [vision_guard]: display /cam0/image_raw=28.3fps/1338f /cam1/image_raw=26.3fps/1370f /cam2/image_raw=29.4fps/1442f /cam3/image_raw=25.9fps/1493f /cam4/image_raw=28.4fps/1485f /cam5/image_raw=27.6fps/1376f
[vision_guard-1] [INFO] [1785169353.297139724] [vision_guard]: display /cam0/image_raw=26.1fps/1343f /cam1/image_raw=26.2fps/1370f /cam2/image_raw=27.2fps/1447f /cam3/image_raw=30.2fps/1483f /cam4/image_raw=26.9fps/1478f /cam5/image_raw=30.1fps/1459f
[vision_guard-1] [INFO] [1785169413.295528621] [vision_guard]: display /cam0/image_raw=29.2fps/1340f /cam1/image_raw=28.1fps/1389f /cam2/image_raw=29.5fps/1452f /cam3/image_raw=27.0fps/1483f /cam4/image_raw=30.1fps/1507f /cam5/image_raw=28.2fps/1493f
[vision_guard-1] [INFO] [1785169473.300167484] [vision_guard]: display /cam0/image_raw=25.9fps/1320f /cam1/image_raw=25.6fps/1454f /cam2/image_raw=27.0fps/1399f /cam3/image_raw=25.5fps/1455f /cam4/image_raw=28.0fps/1481f /cam5/image_raw=28.7fps/1530f
[vision_guard-1] [INFO] [1785169533.300271948] [vision_guard]: display /cam0/image_raw=27.9fps/1331f /cam1/image_raw=28.4fps/1478f /cam2/image_raw=27.1fps/1440f /cam3/image_raw=28.2fps/1438f /cam4/image_raw=28.2fps/1356f /cam5/image_raw=25.6fps/1412f
[vision_guard-1] [INFO] [1785169593.295899986] [vision_guard]: display /cam0/image_raw=25.5fps/1381f /cam1/image_raw=29.2fps/1457f /cam2/image_raw=28.3fps/1460f /cam3/image_raw=28.9fps/1438f /cam4/image_raw=24.6fps/1411f /cam5/image_raw=28.7fps/1416f
[vision_guard-1] [INFO] [1785169653.296242074] [vision_guard]: display /cam0/image_raw=27.4fps/1237f /cam1/image_raw=27.7fps/1473f /cam2/image_raw=25.2fps/1452f /cam3/image_raw=29.3fps/1517f /cam4/image_raw=27.7fps/1220f /cam5/image_raw=27.4fps/1435f
[vision_guard-1] [INFO] [1785169713.302432964] [vision_guard]: display /cam0/image_raw=24.8fps/1293f /cam1/image_raw=28.6fps/1361f /cam2/image_raw=29.0fps/1436f /cam3/image_raw=25.3fps/1509f /cam4/image_raw=26.8fps/1288f /cam5/image_raw=27.5fps/1371f
[vision_guard-1] [INFO] [1785169773.303795112] [vision_guard]: display /cam0/image_raw=26.5fps/1228f /cam1/image_raw=25.9fps/1353f /cam2/image_raw=29.5fps/1476f /cam3/image_raw=28.8fps/1523f /cam4/image_raw=27.8fps/1348f /cam5/image_raw=26.8fps/1429f
[vision_guard-1] [INFO] [1785169833.299067667] [vision_guard]: display /cam0/image_raw=27.3fps/1309f /cam1/image_raw=27.6fps/1233f /cam2/image_raw=28.1fps/1369f /cam3/image_raw=28.6fps/1458f /cam4/image_raw=26.7fps/1300f /cam5/image_raw=27.8fps/1423f
[vision_guard-1] [INFO] [1785169893.299709384] [vision_guard]: display /cam0/image_raw=26.5fps/1297f /cam1/image_raw=23.9fps/1269f /cam2/image_raw=28.0fps/1360f /cam3/image_raw=26.6fps/1428f /cam4/image_raw=29.9fps/1491f /cam5/image_raw=27.7fps/1482f
[vision_guard-1] [INFO] [1785169953.298652757] [vision_guard]: display /cam0/image_raw=27.3fps/1324f /cam1/image_raw=28.9fps/1291f /cam2/image_raw=27.6fps/1365f /cam3/image_raw=28.4fps/1438f /cam4/image_raw=28.3fps/1484f /cam5/image_raw=27.9fps/1479f
[vision_guard-1] [INFO] [1785170013.298322351] [vision_guard]: display /cam0/image_raw=27.9fps/1310f /cam1/image_raw=26.4fps/1300f /cam2/image_raw=27.2fps/1365f /cam3/image_raw=29.1fps/1440f /cam4/image_raw=28.4fps/1478f /cam5/image_raw=30.0fps/1464f
[vision_guard-1] [INFO] [1785170073.310597775] [vision_guard]: display /cam0/image_raw=22.5fps/1320f /cam1/image_raw=25.1fps/1355f /cam2/image_raw=28.3fps/1430f /cam3/image_raw=26.6fps/1402f /cam4/image_raw=29.6fps/1463f /cam5/image_raw=28.0fps/1455f
[vision_guard-1] [INFO] [1785170133.297293658] [vision_guard]: display /cam0/image_raw=27.6fps/1383f /cam1/image_raw=26.4fps/1433f /cam2/image_raw=29.1fps/1450f /cam3/image_raw=26.6fps/1471f /cam4/image_raw=27.9fps/1410f /cam5/image_raw=27.1fps/1370f
[vision_guard-1] [INFO] [1785170193.302460501] [vision_guard]: display /cam0/image_raw=14.0fps/1338f /cam1/image_raw=16.5fps/1277f /cam2/image_raw=29.0fps/1459f /cam3/image_raw=27.9fps/1417f /cam4/image_raw=30.0fps/1432f /cam5/image_raw=15.0fps/1323f
[vision_guard-1] [INFO] [1785170253.298681856] [vision_guard]: display /cam0/image_raw=26.9fps/1125f /cam1/image_raw=27.0fps/1288f /cam2/image_raw=27.2fps/1532f /cam3/image_raw=27.1fps/1534f /cam4/image_raw=28.9fps/1393f /cam5/image_raw=28.4fps/1139f
[vision_guard-1] [INFO] [1785170313.296441832] [vision_guard]: display /cam0/image_raw=27.0fps/1357f /cam1/image_raw=26.5fps/1327f /cam2/image_raw=28.8fps/1469f /cam3/image_raw=26.4fps/1476f /cam4/image_raw=29.0fps/1435f /cam5/image_raw=27.0fps/1400f
[vision_guard-1] [INFO] [1785170373.300103966] [vision_guard]: display /cam0/image_raw=27.6fps/1389f /cam1/image_raw=27.4fps/1382f /cam2/image_raw=23.4fps/1431f /cam3/image_raw=29.1fps/1486f /cam4/image_raw=23.4fps/1336f /cam5/image_raw=27.5fps/1464f
[vision_guard-1] [INFO] [1785170433.300000985] [vision_guard]: display /cam0/image_raw=28.1fps/1371f /cam1/image_raw=28.4fps/1368f /cam2/image_raw=27.6fps/1465f /cam3/image_raw=27.6fps/1426f /cam4/image_raw=28.7fps/1410f /cam5/image_raw=27.9fps/1440f
[vision_guard-1] [INFO] [1785170493.309572583] [vision_guard]: display /cam0/image_raw=25.1fps/1387f /cam1/image_raw=28.5fps/1391f /cam2/image_raw=28.0fps/1419f /cam3/image_raw=27.7fps/1413f /cam4/image_raw=27.0fps/1455f /cam5/image_raw=30.3fps/1525f
[vision_guard-1] [INFO] [1785170553.295787962] [vision_guard]: display /cam0/image_raw=28.6fps/1423f /cam1/image_raw=29.5fps/1360f /cam2/image_raw=23.6fps/1394f /cam3/image_raw=28.1fps/1399f /cam4/image_raw=28.3fps/1450f /cam5/image_raw=26.8fps/1503f
[vision_guard-1] [INFO] [1785170613.312229826] [vision_guard]: display /cam0/image_raw=26.3fps/1461f /cam1/image_raw=28.4fps/1390f /cam2/image_raw=28.5fps/1403f /cam3/image_raw=27.9fps/1386f /cam4/image_raw=28.6fps/1444f /cam5/image_raw=28.5fps/1444f
[vision_guard-1] [INFO] [1785170673.309739933] [vision_guard]: display /cam0/image_raw=28.5fps/1436f /cam1/image_raw=28.7fps/1424f /cam2/image_raw=27.7fps/1458f /cam3/image_raw=30.0fps/1425f /cam4/image_raw=27.5fps/1339f /cam5/image_raw=28.6fps/1455f
[vision_guard-1] [INFO] [1785170733.299554989] [vision_guard]: display /cam0/image_raw=26.6fps/1393f /cam1/image_raw=25.8fps/1379f /cam2/image_raw=29.0fps/1484f /cam3/image_raw=27.1fps/1486f /cam4/image_raw=26.0fps/1370f /cam5/image_raw=29.7fps/1418f
[vision_guard-1] [INFO] [1785170793.313685611] [vision_guard]: display /cam0/image_raw=26.7fps/1394f /cam1/image_raw=27.2fps/1355f /cam2/image_raw=28.4fps/1477f /cam3/image_raw=27.2fps/1529f /cam4/image_raw=25.8fps/1327f /cam5/image_raw=28.9fps/1467f
[vision_guard-1] [INFO] [1785170853.307747211] [vision_guard]: display /cam0/image_raw=28.4fps/1383f /cam1/image_raw=28.0fps/1390f /cam2/image_raw=28.5fps/1529f /cam3/image_raw=28.7fps/1518f /cam4/image_raw=29.2fps/1398f /cam5/image_raw=26.9fps/1406f
[vision_guard-1] [INFO] [1785170913.308804033] [vision_guard]: display /cam0/image_raw=21.3fps/1402f /cam1/image_raw=25.5fps/1356f /cam2/image_raw=29.1fps/1501f /cam3/image_raw=26.1fps/1477f /cam4/image_raw=25.3fps/1460f /cam5/image_raw=29.0fps/1428f
[vision_guard-1] [INFO] [1785170973.295800976] [vision_guard]: display /cam0/image_raw=29.0fps/1362f /cam1/image_raw=28.0fps/1336f /cam2/image_raw=29.5fps/1488f /cam3/image_raw=25.6fps/1449f /cam4/image_raw=26.5fps/1454f /cam5/image_raw=29.2fps/1413f
[vision_guard-1] [INFO] [1785171033.302551709] [vision_guard]: display /cam0/image_raw=27.7fps/1359f /cam1/image_raw=28.7fps/1394f /cam2/image_raw=27.3fps/1373f /cam3/image_raw=27.2fps/1420f /cam4/image_raw=28.5fps/1420f /cam5/image_raw=28.0fps/1528f
[vision_guard-1] [INFO] [1785171093.299326433] [vision_guard]: display /cam0/image_raw=26.6fps/1357f /cam1/image_raw=29.7fps/1403f /cam2/image_raw=24.6fps/1363f /cam3/image_raw=26.0fps/1446f /cam4/image_raw=27.7fps/1461f /cam5/image_raw=27.4fps/1470f
[vision_guard-1] [INFO] [1785171153.299533189] [vision_guard]: display /cam0/image_raw=28.5fps/1384f /cam1/image_raw=28.1fps/1431f /cam2/image_raw=29.7fps/1321f /cam3/image_raw=27.4fps/1400f /cam4/image_raw=28.5fps/1500f /cam5/image_raw=26.1fps/1426f
[vision_guard-1] [INFO] [1785171213.296562979] [vision_guard]: display /cam0/image_raw=27.6fps/1417f /cam1/image_raw=28.1fps/1412f /cam2/image_raw=26.2fps/1355f /cam3/image_raw=26.5fps/1376f /cam4/image_raw=26.9fps/1481f /cam5/image_raw=28.3fps/1423f
[vision_guard-1] [INFO] [1785171273.297472457] [vision_guard]: display /cam0/image_raw=24.7fps/1485f /cam1/image_raw=28.2fps/1329f /cam2/image_raw=29.3fps/1367f /cam3/image_raw=26.1fps/1407f /cam4/image_raw=26.6fps/1477f /cam5/image_raw=25.1fps/1354f
[vision_guard-1] [INFO] [1785171333.298164181] [vision_guard]: display /cam0/image_raw=25.3fps/1386f /cam1/image_raw=25.3fps/1384f /cam2/image_raw=27.2fps/1395f /cam3/image_raw=25.9fps/1478f /cam4/image_raw=29.0fps/1445f /cam5/image_raw=25.4fps/1419f
[vision_guard-1] [INFO] [1785171393.296836588] [vision_guard]: display /cam0/image_raw=26.8fps/1389f /cam1/image_raw=27.8fps/1356f /cam2/image_raw=28.8fps/1382f /cam3/image_raw=27.4fps/1473f /cam4/image_raw=29.7fps/1440f /cam5/image_raw=26.6fps/1441f
[vision_guard-1] [INFO] [1785171453.300906509] [vision_guard]: display /cam0/image_raw=25.9fps/1351f /cam1/image_raw=26.6fps/1332f /cam2/image_raw=27.1fps/1397f /cam3/image_raw=29.7fps/1518f /cam4/image_raw=26.7fps/1442f /cam5/image_raw=28.5fps/1409f
[vision_guard-1] [INFO] [1785171513.301842485] [vision_guard]: display /cam0/image_raw=25.3fps/1354f /cam1/image_raw=28.1fps/1393f /cam2/image_raw=29.3fps/1472f /cam3/image_raw=27.5fps/1487f /cam4/image_raw=28.3fps/1346f /cam5/image_raw=28.9fps/1456f
[vision_guard-1] [INFO] [1785171573.296022076] [vision_guard]: display /cam0/image_raw=25.1fps/1380f /cam1/image_raw=26.3fps/1468f /cam2/image_raw=27.2fps/1490f /cam3/image_raw=25.2fps/1425f /cam4/image_raw=27.5fps/1416f /cam5/image_raw=27.9fps/1451f
[vision_guard-1] [INFO] [1785171633.296803303] [vision_guard]: display /cam0/image_raw=26.5fps/1363f /cam1/image_raw=27.7fps/1472f /cam2/image_raw=25.7fps/1352f /cam3/image_raw=24.5fps/1396f /cam4/image_raw=24.2fps/1319f /cam5/image_raw=27.7fps/1461f
[vision_guard-1] [INFO] [1785171693.295883709] [vision_guard]: display /cam0/image_raw=28.0fps/1377f /cam1/image_raw=28.0fps/1468f /cam2/image_raw=28.7fps/1395f /cam3/image_raw=27.0fps/1394f /cam4/image_raw=26.5fps/1382f /cam5/image_raw=29.0fps/1480f
[vision_guard-1] [INFO] [1785171753.300179491] [vision_guard]: display /cam0/image_raw=26.5fps/1376f /cam1/image_raw=28.2fps/1428f /cam2/image_raw=26.3fps/1346f /cam3/image_raw=26.7fps/1394f /cam4/image_raw=23.8fps/1388f /cam5/image_raw=30.5fps/1504f
[vision_guard-1] [INFO] [1785171813.296482980] [vision_guard]: display /cam0/image_raw=28.1fps/1436f /cam1/image_raw=29.4fps/1411f /cam2/image_raw=27.2fps/1358f /cam3/image_raw=27.9fps/1407f /cam4/image_raw=29.5fps/1459f /cam5/image_raw=28.1fps/1437f
[vision_guard-1] [INFO] [1785171873.296042687] [vision_guard]: display /cam0/image_raw=27.9fps/1422f /cam1/image_raw=26.3fps/1434f /cam2/image_raw=26.3fps/1366f /cam3/image_raw=30.1fps/1451f /cam4/image_raw=26.7fps/1449f /cam5/image_raw=28.0fps/1415f
[vision_guard-1] [INFO] [1785171933.298221849] [vision_guard]: display /cam0/image_raw=28.3fps/1293f /cam1/image_raw=29.5fps/1422f /cam2/image_raw=26.5fps/1460f /cam3/image_raw=26.3fps/1504f /cam4/image_raw=28.5fps/1342f /cam5/image_raw=28.5fps/1471f
[vision_guard-1] [INFO] [1785171993.296019420] [vision_guard]: display /cam0/image_raw=27.2fps/1330f /cam1/image_raw=28.1fps/1443f /cam2/image_raw=29.7fps/1482f /cam3/image_raw=25.3fps/1465f /cam4/image_raw=24.8fps/1301f /cam5/image_raw=30.0fps/1414f
[vision_guard-1] [INFO] [1785172053.296744391] [vision_guard]: display /cam0/image_raw=26.1fps/1348f /cam1/image_raw=29.5fps/1481f /cam2/image_raw=26.2fps/1481f /cam3/image_raw=26.9fps/1465f /cam4/image_raw=28.8fps/1388f /cam5/image_raw=26.0fps/1375f
[vision_guard-1] [INFO] [1785172113.295567708] [vision_guard]: display /cam0/image_raw=24.7fps/1354f /cam1/image_raw=27.5fps/1477f /cam2/image_raw=28.6fps/1469f /cam3/image_raw=25.4fps/1346f /cam4/image_raw=26.5fps/1306f /cam5/image_raw=29.2fps/1463f
[vision_guard-1] [INFO] [1785172173.307629853] [vision_guard]: display /cam0/image_raw=28.7fps/1399f /cam1/image_raw=25.2fps/1492f /cam2/image_raw=25.7fps/1426f /cam3/image_raw=29.7fps/1325f /cam4/image_raw=28.3fps/1402f /cam5/image_raw=24.9fps/1360f
[vision_guard-1] [INFO] [1785172233.296464588] [vision_guard]: display /cam0/image_raw=27.5fps/1511f /cam1/image_raw=26.3fps/1067f /cam2/image_raw=23.7fps/1119f /cam3/image_raw=26.8fps/1405f /cam4/image_raw=25.4fps/1515f /cam5/image_raw=23.1fps/1126f
[vision_guard-1] [INFO] [1785172293.309837348] [vision_guard]: display /cam0/image_raw=28.2fps/1460f /cam1/image_raw=27.5fps/1219f /cam2/image_raw=25.8fps/1218f /cam3/image_raw=25.2fps/1400f /cam4/image_raw=29.7fps/1437f /cam5/image_raw=26.3fps/1371f
[vision_guard-1] [INFO] [1785172353.310605313] [vision_guard]: display /cam0/image_raw=29.0fps/1474f /cam1/image_raw=25.2fps/1396f /cam2/image_raw=25.0fps/1365f /cam3/image_raw=28.5fps/1365f /cam4/image_raw=29.0fps/1518f /cam5/image_raw=28.4fps/1475f
[vision_guard-1] [INFO] [1785172413.297861184] [vision_guard]: display /cam0/image_raw=28.9fps/1458f /cam1/image_raw=28.2fps/1390f /cam2/image_raw=29.9fps/1396f /cam3/image_raw=27.4fps/1481f /cam4/image_raw=28.8fps/1446f /cam5/image_raw=28.2fps/1467f
[vision_guard-1] [INFO] [1785172473.296995443] [vision_guard]: display /cam0/image_raw=29.2fps/1438f /cam1/image_raw=26.1fps/1374f /cam2/image_raw=26.4fps/1385f /cam3/image_raw=27.8fps/1480f /cam4/image_raw=28.5fps/1434f /cam5/image_raw=29.2fps/1387f
[vision_guard-1] [INFO] [1785172533.296401330] [vision_guard]: display /cam0/image_raw=28.7fps/1478f /cam1/image_raw=27.9fps/1410f /cam2/image_raw=26.8fps/1436f /cam3/image_raw=28.0fps/1517f /cam4/image_raw=28.4fps/1459f /cam5/image_raw=25.8fps/1441f
[vision_guard-1] [INFO] [1785172593.302598255] [vision_guard]: display /cam0/image_raw=29.3fps/1432f /cam1/image_raw=29.6fps/1475f /cam2/image_raw=25.8fps/1435f /cam3/image_raw=27.7fps/1480f /cam4/image_raw=29.1fps/1383f /cam5/image_raw=28.1fps/1467f
[vision_guard-1] [INFO] [1785172653.303909708] [vision_guard]: display /cam0/image_raw=29.5fps/1378f /cam1/image_raw=26.3fps/1428f /cam2/image_raw=26.7fps/1488f /cam3/image_raw=26.5fps/1461f /cam4/image_raw=24.2fps/1408f /cam5/image_raw=29.8fps/1457f
[vision_guard-1] [INFO] [1785172713.298062358] [vision_guard]: display /cam0/image_raw=29.0fps/1361f /cam1/image_raw=29.6fps/1400f /cam2/image_raw=29.7fps/1468f /cam3/image_raw=26.6fps/1431f /cam4/image_raw=30.2fps/1327f /cam5/image_raw=26.6fps/1469f
[vision_guard-1] [INFO] [1785172773.312046938] [vision_guard]: display /cam0/image_raw=27.3fps/1419f /cam1/image_raw=23.5fps/1315f /cam2/image_raw=25.9fps/1423f /cam3/image_raw=28.6fps/1401f /cam4/image_raw=25.0fps/1389f /cam5/image_raw=30.3fps/1520f
[vision_guard-1] [INFO] [1785172833.319543445] [vision_guard]: display /cam0/image_raw=25.5fps/1410f /cam1/image_raw=28.1fps/1382f /cam2/image_raw=27.4fps/1485f /cam3/image_raw=27.9fps/1412f /cam4/image_raw=28.6fps/1436f /cam5/image_raw=25.9fps/1505f
[vision_guard-1] [INFO] [1785172893.295915763] [vision_guard]: display /cam0/image_raw=28.2fps/1425f /cam1/image_raw=27.3fps/1427f /cam2/image_raw=27.9fps/1464f /cam3/image_raw=28.0fps/1460f /cam4/image_raw=28.0fps/1475f /cam5/image_raw=29.8fps/1450f
[vision_guard-1] [INFO] [1785172953.296208475] [vision_guard]: display /cam0/image_raw=27.4fps/1464f /cam1/image_raw=28.1fps/1426f /cam2/image_raw=28.6fps/1506f /cam3/image_raw=28.7fps/1532f /cam4/image_raw=28.9fps/1402f /cam5/image_raw=26.8fps/1483f
[vision_guard-1] [INFO] [1785173013.299813512] [vision_guard]: display /cam0/image_raw=26.8fps/1457f /cam1/image_raw=30.2fps/1491f /cam2/image_raw=26.1fps/1496f /cam3/image_raw=28.6fps/1515f /cam4/image_raw=28.3fps/1409f /cam5/image_raw=29.5fps/1406f
[vision_guard-1] [INFO] [1785173073.299518264] [vision_guard]: display /cam0/image_raw=29.4fps/1482f /cam1/image_raw=29.1fps/1491f /cam2/image_raw=28.7fps/1518f /cam3/image_raw=28.1fps/1532f /cam4/image_raw=28.9fps/1427f /cam5/image_raw=26.6fps/1488f
[vision_guard-1] [INFO] [1785173133.298038466] [vision_guard]: display /cam0/image_raw=26.8fps/1418f /cam1/image_raw=29.2fps/1464f /cam2/image_raw=28.9fps/1514f /cam3/image_raw=26.4fps/1507f /cam4/image_raw=26.2fps/1429f /cam5/image_raw=30.0fps/1420f
[vision_guard-1] [INFO] [1785173193.296164899] [vision_guard]: display /cam0/image_raw=27.0fps/1487f /cam1/image_raw=28.6fps/1480f /cam2/image_raw=26.9fps/1524f /cam3/image_raw=29.4fps/1463f /cam4/image_raw=29.6fps/1427f /cam5/image_raw=27.8fps/1429f
[vision_guard-1] [INFO] [1785173253.295681700] [vision_guard]: display /cam0/image_raw=29.0fps/1461f /cam1/image_raw=29.5fps/1444f /cam2/image_raw=29.9fps/1508f /cam3/image_raw=25.0fps/1455f /cam4/image_raw=25.8fps/1468f /cam5/image_raw=29.4fps/1434f
[vision_guard-1] [INFO] [1785173313.296031417] [vision_guard]: display /cam0/image_raw=29.1fps/1497f /cam1/image_raw=25.7fps/1394f /cam2/image_raw=28.3fps/1506f /cam3/image_raw=28.9fps/1456f /cam4/image_raw=29.2fps/1461f /cam5/image_raw=26.2fps/1447f
[vision_guard-1] [INFO] [1785173373.295537801] [vision_guard]: display /cam0/image_raw=28.9fps/1493f /cam1/image_raw=28.5fps/1395f /cam2/image_raw=29.4fps/1468f /cam3/image_raw=26.5fps/1466f /cam4/image_raw=27.7fps/1458f /cam5/image_raw=28.9fps/1475f
[vision_guard-1] [INFO] [1785173433.296201281] [vision_guard]: display /cam0/image_raw=26.9fps/1490f /cam1/image_raw=29.2fps/1386f /cam2/image_raw=27.5fps/1453f /cam3/image_raw=25.6fps/1431f /cam4/image_raw=29.1fps/1509f /cam5/image_raw=28.6fps/1457f
[vision_guard-1] [INFO] [1785173493.298455882] [vision_guard]: display /cam0/image_raw=28.8fps/1490f /cam1/image_raw=27.5fps/1432f /cam2/image_raw=28.7fps/1437f /cam3/image_raw=26.8fps/1479f /cam4/image_raw=25.5fps/1438f /cam5/image_raw=27.8fps/1473f
[vision_guard-1] [INFO] [1785173553.296220368] [vision_guard]: display /cam0/image_raw=28.5fps/1491f /cam1/image_raw=29.6fps/1419f /cam2/image_raw=26.1fps/1418f /cam3/image_raw=28.6fps/1515f /cam4/image_raw=26.4fps/1475f /cam5/image_raw=26.4fps/1417f
[vision_guard-1] [INFO] [1785173613.296158484] [vision_guard]: display /cam0/image_raw=29.3fps/1508f /cam1/image_raw=28.5fps/1433f /cam2/image_raw=28.3fps/1412f /cam3/image_raw=28.1fps/1463f /cam4/image_raw=27.5fps/1419f /cam5/image_raw=29.5fps/1465f
[vision_guard-1] [INFO] [1785173673.295927158] [vision_guard]: display /cam0/image_raw=26.6fps/1450f /cam1/image_raw=29.8fps/1457f /cam2/image_raw=29.5fps/1433f /cam3/image_raw=26.0fps/1528f /cam4/image_raw=28.9fps/1422f /cam5/image_raw=28.4fps/1443f
[vision_guard-1] [INFO] [1785173733.297363951] [vision_guard]: display /cam0/image_raw=27.4fps/1454f /cam1/image_raw=26.4fps/1411f /cam2/image_raw=27.8fps/1421f /cam3/image_raw=29.6fps/1521f /cam4/image_raw=28.2fps/1435f /cam5/image_raw=30.0fps/1479f
[vision_guard-1] [INFO] [1785173793.296319891] [vision_guard]: display /cam0/image_raw=26.7fps/1439f /cam1/image_raw=28.0fps/1418f /cam2/image_raw=27.8fps/1386f /cam3/image_raw=25.6fps/1492f /cam4/image_raw=27.4fps/1420f /cam5/image_raw=24.8fps/1444f
[vision_guard-1] [INFO] [1785173853.296460083] [vision_guard]: display /cam0/image_raw=27.3fps/1473f /cam1/image_raw=29.0fps/1457f /cam2/image_raw=25.9fps/1379f /cam3/image_raw=27.9fps/1440f /cam4/image_raw=25.8fps/1487f /cam5/image_raw=29.5fps/1473f
[vision_guard-1] [INFO] [1785173913.296566227] [vision_guard]: display /cam0/image_raw=30.4fps/1481f /cam1/image_raw=27.3fps/1492f /cam2/image_raw=26.5fps/1336f /cam3/image_raw=28.5fps/1451f /cam4/image_raw=28.1fps/1385f /cam5/image_raw=26.7fps/1465f
[vision_guard-1] [INFO] [1785173973.296546215] [vision_guard]: display /cam0/image_raw=28.3fps/1462f /cam1/image_raw=30.3fps/1491f /cam2/image_raw=27.6fps/1327f /cam3/image_raw=24.6fps/1458f /cam4/image_raw=26.3fps/1450f /cam5/image_raw=29.5fps/1496f
[vision_guard-1] [INFO] [1785174033.295904557] [vision_guard]: display /cam0/image_raw=29.2fps/1495f /cam1/image_raw=27.0fps/1492f /cam2/image_raw=28.3fps/1290f /cam3/image_raw=29.4fps/1481f /cam4/image_raw=26.8fps/1364f /cam5/image_raw=28.3fps/1497f
[vision_guard-1] [INFO] [1785174093.296383364] [vision_guard]: display /cam0/image_raw=24.6fps/1516f /cam1/image_raw=29.5fps/1543f /cam2/image_raw=28.1fps/1314f /cam3/image_raw=27.0fps/1474f /cam4/image_raw=29.0fps/1414f /cam5/image_raw=27.3fps/1384f
[vision_guard-1] [INFO] [1785174153.298146785] [vision_guard]: display /cam0/image_raw=29.2fps/1481f /cam1/image_raw=28.4fps/1520f /cam2/image_raw=28.2fps/1349f /cam3/image_raw=29.0fps/1531f /cam4/image_raw=26.0fps/1401f /cam5/image_raw=27.7fps/1437f
[vision_guard-1] [INFO] [1785174213.295985199] [vision_guard]: display /cam0/image_raw=27.4fps/1430f /cam1/image_raw=28.2fps/1470f /cam2/image_raw=28.5fps/1350f /cam3/image_raw=27.7fps/1522f /cam4/image_raw=28.1fps/1396f /cam5/image_raw=27.1fps/1405f
[vision_guard-1] [INFO] [1785174273.295615040] [vision_guard]: display /cam0/image_raw=28.6fps/1414f /cam1/image_raw=29.7fps/1455f /cam2/image_raw=27.8fps/1332f /cam3/image_raw=27.4fps/1503f /cam4/image_raw=29.1fps/1443f /cam5/image_raw=28.5fps/1464f
[vision_guard-1] [INFO] [1785174333.296202020] [vision_guard]: display /cam0/image_raw=27.7fps/1439f /cam1/image_raw=27.8fps/1416f /cam2/image_raw=28.1fps/1391f /cam3/image_raw=28.3fps/1468f /cam4/image_raw=29.8fps/1469f /cam5/image_raw=26.5fps/1500f
[vision_guard-1] [INFO] [1785174393.295654916] [vision_guard]: display /cam0/image_raw=26.8fps/1433f /cam1/image_raw=29.2fps/1380f /cam2/image_raw=26.5fps/1410f /cam3/image_raw=26.4fps/1435f /cam4/image_raw=27.4fps/1484f /cam5/image_raw=29.7fps/1504f
[vision_guard-1] [INFO] [1785174453.296617036] [vision_guard]: display /cam0/image_raw=26.0fps/1442f /cam1/image_raw=27.3fps/1384f /cam2/image_raw=26.9fps/1445f /cam3/image_raw=29.6fps/1449f /cam4/image_raw=29.4fps/1492f /cam5/image_raw=27.6fps/1481f
[vision_guard-1] [INFO] [1785174513.295922315] [vision_guard]: display /cam0/image_raw=28.2fps/1494f /cam1/image_raw=28.7fps/1439f /cam2/image_raw=30.1fps/1414f /cam3/image_raw=27.9fps/1470f /cam4/image_raw=29.1fps/1473f /cam5/image_raw=28.7fps/1427f
[vision_guard-1] [INFO] [1785174573.295722249] [vision_guard]: display /cam0/image_raw=29.9fps/1496f /cam1/image_raw=27.7fps/1446f /cam2/image_raw=28.3fps/1441f /cam3/image_raw=28.5fps/1495f /cam4/image_raw=29.9fps/1418f /cam5/image_raw=26.6fps/1438f
[vision_guard-1] [INFO] [1785174633.295655155] [vision_guard]: display /cam0/image_raw=28.1fps/1491f /cam1/image_raw=28.5fps/1478f /cam2/image_raw=28.2fps/1380f /cam3/image_raw=28.1fps/1495f /cam4/image_raw=25.9fps/1415f /cam5/image_raw=28.8fps/1414f
[vision_guard-1] [INFO] [1785174693.316343920] [vision_guard]: display /cam0/image_raw=26.0fps/1457f /cam1/image_raw=28.3fps/1463f /cam2/image_raw=26.0fps/1300f /cam3/image_raw=28.1fps/1514f /cam4/image_raw=28.5fps/1403f /cam5/image_raw=25.0fps/1348f
[vision_guard-1] [INFO] [1785174753.302775489] [vision_guard]: display /cam0/image_raw=24.9fps/1434f /cam1/image_raw=27.5fps/1437f /cam2/image_raw=27.3fps/1331f /cam3/image_raw=24.5fps/1511f /cam4/image_raw=23.8fps/1405f /cam5/image_raw=27.9fps/1427f
[vision_guard-1] [INFO] [1785174813.315514738] [vision_guard]: display /cam0/image_raw=26.3fps/1381f /cam1/image_raw=27.7fps/1407f /cam2/image_raw=27.6fps/1312f /cam3/image_raw=27.0fps/1443f /cam4/image_raw=28.8fps/1501f /cam5/image_raw=27.9fps/1409f
[vision_guard-1] [INFO] [1785174873.296815143] [vision_guard]: display /cam0/image_raw=27.6fps/1372f /cam1/image_raw=26.9fps/1454f /cam2/image_raw=26.1fps/1343f /cam3/image_raw=29.1fps/1497f /cam4/image_raw=27.4fps/1447f /cam5/image_raw=28.1fps/1433f
[vision_guard-1] [INFO] [1785174933.303280434] [vision_guard]: display /cam0/image_raw=27.4fps/1364f /cam1/image_raw=25.5fps/1439f /cam2/image_raw=30.2fps/1425f /cam3/image_raw=27.4fps/1441f /cam4/image_raw=26.7fps/1438f /cam5/image_raw=29.0fps/1475f
[vision_guard-1] [INFO] [1785174993.311601882] [vision_guard]: display /cam0/image_raw=27.0fps/1321f /cam1/image_raw=30.5fps/1428f /cam2/image_raw=27.5fps/1477f /cam3/image_raw=26.2fps/1444f /cam4/image_raw=27.8fps/1413f /cam5/image_raw=29.7fps/1396f
[vision_guard-1] [INFO] [1785175053.297542351] [vision_guard]: display /cam0/image_raw=28.4fps/1344f /cam1/image_raw=27.4fps/1430f /cam2/image_raw=29.1fps/1462f /cam3/image_raw=28.1fps/1426f /cam4/image_raw=28.1fps/1453f /cam5/image_raw=27.9fps/1439f
[vision_guard-1] [INFO] [1785175113.305427085] [vision_guard]: display /cam0/image_raw=27.6fps/1450f /cam1/image_raw=27.8fps/1463f /cam2/image_raw=25.9fps/1467f /cam3/image_raw=26.0fps/1467f /cam4/image_raw=30.5fps/1342f /cam5/image_raw=27.8fps/1461f
[vision_guard-1] [INFO] [1785175173.303365321] [vision_guard]: display /cam0/image_raw=27.0fps/1459f /cam1/image_raw=29.0fps/1455f /cam2/image_raw=24.2fps/1425f /cam3/image_raw=30.2fps/1447f /cam4/image_raw=21.7fps/1404f /cam5/image_raw=27.2fps/1338f
[vision_guard-1] [INFO] [1785175233.310040415] [vision_guard]: display /cam0/image_raw=27.2fps/1449f /cam1/image_raw=28.7fps/1442f /cam2/image_raw=24.7fps/1420f /cam3/image_raw=26.8fps/1458f /cam4/image_raw=28.3fps/1411f /cam5/image_raw=28.0fps/1435f
[vision_guard-1] [INFO] [1785175293.296085210] [vision_guard]: display /cam0/image_raw=24.8fps/1408f /cam1/image_raw=27.5fps/1389f /cam2/image_raw=25.8fps/1339f /cam3/image_raw=29.0fps/1462f /cam4/image_raw=26.7fps/1429f /cam5/image_raw=28.9fps/1449f
[vision_guard-1] [INFO] [1785175353.308861917] [vision_guard]: display /cam0/image_raw=27.5fps/1365f /cam1/image_raw=27.2fps/1410f /cam2/image_raw=28.1fps/1363f /cam3/image_raw=26.6fps/1473f /cam4/image_raw=28.5fps/1330f /cam5/image_raw=24.6fps/1427f
[vision_guard-1] [INFO] [1785175413.304220842] [vision_guard]: display /cam0/image_raw=26.8fps/1321f /cam1/image_raw=28.5fps/1430f /cam2/image_raw=25.1fps/1314f /cam3/image_raw=28.2fps/1467f /cam4/image_raw=26.9fps/1438f /cam5/image_raw=29.9fps/1474f
[vision_guard-1] [INFO] [1785175473.304417752] [vision_guard]: display /cam0/image_raw=28.7fps/1343f /cam1/image_raw=26.8fps/1493f /cam2/image_raw=28.1fps/1387f /cam3/image_raw=26.8fps/1396f /cam4/image_raw=25.6fps/1367f /cam5/image_raw=27.0fps/1462f
[vision_guard-1] [INFO] [1785175533.309810155] [vision_guard]: display /cam0/image_raw=25.2fps/1350f /cam1/image_raw=28.5fps/1470f /cam2/image_raw=28.2fps/1414f /cam3/image_raw=23.1fps/1390f /cam4/image_raw=28.0fps/1410f /cam5/image_raw=28.7fps/1402f
[vision_guard-1] [INFO] [1785175593.310214175] [vision_guard]: display /cam0/image_raw=28.0fps/1327f /cam1/image_raw=28.6fps/1490f /cam2/image_raw=30.1fps/1396f /cam3/image_raw=27.1fps/1376f /cam4/image_raw=28.0fps/1427f /cam5/image_raw=25.8fps/1438f
[vision_guard-1] [INFO] [1785175653.308187105] [vision_guard]: display /cam0/image_raw=27.3fps/1410f /cam1/image_raw=27.6fps/1377f /cam2/image_raw=29.3fps/1420f /cam3/image_raw=27.7fps/1409f /cam4/image_raw=27.7fps/1343f /cam5/image_raw=27.1fps/1432f
[vision_guard-1] [INFO] [1785175713.318742901] [vision_guard]: display /cam0/image_raw=25.5fps/1434f /cam1/image_raw=26.7fps/1413f /cam2/image_raw=28.1fps/1469f /cam3/image_raw=26.1fps/1450f /cam4/image_raw=29.5fps/1418f /cam5/image_raw=28.3fps/1351f
[vision_guard-1] [INFO] [1785175773.305818673] [vision_guard]: display /cam0/image_raw=28.1fps/1451f /cam1/image_raw=27.4fps/1360f /cam2/image_raw=28.1fps/1401f /cam3/image_raw=27.3fps/1486f /cam4/image_raw=29.0fps/1443f /cam5/image_raw=26.7fps/1434f
[vision_guard-1] [INFO] [1785175833.314895892] [vision_guard]: display /cam0/image_raw=28.3fps/1491f /cam1/image_raw=25.9fps/1385f /cam2/image_raw=29.7fps/1398f /cam3/image_raw=27.2fps/1485f /cam4/image_raw=25.9fps/1424f /cam5/image_raw=28.9fps/1355f
[vision_guard-1] [INFO] [1785175893.307802561] [vision_guard]: display /cam0/image_raw=29.7fps/1452f /cam1/image_raw=29.8fps/1438f /cam2/image_raw=24.4fps/1347f /cam3/image_raw=28.6fps/1447f /cam4/image_raw=28.1fps/1453f /cam5/image_raw=28.7fps/1382f
[vision_guard-1] [INFO] [1785175953.317819904] [vision_guard]: display /cam0/image_raw=29.4fps/1457f /cam1/image_raw=27.3fps/1454f /cam2/image_raw=26.7fps/1288f /cam3/image_raw=27.9fps/1467f /cam4/image_raw=27.3fps/1421f /cam5/image_raw=27.7fps/1374f
[vision_guard-1] [INFO] [1785176013.314070987] [vision_guard]: display /cam0/image_raw=22.7fps/1435f /cam1/image_raw=27.3fps/1458f /cam2/image_raw=27.1fps/1324f /cam3/image_raw=27.8fps/1425f /cam4/image_raw=27.2fps/1435f /cam5/image_raw=27.0fps/1422f
[vision_guard-1] [INFO] [1785176073.313915267] [vision_guard]: display /cam0/image_raw=29.1fps/1457f /cam1/image_raw=27.9fps/1454f /cam2/image_raw=25.9fps/1387f /cam3/image_raw=28.9fps/1409f /cam4/image_raw=28.5fps/1414f /cam5/image_raw=28.7fps/1413f
