0.008837322
0.008907596
0.011717974
0.006003615
0.011084869
0.007159229
0.008164184
0.007649675
0.008614884
0.008633604
0.007497415
0.008254778
0.007882928
0.007766222
0.00641697
0.007556264
0.007595721
0.006926615
0.007690124
0.009706849
0.006830037
0.008570595
0.008202265
0.008308924
0.00715987
0.007982291
0.008061077
0.008395583
0.008798121
0.007801198
0.007631594
0.008497793
0.007880785
0.007434565
0.008831178
0.009113394
0.007486439
0.00720115
0.008890764
0.009163187
0.007679851
0.008606436
0.007378595
0.007817519
0.008114295
0.008234362
0.007258432
0.006993465
0.00793045
0.007619562
0.007545031
0.007208735
0.009289462
0.00889358
0.008434239
0.008718983
0.007553224
0.007674411
0.008758664
0.006938008
0.007366467
0.007510279
0.007677516
0.008259643
0.007927921
0.007354467
0.008260219
0.008390751
0.00643585
0.008812489
0.008057109
0.007475622
0.008037492
0.008186201
0.007718348
0.007371203
0.00726672
0.007816655
0.007954387
0.0083391
0.007247008
0.008302364
0.007882512
0.007343139
0.007135549
0.00655115
0.00785112
0.007690348
0.00856333
0.008136183
0.008656901
0.007215583
0.007886545
0.006730226
0.00764145
0.008499745
0.007231103
0.007585705
0.007502439
0.007519655
0.007424996
0.006074241
0.007015706
0.007738829
0.008042485
0.008252794
0.007825679
0.006786099
0.006834005
0.006953944
0.007814351
0.008102262
0.008489601
0.007991828
0.008260891
0.008091766
0.007928946
0.006632175
0.007803023
0.006434827
0.007613002
0.007087547
0.007320354
0.007650571
0.006932503
0.007292385
0.007785902
0.009197715
0.008584899
0.008594051
0.007432677
0.007568232
0.008055829
0.008302748
0.007653291
0.006979609
0.006792852
0.007525991
0.005735991
0.007791438
0.007456165
0.007555496
0.008129687
0.006866997
0.00719699
0.008584836
0.007652202
0.006720082
0.006750962
0.007670123
0.006748563
0.007677547
0.006382793
0.008038228
0.007754829
0.00565999
0.007025914
0.008007668
0.008645157
0.008010676
0.007790958
0.007351459
0.008157976
0.007386147
0.007836207
0.007097436
0.006936408
0.008070965
0.007416612
0.006747667
0.006899095
0.008184249
-0.010915617
0.006952472
0.006747667
0.008203001
0.007634826
0.00777851
0.007817935
0.008125943
0.007007418
0.006590223
0.007316577
0.007554376
0.008414206
0.007341698
0.007592169
0.007514951
0.007682315
0.007878417
0.006931927
0.007069179
0.006533869
0.00795605
0.008301724
0.007688747
0.007371108
0.006738483
0.006913559
0.006848949
0.007943922
0.006924855
0.007387395
0.006730226
0.007997139
0.007381251
0.006927991
0.007038202
0.007144285
0.007910929
0.006940088
0.008073238
0.008762344
0.007658923
0.008193721
0.008025045
0.007096188
0.008422399
0.007916241
0.007199614
0.005952957
0.007711437
0.007397252
0.006591758
0.007447493
0.007582121
0.008357533
0.006534893
0.007059515
0.00810559
0.007717421
0.005823098
0.006703473
0.007447653
0.007785518
0.007434948
0.007686796
0.008277051
0.006587183
0.008040341
0.006699249
0.006449515
0.006949048
0.006407945
0.005554612
0.007609546
0.007211359
0.007207647
0.006774099
0.006717202
0.007851152
0.007103996
0.007730317
0.008275579
0.007166654
0.007547111
0.007165374
0.007565224
0.007908241
0.007675915
0.006949656
0.005435952
0.007355107
0.007370339
0.007899313
0.007537575
0.006445098
0.006430314
0.008226522
0.007356099
0.007388772
0.008325372
0.007036794
0.006499436
0.006822453
0.006877046
0.00772542
0.006696081
0.005396175
0.007684715
0.007354498
0.007500615
0.007105788
0.006961273
0.0069438
0.007486214
0.007455525
0.008462848
0.00787768
0.00730413
0.007303649
0.00658475
0.007135613
0.006024288
0.005843258
0.006358473
0.008450144
0.007317922
0.00732717
0.00731645
0.007431621
0.007926802
0.005819546
0.006510157
0.007701644
0.00662472
0.00689343
0.005938141
0.006432554
0.007788526
0.008022837
0.007349506
0.005568532
0.008046101
0.005764985
0.006928599
0.006690577
0.005754712
0.006520748
0.006519661
0.006384969
0.007550504
0.006870934
0.006656336
0.006761139
0.006581294
0.005575348
0.006973977
0.007019546
0.006444362
0.006962168
0.00694972
0.006761011
0.006700305
0.006702065
0.006228293
0.007948882
0.006675473
0.005907165
-0.012923735
0.01111927
0.007615338
0.007416005
0.00660219
0.007387748
0.005820058
0.005628437
0.007042938
0.006898135
0.005639509
0.006301927
0.007195294
0.006503084
0.006693585
0.006558382
0.006009759
0.006445962
0.00726064
0.007059931
0.007322178
0.007247456
0.006974456
0.006823029
0.00657419
0.005911004
0.006187204
0.006849013
0.00628215
0.006697393
0.006958776
0.006443658
0.006160387
0.0060704
0.006192547
0.006666353
0.006480876
0.007579145
0.007192991
0.006900535
0.007267424
0.006574574
0.006813493
0.006772659
0.006603951
0.00678802
0.007734605
0.007445829
0.007007098
0.006622479
0.005464977
0.006911095
0.006841845
0.007172382
0.007307745
0.006317383
0.007136701
0.007348035
0.006279302
0.006880951
0.006789812
0.00666616
0.006697681
0.006679792
0.005148008
0.006349672
0.006024511
0.006676241
0.006849365
0.007303202
0.00660027
0.007731885
0.005759832
0.008562115
0.006757651
0.006917143
0.005430703
0.005759641
0.006080193
0.007303426
0.00603856
0.004462358
0.007314306
0.007365219
0.007610922
0.006174212
0.006614447
0.006774996
0.006779444
0.006796371
0.007731053
0.007790222
0.006154851
0.007372579
0.007619241
0.006797012
0.00697068
0.006362408
0.007291842
0.007358147
0.007222816
0.006423146
0.006264389
0.006275079
0.006553133
0.006796052
0.005828986
0.0056021
0.006089025
0.006507149
0.00671893
0.007601706
0.006900375
0.008035317
0.00607424
0.006403114
0.006710642
0.005630581
0.006488076
0.006427338
0.007112764
0.007104188
0.006871638
0.005620981
0.006603535
0.006644528
0.007169341
0.006573742
0.006281222
0.008360222
0.007061019
0.006668305
0.007570888
0.006731858
0.006047584
0.006939736
0.0055733
0.006174051
0.006858614
0.006463115
0.006530861
0.00615978
0.007283585
0.007310753
0.00637348
0.005627221
0.006149219
0.006719026
0.006119842
0.006678481
0.006767731
0.006320488
0.006431498
0.007000057
0.005640214
0.005837403
0.006714578
0.00731965
0.007480646
0.006425451
0.006695697
0.006374376
0.007437253
0.00679618
0.005515666
0.006974745
0.006395273
0.007043963
0.005623828
0.006709714
0.006387497
0.006332136
0.006838805
0.005205066
0.006034656
0.007743437
0.005606484
0.005739224
0.006550702
0.006443499
0.007440101
0.006329223
0.006969145
0.007061851
0.00704105
0.006588111
0.006354697
0.005852251
0.007217631
0.006602639
0.005158473
0.006416234
0.005212171
0.00626327
0.006370889
0.006501004
0.005329326
0.005857723
0.00624999
0.007367011
0.006453771
0.006503245
0.006080865
0.007442693
0.006420138
0.005625877
0.006827125
0.005633846
0.005956606
0.005810586
0.006107138
0.005535667
0.005749368
0.006175684
0.00589702
0.005800794
0.006792084
0.007304577
0.00613549
0.007123837
0.006824309
0.007148477
0.007189887
0.007314305
0.005351438
0.006140035
0.007395684
0.00632132
0.006052704
0.005884284
0.005093319
0.006523436
0.00609981
0.004800991
0.005886812
0.005315661
0.005363822
0.005494162
0.004925314
0.006163843
0.00596195
0.005113896
0.00750087
0.005950141
0.005674839
0.006507116
0.006365481
0.005785881
0.005640245
0.006211429
0.005881659
0.006651984
0.006243205
0.006839477
0.006661968
0.005670614
0.005688215
0.00604112
0.006213253
0.006225701
0.005926909
0.00462489
0.005617204
0.006612367
0.00594499
0.005890044
0.005379598
0.005698935
0.006146499
0.005558707
0.005187529
0.006350824
0.007490694
0.007013818
0.006189988
0.006301447
0.006485452
0.007000441
0.006122594
0.006106945
0.005597076
0.005641173
0.006051808
0.006997593
0.005510674
0.005466224
0.004694844
0.005457937
0.005413679
0.00619562
0.007425477
0.005544819
0.005084647
0.006273926
0.004977188
0.006397226
0.006319271
0.006015967
0.005724376
0.00604096
0.007145053
0.005798906
0.006365289
0.005695799
0.005977118
0.006686545
0.005668246
0.005454417
0.005788442
0.005658454
0.00535979
0.006391273
0.005249355
0.00633076
0.005752888
0.005788281
0.005896988
0.005002404
0.007064987
0.006411466
0.005660534
0.006281158
0.005267788
0.006802868
0.005686839
0.006192836
0.006714161
0.005243211
0.005651445
0.005653878
0.005859451
0.005738648
0.005549491
0.005433296
0.005425552
0.00582169
0.005989055
0.006536749
0.005186314
0.005187017
0.005176521
0.00718163
0.006286759
0.005601812
0.005666902
0.004880865
0.006407946
0.005000228
0.005680503
0.005363182
0.004629338
0.006205348
0.005157353
0.004453558
0.006162852
0.005520499
0.005758297
0.006143235
0.006489771
0.005964478
0.006597391
0.005499762
0.005386638
0.006653296
0.00623623
0.00647838
0.005757849
0.005200073
0.005276588
0.007254048
0.006399209
0.005778009
0.005934013
0.005751609
0.005426351
0.005643382
0.006506956
0.005586036
0.005782201
0.006106274
0.005655542
0.006305447
0.006364584
0.005444688
0.004429397
0.005548211
0.00528462
0.006851189
0.005615637
0.005469937
0.005393327
0.005398415
0.005632758
0.006200293
0.005639958
0.005635413
0.005483826
0.005683862
0.005190058
0.004880737
0.006026496
0.00438834
0.005184585
0.005649334
0.005892252
0.00553301
0.005568148
0.006279175
0.004586393
0.005218026
0.006325063
0.00557922
0.005564307
0.005951134
0.006321447
0.005884539
0.005517746
0.005449488
0.005910332
0.004949252
0.005010629
0.004982628
0.005599188
0.006104898
0.005866267
0.005213802
0.004766686
0.006116898
0.005067622
0.004580217
0.005326285
0.005858587
0.005274668
0.006058336
0.00551093
0.005896349
0.006344872
0.004493239
0.005632949
0.00536875
0.005247691
0.006043584
0.005695575
0.005601492
0.006972024
0.005983999
0.005836635
0.005765945
0.005978175
0.005636405
0.005634485
0.005406128
0.005843259
0.00512276
0.005649717
0.006563694
0.005397615
0.004886561
0.005088679
0.004874849
0.005940798
0.006374441
0.00489245
0.005473489
0.005184522
0.005386575
0.005083751
0.005111496
0.005745912
0.005484689
0.005741912
0.006013855
0.005467153
0.005603349
0.004653852
0.005062182
0.005004164
0.005191977
0.004670492
0.005841563
0.005602453
0.005746936
0.004918178
0.006017695
0.00586822
0.00563311
0.005505938
0.005751512
0.00515828
0.005216714
0.006289702
0.005497553
0.005418255
0.004676252
0.004223663
0.005182985
0.004961827
0.00619402
0.00551285
0.004602778
0.005578868
0.005560563
0.007459238
0.004480406
0.005152904
0.004406069
0.005374318
0.005976446
0.005193513
0.004731422
0.004183215
0.005443408
0.005318093
0.004529848
0.005734968
0.005127688
0.004626874
0.004776607
0.004725917
0.006217508
0.00543304
0.005121544
0.0048288
0.005680918
0.005341902
0.005775865
0.006023967
0.004557721
0.005909885
0.005516307
0.005676566
0.004215631
0.00588822
0.004958659
0.004617818
0.004967587
0.0051554
0.004698429
0.006687793
0.005033318
0.005251851
0.005023621
0.004516088
0.004740958
0.003949417
0.005110632
0.00469398
0.005161545
0.005711416
0.004931618
0.004699805
0.00379034
0.004418773
0.00536859
0.004932771
0.005171273
0.004442166
0.004375284
0.005538323
0.006343944
0.005584884
0.005569236
0.005228138
0.0053147
0.004988868
0.004798847
0.004406612
0.004376564
0.004773215
0.005118376
0.004669691
0.005137992
0.004904034
0.004489911
0.004798784
0.004756446
0.005888092
0.004533656
0.004508056
0.004575097
0.004961508
0.004458838
0.004435765
0.005077223
0.004856065
0.004724445
0.005045126
0.005773049
0.005389583
0.005536882
0.004438358
0.004194543
0.005118216
0.005280876
0.00595411
0.00507703
0.003381306
0.004183631
0.004712061
0.004679772
0.004649659
0.005942878
0.005173065
0.004941667
0.005418512
0.005549811
0.00462057
0.004632155
0.004841153
0.00476915
0.004575225
0.005861787
0.004589049
0.005252588
0.00437458
0.005292301
0.004791391
0.005474353
0.004246833
0.004496247
0.004621755
0.00515412
0.005143496
0.00497834
0.00483056
0.004284369
0.004109869
0.004873665
0.005760825
0.005133736
0.005513714
0.005047686
0.004521336
0.003473948
0.005585332
0.004016811
0.002878572
0.003744899
0.00450556
0.004227312
0.00519489
0.004341843
0.004331699
0.004714461
0.004624346
0.005397679
0.005348526
0.004832928
0.004283569
0.005040294
0.003517213
0.003900935
0.004494135
0.00399041
0.004566457
0.004925858
0.005677142
0.003791077
0.004633147
0.004728158
0.003578047
0.004753598
0.005458129
0.004711645
0.003628256
0.003967497
0.00497498
0.00475475
0.005963934
0.004572793
0.004084972
0.005143881
0.005255308
0.005773049
0.003649345
0.005291404
0.005389775
0.004577081
0.004189903
0.004736734
0.00421864
0.004624474
0.004228848
0.004409301
0.004548312
0.004691132
0.004824288
0.002798634
0.00355539
0.004150798
0.004122029
0.004144174
0.004151438
0.004092109
0.004654107
0.00477795
0.004627675
0.004017706
0.004426774
0.003989481
0.005153768
0.004410389
0.003072209
0.003632929
0.004416437
0.004533656
0.004088845
0.005625974
0.00276273
0.004607002
0.004527832
0.003394394
0.004692764
0.005082822
0.00528558
0.004352243
0.003936072
0.003669441
0.003883399
0.005080935
0.005120648
0.004811935
0.003931368
0.00377642
0.00408238
0.004536377
0.003844646
0.003872551
0.004019178
0.004558616
0.004589914
0.004771871
0.004338483
0.004097356
0.004631579
0.004487703
0.004805439
0.005663222
0.004754014
0.00498682
0.004549753
0.003817157
0.004362099
0.004189007
0.003242838
0.003579583
0.00407582
0.005221355
0.004237808
0.004031115
0.003836134
0.00473507
0.004738813
0.004567097
0.005301292
0.004483383
0.004262161
0.004689948
0.004703901
0.003917992
0.005074503
0.002960463
0.004069164
0.004304242
0.003842406
0.003881255
0.004621787
0.003712066
0.003900679
0.004087564
0.004905218
0.005409263
0.004957859
0.004330578
0.004124749
0.004157646
0.004332371
0.004855905
0.004937858
0.002937966
0.003058161
0.004985572
0.004945891
0.005407728
0.004983108
0.004399668
0.004031563
0.004497015
0.005214443
0.003482013
0.004887265
0.004822848
0.003421435
0.004514839
0.004507063
0.00401393
0.003710882
0.004654332
0.003814789
0.004140782
0.005023973
0.004246385
0.004610682
0.004297682
0.005036421
0.005913084
0.004988292
0.004418005
0.004288658
0.003292919
0.004063339
0.004239665
0.00369917
0.002793354
0.004251024
0.003696769
0.004685405
0.003701026
0.003414011
0.003813541
0.003586239
0.004607291
0.00423528
0.004434934
0.003840006
0.004191984
0.003626368
0.004766335
0.003596032
0.004805471
0.003204725
0.005047333
0.003896552
0.00331676
0.003914471
0.004376276
0.00392132
0.00401521
0.004592761
0.004192143
0.00262119
0.003399642
0.004394101
0.002774122
0.003998922
0.004254673
0.003142451
0.004279378
0.003690498
0.003646752
0.003902119
0.004614202
0.004711229
0.003750756
0.003949961
0.003483452
0.004034315
0.004137421
0.00340009
0.004331314
0.004412309
0.004020779
0.00402353
0.003442971
0.003605183
0.003552766
0.004608378
0.004488279
0.003003824
0.003445595
0.003230933
0.00413387
0.00421224
0.004326899
0.003635489
0.004628922
0.004487543
0.003716386
0.003532766
0.003674593
0.0042228
0.002939278
0.003618879
0.003278551
0.00361264
0.004041771
0.004127693
0.004451222
0.004253105
0.004424085
0.004193263
0.003072529
0.004861025
0.004216496
0.003033456
0.004136174
0.003529597
0.005577555
0.005567092
0.004138862
0.00431525
0.004256561
0.004792895
0.004018634
0.004073772
0.003900039
0.004026347
0.003606175
0.004014954
0.004358068
0.003407195
0.003954473
0.004001546
0.003806276
0.004386644
0.004483671
0.002817899
0.004278897
0.003953609
0.003985994
0.004859905
0.004424053
0.004186159
0.003843366
0.003805988
0.0037433
0.002655559
0.003833125
0.003508925
0.003738947
0.002764169
0.003909191
0.004615674
0.00331004
0.003691266
0.003824325
0.003728163
0.003824805
0.004705852
0.003256182
0.003318808
0.00382263
0.003707746
0.004157486
0.00457705
0.003139731
0.004570585
0.003734723
0.005146569
0.004722269
0.00442111
0.003767108
0.002933869
0.004437622
0.002657446
0.003934504
0.003883175
0.003858375
0.002734088
0.00462841
0.003862022
0.003025776
0.003637889
0.003530206
0.005717623
0.003604031
0.003779909
0.003075538
0.004010602
0.0040571
0.002146617
0.004094444
0.00234531
0.002741865
0.004161358
0.004440693
0.004836705
0.002769834
0.002898541
0.003965449
0.003803109
0.003507485
0.003463484
0.003949609
0.004201807
0.003635584
0.003468668
0.003932424
0.00357507
0.003650593
0.004438517
0.003404283
0.00399473
0.003182228
0.00341305
0.003729955
0.004546617
0.002296509
0.002788362
0.00429189
0.003093074
0.003689186
0.003194325
0.003415387
0.003447131
0.00265031
0.003873799
0.00324495
0.003889255
0.003777124
0.004402261
0.004251249
0.003822341
0.003970441
0.004060235
0.003623872
0.007553128
0.002852811
0.003162068
0.004277073
0.004570073
0.003196501
0.004292242
0.003300056
0.003421627
0.003233334
0.003126291
0.00334204
0.003512989
0.003734915
0.00330476
0.003283319
0.002534819
0.004202416
0.002599269
0.004285297
0.004027275
0.003434203
0.003682529
0.003261591
0.00392052
0.003539902
0.00401009
0.003596319
0.003402458
0.004022699
0.002265212
0.00363264
0.003895336
0.003450492
0.003433147
0.00262615
0.0034807
0.002965743
0.003256439
0.003404763
0.002916814
0.003195572
0.002945422
0.003106738
0.00287294
0.002868716
0.002798474
0.00210924
0.002744648
0.003362841
0.002579557
0.003371674
0.002949358
0.003730851
0.004088652
0.002841643
0.003656129
0.003691938
0.004642747
0.003442267
0.00295403
0.00368429
0.002593572
0.002886732
0.003213334
0.003064754
0.002950735
0.00421688
0.002962479
0.002694599
0.002663527
0.003322488
0.003494429
0.004271954
0.002665638
0.003215509
0.001865906
0.002838475
0.00286414
0.002886412
0.002256315
0.003215318
0.003008304
0.001784815
0.004771743
0.003056017
0.002689063
0.003048849
0.002772394
0.003121107
0.003079922
0.003867047
0.00273316
0.003483869
0.002980911
0.00249261
0.003218709
0.002994864
0.002685991
0.002852427
0.001678924
0.003480284
0.004013227
0.003788869
0.003370681
0.003671873
0.003377082
0.00309813
0.003971049
0.002087863
0.002140025
0.00361104
0.0036072
0.002951406
0.002488514
0.001949011
0.002058743
0.001406182
0.002349694
0.002624325
0.002849611
0.003574239
0.002169529
0.002888268
0.002841739
0.002905133
0.002628486
0.002660678
0.002950286
0.003366361
0.003086482
0.002807018
0.002685671
0.004041035
0.000969977
0.003206325
0.003109938
0.003300727
0.002829739
0.002827467
0.003235446
0.002213115
0.003012976
0.002843563
0.001899698
0.00349254
0.001962516
0.00354243
0.002695431
0.003079666
0.003634368
0.002581444
0.0023864
0.002812235
0.002440001
0.002191002
0.002280701
0.003473532
0.003159443
0.003226293
0.002851851
0.002806667
0.00174715
0.003759108
0.001355108
0.002809194
0.002444192
0.002880076
0.003294391
0.00299816
0.002470817
0.002648359
0.002743433
0.003779076
0.003345048
0.004054508
0.002082999
0.003030224
0.002913485
0.003496989
0.002605317
0.001282562
0.00271364
0.002495778
0.003661441
0.003865031
0.003016496
0.002462625
0.0025545
0.002329533
0.00258922
0.002723593
0.002652775
0.00254058
0.001561034
0.001791504
0.003062289
0.00333724
0.002934958
0.002473985
0.002300797
0.003071537
0.002063351
0.002283837
0.002900909
0.002026614
0.00205247
0.001759279
0.002193114
0.001854225
0.002838475
0.002413024
0.002411712
0.002815307
0.002712391
0.001938611
0.002764297
0.002591941
0.002218107
0.002225915
0.002997391
0.00230259
0.002814251
0.003377914
0.002491874
0.003145171
0.001747758
0.002461634
0.002920814
0.002621957
0.002520867
0.002928589
0.002044727
0.002846539
0.002658566
0.002400928
0.002853932
0.003061297
0.002870124
0.003561215
0.002614277
0.002679015
0.002899853
0.00219433
0.002830187
0.001864497
0.001915059
0.002731689
0.0035968
0.002404096
0.002487746
0.002776234
0.004044779
0.003350777
0.00299416
0.002530084
0.002527523
0.002322334
0.003120306
0.002617381
0.002229275
0.003035473
0.001678477
0.00210156
0.002069783
0.002479617
0.002407584
0.00275793
0.002888653
0.00294187
0.002228027
0.001914258
0.002446049
0.002692232
0.005042278
0.002709448
0.00311397
0.004288305
0.001997877
0.00254954
0.002270109
0.00256938
0.002974607
0.002519843
0.00377322
0.002680583
0.004128813
0.002868268
0.002177082
0.002245051
0.001819345
0.001358116
0.00310997
0.003209013
0.001892498
0.002871116
0.002742473
0.002725128
0.00185685
0.001206816
0.002487746
0.002601701
0.001913331
0.003528989
0.00354611
0.002193562
0.003502429
0.002064023
0.001846801
0.001885746
0.003853222
0.00310197
0.001889202
0.003297079
0.001772047
0.001669068
0.001850225
0.002430848
0.00210284
0.002712872
0.002846732
0.00166926
0.002917901
0.002452289
0.002679559
0.002655399
0.002977007
0.003498397
0.002534755
0.002216827
0.002116472
0.003063633
0.002830028
0.001801936
0.001943347
0.001942036
0.002486626
0.002113432
0.002966543
0.002231547
0.002266972
0.002757353
0.001290466
0.002836619
0.001640812
0.002122776
0.002338494
0.001759023
0.002745673
0.001645772
0.001836816
0.002150809
0.002697991
0.003182036
0.001507144
0.002697448
0.002475874
0.002191258
0.002982511
0.002417632
0.001989493
0.00248829
0.001895634
0.001688172
0.003219125
0.000604624
0.00150484
0.000961913
0.003572671
0.001252034
0.002717544
0.001955092
0.001667916
0.002069655
0.002365791
0.002110968
0.002038998
0.002168953
0.001779791
0.002165881
0.002410592
0.002517187
0.002460225
0.002409088
0.002178394
0.002002453
0.001549449
0.002829611
0.002431488
0.001646667
0.001838865
0.001654603
0.002278877
0.001217953
0.002540387
0.00203519
0.001895475
0.002809099
0.002276092
0.002136889
0.002128632
0.001674061
0.002936366
0.000801525
0.002021782
0.002161785
0.001270465
0.001611595
0.001564073
0.001792783
0.002127897
0.000569231
0.002268925
0.001430054
0.002164954
0.001329251
0.00186581
0.001413382
0.001523017
0.002060663
-1.92e-07
0.002280829
0.002079415
0.002377087
0.002555619
0.002663974
0.001281538
0.001883826
0.001622123
0.000582479
0.001732334
0.002899117
0.000583344
0.001710541
0.000365898
0.001044508
0.002170937
0.002044566
0.002456898
0.001814064
0.001199071
0.000731284
0.002396575
0.002463905
0.002986
0.002352126
0.001912723
0.00144791
0.001761551
0.002684967
0.001820273
0.0015266
0.001583018
0.002234364
0.002441697
0.001423237
0.00151956
0.001403718
0.001661292
0.00167422
0.000820246
0.002013846
0.000947322
0.002096216
0.001882322
0.00083103
0.002206842
0.002031542
0.002034325
0.001733134
0.003157108
0.00212268
0.000723667
0.001800048
0.000598832
0.000214598
0.001820304
0.00150308
0.002064663
0.002305022
0.00186597
0.00188037
0.002318781
0.001874322
0.001199392
0.000202725
0.001508168
0.001360996
0.001903346
0.001920403
0.00203647
0.001372356
0.002204442
0.001943412
0.001976212
0.001848625
0.002218107
0.002079255
0.002201339
0.001646699
0.001482279
0.002340862
0.000500269
0.002137849
0.001308514
0.001259905
0.00131277
0.001960788
0.00211996
0.001396645
0.001717549
0.002339454
0.001471207
0.00238912
0.001325571
0.001737646
0.001704365
0.001782191
0.002164761
0.001965012
0.00236771
0.001985556
0.002467329
0.001247361
0.001528296
0.001444999
0.001280866
0.002344926
0.001853457
0.00111939
0.001991317
0.002195547
0.001524712
0.001579658
0.001847249
0.002789866
0.002310398
0.001598346
0.001524361
0.001272609
0.000267272
0.00217977
0.00213532
0.001836433
0.000436235
0.001454918
0.000577168
0.001752143
0.001351844
0.002158874
0.001190912
0.002402496
0.002416704
0.001174816
0.00070613
0.002995344
0.00173915
0.00285742
0.002135544
0.002259388
0.00143111
0.001271554
0.002585348
0.000872343
0.001426374
0.001668332
0.000685747
0.00074098
0.001636652
0.001099102
0.001841521
0.002425505
0.00235859
0.000913048
0.0012176
0.0017916
0.002023477
0.001973684
0.0011976
0.00294491
0.003174356
0.001521416
0.000542831
0.000918104
0.001292706
0.001031675
0.001128254
0.001918547
0.00066437
0.001848561
0.00066341
0.001473607
0.001581066
0.0016243
0.001491847
0.001265857
0.001830289
0.000531406
0.002177178
0.001788303
0.002479649
0.000289767
0.001412262
0.001947315
0.000564655
0.000432971
0.000902232
0.001554953
0.001492487
0.00098153
0.001685421
0.001314915
0.001450694
0.002202459
0.000840406
0.001821969
0.001265985
0.001751247
0.001626284
0.002051767
0.000685106
0.001387941
0.001553994
0.000453388
0.001211969
0.001240896
0.003063345
0.001708077
0.001858897
-0.000109315
0.001394117
0.001724846
0.001377477
0.002247771
0.001218656
0.000816534
0.002019445
0.00036625
0.001391749
0.001986133
0.000840823
0.000846519
0.000373386
0.001169855
0.002387199
0.001820048
0.00195234
0.000692851
0.000402763
0.002513283
0.001599883
0.001408197
0.000791445
0.000715315
0.002071927
0.000463309
0.001382468
0.001275425
0.000943577
0.001187264
0.000853815
0.002144537
0.001838225
0.002211066
6.4e-08
0.001028027
0.00151028
0.002334366
0.000491053
0.001123582
0.000686738
0.000870935
0.002464001
0.000590768
0.000300488
0.001543241
0.002113496
0.002589893
0.000942393
0.001443046
0.001109917
0.001702413
0.001965812
0.001303779
0.00095913
0.001342659
0.000783157
0.000528686
0.001891378
0.000564047
0.000556911
0.00126733
0.000102723
0.000941849
0.001318595
0.00032116
0.001185087
0.000220678
0.001404549
0.000913305
0.002202554
0.000916536
0.001172223
0.000574223
0.000829334
0.000594448
-0.0004507
0.001831889
0.000687539
0.001175935
0.001179071
0.001334916
0.0003026
0.001536008
0.00174459
0.001316323
0.001025148
0.000972218
0.001079101
0.00192069
0.001891794
0.002157593
0.001543593
0.000102947
-0.000232934
0.000661074
4.48e-07
-2.144e-06
0.00150356
0.000598576
0.001327459
0.000572559
-0.000123075
0.000566735
0.000730932
0.000581103
0.000224742
0.0004531
0.000103331
0.000606032
0.002704871
0.000664786
0.000477357
0.001199936
0.001388165
0.001041404
0.002285661
0.001601227
0.001288546
0.002257436
0.000521902
0.000145988
0.000274887
0.000249158
0.001737614
0.001057948
0.001806096
0.002160921
0.001788336
0.000665842
0.00044686
0.000562831
0.000459148
-0.000105666
0.000111747
0.001350628
0.000137603
0.00150756
0.00106534
0.00112067
0.001824721
0.000358185
-0.000683282
0.000125187
9.8754e-05
0.000203686
0.000867575
0.000962138
0.00095321
0.000626992
0.000877047
0.001562537
1.9424e-05
0.00042494
0.000171716
0.000163492
0.000582224
0.00037073
0.000754612
0.000726227
0.001776048
0.001640555
0.000177733
0.000255047
0.000139556
0.001294018
0.000274119
0.000892759
0.000124803
1.3472e-05
0.000629008
0.000666322
0.000587055
-0.000118467
-6.4e-08
0.000729907
0.000852343
0.001180512
0.000627504
0.001304578
0.000127396
0.001112734
0.001680812
0.000933081
0.000282183
-0.000337993
0.001036155
0.000586608
0.001114749
0.00158353
-0.000440876
0.001345988
-0.000259846
-0.000138628
0.001313443
7.933e-05
0.00137626
0.000339305
0.000708851
6.8098e-05
0.001463846
0.001472455
0.000331752
0.00066229
0.00057624
-0.000100579
0.000238598
0.00058968
0.000941081
0.000524046
0.000204454
0.001317891
0.000450124
0.000229318
-0.000119939
0.001095709
0.000837782
0.000262215
0.002255356
0.000425739
0.000146564
0.000139524
0.000358506
0.000570511
0.000817365
0.000612272
0.000129411
0.000347306
0.001315523
-0.000383594
0.000563567
0.001228352
0.000201477
0.00023879
0.001495368
0.001310818
-0.000364297
0.000108707
0.00014042
0.001207392
0.001267905
0.000803382
0.000867767
7.36e-07
0.000647761
0.00022759
0.000761492
0.000739219
0.000484813
0.00173851
0.000561551
0.000343593
0.001254401
-0.000819317
0.001573194
-3.2e-07
0.000806198
0.000810069
0.000828822
0.000567119
9.6e-08
0.000742483
0.000669074
0.00067685
0.000554959
-0.000101123
0.000229766
0.001068541
0.000914264
-0.000424907
0.000771989
0.000707794
0.000333257
0.000458221
0.000334409
0.000877111
0.000841462
9.7859e-05
0.001284131
-0.00062712
-0.00022951
-0.000592368
0.0003298
0.000484653
0.000226214
5.6257e-05
-0.000345674
-3.84e-07
0.000234374
0.000748275
0.000222854
-0.000226918
0.00031892
0.001222721
0.001081917
0.001135838
3.2e-07
0.000440203
0.001745934
0.000374218
0.00078562
0.000579471
0.000546479
0.000138308
-0.000355274
-0.00022743
1.28e-07
0.000467597
0.000881783
0.000596688
-6.6178e-05
0.000588304
0.001626475
-0.000842294
0.000570031
0.000227846
5.44e-07
0.000573967
0.0006084
-0.000437996
0.001314659
-0.000594672
-0.000436716
0.00099865
0.000236519
9.277e-05
-0.000213638
5.933e-05
0.000186853
0.000187397
-0.000140164
-1.3472e-05
-0.001579658
6.9954e-05
0.001648939
0.000470092
0.000606704
0.000352361
0.000907416
-9.6e-08
0.000520173
0.0001809
-0.000382378
0.001114077
-0.000899544
0.000444139
0.000821334
-0.000483405
2.4225e-05
-9.3186e-05
-0.000191525
0.000120675
-0.000119299
0.000621681
-0.000348329
0.000209062
6.4e-08
0.000677458
0.000121411
-0.001222656
0.000225478
0.000105635
-0.0001377
0.000120356
0.000687987
-0.000239974
0.000204678
0.00022199
0.000133668
0.000208006
0.000342569
0.000419339
-0.000675346
-0.000117059
-0.000472044
-0.000557071
-0.000336457
-0.000714195
-0.000222534
0.000334217
-0.000561743
0.000114211
-7.5842e-05
0.000128483
-0.000244359
-0.000524526
-0.000464397
0.000417452
0.000371497
0.000333449
0.000109219
0.000116675
0.000247782
-0.00037073
-6.8161e-05
-0.001192831
-0.000810357
-5.44e-07
-0.000323593
-0.000500109
-0.000700627
-0.000256487
0.000195173
0.000156964
0.000412299
0.000490893
-1.6641e-05
0.000314312
0.000329353
-0.000238374
-0.000137155
7.0146e-05
-0.001828913
0.000132931
-0.000152356
0.000450124
0.000119043
-1.152e-06
-0.000210726
-0.000349289
-0.000118371
0.000349162
6.4e-08
0.000626417
-0.000448076
-0.000321192
6.88e-06
-4.48e-07
-0.0011856
0.000553774
0.000118019
0.000109795
0.000118691
0.000108195
0.000350761
0.00060328
-6.0257e-05
-0.000121219
0.000214566
-0.001378948
-0.000207941
0.000211397
-0.000253895
-0.000106435
0.000119075
0.000223462
0.000109859
-0.000348137
-0.000236326
-0.000572944
-0.001010683
-0.00069733
-0.000600976
-0.001040795
-0.000228646
-0.000335625
-0.000380042
-9.9426e-05
-0.000550158
-0.000825366
-0.000679826
0.000118755
0.000203557
-0.000102978
0.000214214
-0.000545135
-0.000711539
-0.001223456
3.2e-08
-0.001491752
-0.00043246
-6.1473e-05
-6.7394e-05
-0.000663569
0.00014426
-6.2977e-05
-6.749e-05
0.000125187
-5.1937e-05
-0.000307688
0.001580586
-0.001251521
0.000568367
0.000233926
-0.000104739
-7.424e-06
0.000183909
0.000624432
-0.001244481
0.000143364
-0.001172639
-0.00095193
-0.001693997
-0.00023959
-0.001374117
0.00010125
-0.000356105
8.96e-07
-0.000103458
0.000562927
-2.368e-06
-0.000496301
0.00021767
-0.000235366
0.00023031
-0.00169867
0.00014154
0.000565039
0.000456332
3.52e-07
0.000264647
1.3984e-05
0.000103427
-0.001468359
-0.000472396
-0.001329731
0.000412683
-0.00067013
0.000804661
-0.000768117
-0.001837009
0.000253287
0.000510637
-0.000942137
-0.001094301
0.001468711
-0.000887672
-0.001857233
0.000170181
0.000502446
-0.000783733
0.003978537
0.00046158
-0.000739315
-0.000666194
-0.000971162
-0.001314243
-0.000272551
-0.001265922
-0.001425638
-5.057e-06
-0.000328457
0.000224582
-0.000712627
-0.001110045
-0.00228406
0.00029028
-0.001537673
0.000234758
-0.00045038
-0.000533486
-0.001326404
-1.4048e-05
-0.000236102
-0.00082447
0.000448844
-0.000877879
-0.000241607
-0.000638673
-0.000228102
-0.000829782
-0.000598192
-0.000217254
-0.000147876
-9.6099e-05
0.0
-0.001515337
-6.4578e-05
-0.001245441
-0.001901715
-0.000647857
-6.6562e-05
-0.000526254
-0.000212774
-0.000205797
-0.001351588
0.000360105
-0.001128894
-0.001718926
0.000120644
0.000226342
-0.000624304
0.000165124
-7.213e-05
-0.001297282
-0.001083421
-0.000235783
-0.001196351
-0.000765173
-0.001993333
-0.00105654
-0.00095097
-0.00158817
-0.000699122
0.000344105
-0.000697907
-0.00163134
-0.00023223
0.000220998
-0.000495501
-0.001313315
-0.001383461
-0.000109347
-0.001282082
-0.001302403
-0.000109219
-6.4e-08
-0.001761711
-0.001376356
-0.000256583
-0.001535561
-0.001055388
-0.001412837
-0.000719219
-0.000786389
-0.000813078
-0.001147998
-0.000928473
-0.001297346
-0.000863735
-0.00090172
-0.001533321
-0.001301442
-0.00066901
-0.000824182
-0.000810901
-0.001040604
-0.001714478
-0.001476007
-0.000787541
-0.000532142
-0.001431302
-0.001871186
-0.001594666
-0.000248039
-0.001243105
0.000115235
-0.000592176
-0.000487757
-0.000848438
-0.000214213
-0.000119459
-0.000650353
-0.000315432
-0.000233862
-0.000722452
-0.001451398
0.000100547
-0.001992373
-0.000578032
-0.000330057
-0.000475021
5.44e-07
-0.001450183
-0.001140766
-0.001390053
-0.001404005
-0.000433995
-0.000101603
-0.000341513
-0.001476391
-0.001905843
-0.0003002
-0.000959418
0.000665809
-0.00162814
-0.001111294
-0.001284162
-0.000893271
-0.001229729
-0.000920024
-0.000648817
-0.001181759
-0.001053468
-0.000131459
-0.000261671
-0.00035329
-0.00013578
-0.001286434
-0.00149668
-0.002659238
-0.002028822
-0.002810891
-0.001411813
-0.000844086
-0.001627947
-0.001740238
-0.0016563
-0.001540425
-0.000686835
-0.000343305
-0.000989402
-0.000646129
-0.00055227
-0.001240801
-0.000800757
-0.00134074
-0.000465196
0.000442124
-0.00175051
-0.001816016
-0.001124286
-0.000900376
-0.001218881
-0.001339747
-0.000216326
-0.000898231
-0.001191711
-0.001886994
-0.001693453
-0.001454535
-0.001349284
-0.000975994
-0.000250374
-0.000574479
-0.001623211
-0.001893362
-0.001039516
-0.001872018
-0.000216582
-0.000652433
-0.000691283
-0.000959481
-0.001831376
-0.00188613
-0.001212928
-0.000575183
-0.000893015
-0.000439755
-0.000218182
-0.000470029
-0.001211296
-0.002055318
-0.002686855
-0.001923027
-0.001985588
-0.001734254
-0.000504461
-0.000717683
-0.001220321
-0.000988218
-0.000125027
-0.001537929
-0.001252417
-0.000852375
-0.001116606
-0.001322851
-0.001290338
-0.001562826
-0.000768116
-0.001608235
-0.001302499
-0.000982074
-0.001816305
-0.000548238
-0.000365706
-0.000644081
-0.001001563
-0.000436299
-0.001475463
-0.001387396
-0.000584559
-0.001146302
-0.0010543
-0.000386154
-0.000473549
-0.001487015
-0.001861874
-0.001539561
-0.001675885
-0.001124477
-0.001696653
-0.001502439
-0.000323049
-0.001617387
-0.001947604
-0.001314819
-0.001225152
-0.001376965
-7.5074e-05
-0.00235059
-0.001270946
-0.000207462
-0.00075954
-0.000747572
-0.000497997
-9.917e-05
-0.001765455
-0.001458663
-0.001390181
-0.000640881
-0.002238779
-0.001978965
-0.001828689
-0.000663794
-0.001245441
-0.000458348
-0.001575434
-0.001798608
-8.7554e-05
-0.001237729
-0.001334724
-0.000897239
-0.001399077
-0.001387493
-0.001722542
-0.000814006
-3.5009e-05
-0.001514537
-0.001257953
-0.001607115
-0.001857457
-0.001956724
-0.001881426
-0.001154943
-0.000946297
-0.001275169
-0.001768367
-0.001213632
-0.000771892
-0.000541775
-0.00080383
-0.001027675
-0.000901144
0.000526766
-0.00189141
-0.001754766
-0.001683021
-0.001190335
-0.001159135
-0.001826833
-0.002326621
-0.000841014
-0.00104358
-0.001999573
-0.001093853
-0.001366628
-0.001969524
-0.000697299
-0.001110525
-0.001028763
-0.000908792
-0.002121144
-0.002091799
-0.000996474
-0.001222433
-0.002093112
-0.001596555
-0.00080447
-0.001456423
-0.001541833
-0.000609712
-0.002171514
-0.000842198
-0.001925075
-0.001080764
-0.001333476
-0.001376421
-0.00156817
-0.001658477
-0.001539337
-0.002855052
-0.001322627
-0.001755918
-0.002803179
-0.002074295
-0.001492231
-0.00115107
-0.002168345
-0.000214822
-0.001835729
-0.001870706
-0.000934553
-0.002668967
-0.001085565
-0.001486248
-0.001680333
-0.001398469
-0.001922323
-0.002057687
-0.001929619
-0.001318787
-0.001926387
-0.000862327
-0.000704947
-0.002312765
-0.001614219
-0.001778607
-0.002040631
-0.001916019
-0.001758255
-0.001979093
-0.000850231
-0.001448007
-0.001757199
-0.001303235
-0.002863436
-0.002796939
-0.002196699
-0.00188229
-0.002353502
-0.003093426
-0.001822576
-0.002445313
-0.001764655
-0.001928788
-0.002626502
-0.001103006
-0.001839665
-0.002219259
-0.001792879
-0.001802479
-0.002331966
-0.001688013
-0.001236065
-0.00085039
3.2e-08
-0.001493608
-0.002901549
-0.001830864
-0.001396261
-0.002038646
-0.001232609
-0.000495374
-0.002317502
-0.000706707
-0.001182816
-0.001552553
-0.001801296
-0.001699693
-0.002304797
-0.003073458
-0.002401471
-0.001479335
-0.002436929
-0.002257564
-0.001052476
-0.001304291
-0.001638923
-0.002288925
-0.001739375
-0.002024598
-0.002688808
-0.001639916
-0.002245436
-0.002755785
-0.002891917
-0.002159546
-0.001420646
-0.000675986
-0.000216038
-0.003016944
-0.003016976
-0.002306717
-0.002811115
-0.000991387
-0.001871762
-0.002243548
-0.001306882
-0.001422374
-0.001970228
-0.002330174
-0.001938164
-0.002898381
-0.001721486
-0.001597611
-0.002396991
4.48e-07
-0.001876114
-0.001898546
-0.00292315
-0.002263612
-0.002705736
-0.00217353
-0.002124184
-0.001857713
-0.001277826
-0.001272962
-0.002100279
-0.002239772
-0.002134968
-0.002385887
-0.002125784
-0.001171583
-0.002049239
-0.002981232
-0.002488483
-0.00266759
-0.001949011
-0.002307134
-0.0021286
-0.001182111
-0.001303906
-0.002396863
-0.001379876
-0.002182586
-0.00270788
-0.002485186
-0.001673868
-0.00135754
-0.001063229
-0.00134618
-0.003910824
-0.002782442
-0.0014882
-0.001639244
-0.002538819
-0.002212826
-0.002548899
-0.00300312
-0.002231035
-0.002688999
-0.003013904
-0.002745353
-0.001754734
-0.001468263
-0.001753806
-0.001778959
-0.001665676
-0.003344121
-0.002527491
-0.002585029
-0.001522056
-0.002038294
-0.002009014
-0.002404096
-0.002729801
-0.002167642
-0.00250477
-0.002052727
-0.002308733
-0.001982292
-0.00170619
-0.000743828
-0.002677447
-0.001166047
-0.002830795
-0.001993269
-0.002830955
-0.0045126
-0.003204341
-0.002750985
-0.001221761
-0.002603077
-0.001885778
-0.001498599
-0.001897203
-0.00189445
-0.002490083
-0.002854252
-0.002296061
-0.00119136
-0.00205583
-0.003382458
-0.001997525
-0.002971695
-0.00218137
-0.002545347
-0.001982964
-0.001301571
-0.002414624
-0.002479362
-0.002104472
-0.001908915
-0.003402362
-0.00257706
-0.002760361
-0.002163322
-0.001694253
-0.002469505
-0.002507299
-0.002173882
-0.001749742
-0.002637926
-0.002313565
-0.002556484
-0.001530089
-0.001800976
-0.001833905
-0.002360766
-0.001746479
-0.002910158
-0.002475809
-0.001765327
-0.001735854
-0.003056497
-0.002542788
-0.002298365
-0.002710184
-0.001757999
-0.001519432
-0.001896018
-0.002426272
-0.001554378
-0.00263591
-0.002352894
-0.001774767
-0.002175065
-0.002025302
-0.001637995
-0.002082135
-0.001762991
-0.00219881
-0.00277825
-0.002601477
-0.002588293
-0.00263975
-0.002248732
-0.00240736
-0.002300189
-0.001336579
-0.003909224
-0.001534537
-0.003010672
-0.001998165
-0.002294173
-0.002230812
-0.00262775
-0.00210332
-0.002034646
-0.002283004
-0.001849169
-0.002142457
-0.002402464
-0.002152633
-0.002799114
-0.002755913
-0.00178536
-0.002324414
-0.002316573
-0.001701837
-0.002010038
-0.001686221
-0.002748617
-0.002569316
-0.0031829
-0.002242075
-0.002963919
-0.001809744
-0.00207884
-0.001930291
-0.00232979
-0.002625478
-0.002510563
-0.00263127
-0.00316242
-0.002427936
-0.002467266
-0.00273188
-0.001775087
-0.002769034
-0.00308709
-0.003320248
-0.002169786
-0.003905927
-0.002450401
-0.002420704
-0.002587653
-0.002651526
-0.002314173
-0.003295832
-0.001811985
-0.001850609
-0.00130669
-0.002708776
-0.00251325
-0.003140403
-0.001760495
-0.00336425
-0.0019725
-0.00231571
-0.002957711
-0.002067831
-0.003350841
-0.002327518
-0.001913107
-0.002178234
-0.002094775
-0.00245853
-0.002441953
-0.002892269
-0.002636902
-0.00294891
-0.00277281
-0.002683303
-0.001943795
-0.002962703
-0.002873037
-0.002745737
-0.002777162
-0.002638694
-0.00278769
-0.003168596
-0.002880844
-0.003132884
-0.003534142
-0.002734057
-0.00287822
-0.002518499
-0.002556772
-0.002695144
-0.002786666
-0.00120672
-0.001882194
-0.003134995
-0.004068268
-0.002523907
-0.003291095
-0.003322329
-0.003230934
-0.003644929
-0.002327326
-0.003244375
-0.003512158
-0.002608741
-0.003131956
-0.002316285
-0.002745961
-0.003327096
-0.002560644
-0.001662284
-0.00287694
-0.003432764
-0.00210556
-0.002964207
-0.002841195
-0.003022801
-0.003557855
-0.002961614
-0.001845905
-0.002817419
-0.003740739
-0.002825003
-0.002894477
-0.003239894
-0.002672103
-0.002648166
-0.00369485
-0.003722435
-0.003667874
-0.003376378
-0.002725736
-0.002703687
-0.002660967
-0.002459234
-0.003864327
-0.003577184
-0.002909965
-0.002719881
-0.003453019
-0.002973647
-0.003126867
-0.002789674
-0.003159028
-0.004149007
-0.003102674
-0.002962863
-0.00220921
-0.001798383
-0.003586944
-0.003275159
-0.002834603
-0.003124083
-0.003285591
-0.003303992
-0.002263612
-0.002536964
-0.002428673
-0.002571973
-0.002648583
-0.003689794
-0.003877703
-0.003259542
-0.00325071
-0.001550537
-0.002732041
-0.002600741
-0.004426325
-0.003212246
-0.002914094
-0.003478236
-0.003707266
-0.004394837
-0.003173716
-0.003209813
-0.00361232
-0.002543876
-0.003017744
-0.004947907
-0.004233808
-0.002411648
-0.003142291
-0.002540451
-0.00239856
-0.003811525
-0.003140499
-0.003066385
-0.002344062
-0.003869414
-0.002357535
-0.003869639
-0.002083575
-0.001958644
-0.003366618
-0.002687783
-0.005156201
-0.003977834
-0.003061681
-0.003630305
-0.004114733
-0.002217595
-0.003590911
-0.003357529
-0.002807882
-0.002727337
-0.003139763
-0.002375007
-0.003509438
-0.003648033
-0.002526435
-0.001581258
-0.002988815
-0.00226054
-0.003202037
-0.003932009
-0.002399584
-0.003751971
-0.003582847
-0.003231446
-0.003373593
-0.003604384
-0.003074258
-0.003703714
-0.003744484
-0.002167514
-0.003012848
-0.003975338
-0.00300264
-0.003783012
-0.003107827
-0.002259004
-0.002662791
-0.003635649
-0.001630667
-0.003804165
-0.003286583
-0.003844518
-0.003096434
-0.003571519
-0.002580356
-0.003739396
-0.004604378
-0.002887245
-0.002793962
-0.002957743
-0.003078865
-0.003328825
-0.003493885
-0.003490045
-0.003833958
-0.002522883
-0.002613125
-0.002051414
-0.002505475
-0.002283389
-0.003281687
-0.002731209
-0.0031629
-0.003051537
-0.003527389
-0.003523613
-0.003300728
-0.003934217
-0.003100626
-0.004478839
-0.003043025
-0.002323581
-0.003399419
-0.003540702
-0.002354943
-0.003543262
-0.002792394
-0.003875431
-0.00360896
-0.003084722
-0.003274871
-0.004384597
-0.003329912
-0.002803754
-0.001700109
-0.002980944
-0.002744393
-0.002827308
-0.003560127
-0.003088178
-0.003228182
-0.003462204
-0.004575417
-0.002661927
-0.002939118
-0.003476253
-0.003103602
-0.00435554
-0.003211573
-0.003379802
-0.003249462
-0.00285438
-0.003220085
-0.003210933
-0.003502685
-0.003457851
-0.003463516
-0.002230908
-0.003512765
-0.003054097
-0.003533726
-0.003478397
-0.002039991
-0.003225621
-0.003586239
-0.003824326
-0.003653825
-0.003060626
-0.004014058
-0.004541337
-0.003514494
-0.003282487
-0.003487677
-0.003886183
-0.004453207
-0.00355107
-0.004076076
-0.003267991
-0.003172308
-0.004590618
-0.003735107
-0.002583076
-0.003188597
-0.002743081
-0.001869745
-0.002463842
-0.00336665
-0.00338585
-0.003319288
-0.003557502
-0.002264092
-0.003668097
-0.00382839
-0.004967364
-0.003564927
-0.003429243
-0.003279927
-0.002989615
-0.00294027
-0.002639782
-0.003487869
-0.003474172
-0.003591551
-0.00471635
-0.002351903
-0.003879847
-0.003831462
-0.004425334
-0.002349758
-0.004446806
-0.004363572
-0.003475581
-0.003439067
-0.003502333
-0.003464733
-0.003634817
-0.003637729
-0.004371412
-0.004411477
-0.003456027
-0.003948553
-0.004028043
-0.004226417
-0.003570463
-0.004202448
-0.003344217
-0.002264413
-0.004418742
-0.00347318
-0.00356211
-0.004416054
-0.001937939
-0.00476195
-0.003072785
-0.003351609
-0.003775909
-0.00273188
-0.003630592
-0.003570719
-0.00371581
-0.003646657
-0.003886183
-0.004075373
-0.00383015
-0.00330988
-0.003462428
-0.006095618
-0.003558974
-0.004219664
-0.002904942
-0.003534014
-0.004444662
-0.003093874
-0.002971119
-0.002277692
-0.003388058
-0.003719555
-0.003778628
-0.003812901
-0.003411131
-0.004045452
-0.00373674
-0.003839974
-0.004220528
-0.004103917
-0.004284466
-0.002805098
-0.003703874
-0.00337433
-0.003110322
-0.003901064
-0.003053649
-0.003101074
-0.003857574
-0.004108685
-0.004028427
-0.004699901
-0.003606912
-0.004500247
-0.004589754
-0.003374522
-0.003532766
-0.003850118
-0.003977194
-0.005250795
-0.003861767
-0.004008779
-0.004672092
-0.003659457
-0.003421275
-0.003584767
-0.00330972
-0.00329964
-0.004951875
-0.003642593
-0.002394336
-0.00376234
-0.003581312
-0.004116078
-0.003824166
-0.003030289
-0.004086316
-0.005119752
-0.003250454
-0.005365935
-0.004876449
-0.004672509
-0.004610555
-0.004757983
-0.003816198
-0.003938536
-0.003617057
-0.003918216
-0.004235217
-0.004074764
-0.004165199
-0.004132014
-0.003393786
-0.003491485
-0.004788832
-0.003487868
-0.004598938
-0.003457916
-0.003415994
-0.004428757
-0.004563225
-0.004005034
-0.004424886
-0.004755455
-0.004141998
-0.004580858
-0.004553305
-0.003253431
-0.003328408
-0.00397889
-0.003460828
-0.004108526
-0.004827328
-0.005667318
-0.004585562
-0.004816256
-0.002906477
-0.003475068
-0.004837121
-0.003736932
-0.003342265
-0.003343576
-0.003049425
-0.003739395
-0.003699266
-0.003586912
-0.003600895
-0.003898792
-0.005444752
-0.004254225
-0.003938569
-0.004535288
-0.004197136
-0.004234512
-0.003453307
-0.004642139
-0.004651196
-0.004332147
-0.003861382
-0.004183375
-0.004611579
-0.00436226
-0.004472151
-0.003994058
-0.00401457
-0.006344073
-0.004492471
-0.003857446
-0.003949673
-0.003770212
-0.004880353
-0.002504802
-0.003469501
-0.003052657
-0.004956356
-0.004327667
-0.004345939
-0.004066892
-0.003771492
-0.003856646
-0.003732739
-0.004621467
-0.00323727
-0.004077452
-0.003476828
-0.004719069
-0.00497482
-0.002619909
-0.002482658
-0.003851494
-0.00442959
-0.004442422
-0.004863489
-0.004144334
-0.003875303
-0.003815334
-0.003353241
-0.004155278
-0.005606293
-0.003636801
-0.003696546
-0.0037433
-0.004722526
-0.004111086
-0.005480082
-0.00268004
-0.004179919
-0.004310483
-0.004227696
-0.003759748
-0.003806405
-0.004574969
-0.004529337
-0.004939395
-0.004541305
-0.004547097
-0.004536312
-0.004750591
-0.00491885
-0.005516434
-0.00400049
-0.004253681
-0.004357972
-0.005006149
-0.004383284
-0.004929507
-0.005225355
-0.004734974
-0.004409397
-0.003548318
-0.004878978
-0.005175754
-0.00487453
-0.002288701
-0.004709245
-0.003041425
-0.004802815
-0.003780068
-0.003095794
-0.004186319
-0.005813114
-0.004464279
-0.004626523
-0.005073319
-0.004445814
-0.003757476
-0.004397493
-0.003027088
-0.003967465
-0.005900476
-0.004195759
-0.004820193
-0.004300178
-0.003701698
-0.003894439
-0.003882919
-0.003073874
-0.005924605
-0.004282097
-0.003990922
-0.003378554
-0.004722238
-0.0043637
-0.003566943
-0.005105671
-0.003949129
-0.004195119
-0.005613557
-0.003989674
-0.004780863
-0.005945086
-0.004283474
-0.004383125
-0.004590714
-0.004849057
-0.003723459
-0.003917448
-0.002913357
-0.004785215
-0.004026219
-0.00410763
-0.005446097
-0.005132584
-0.00353795
-0.004126574
-0.004589818
-0.00366109
-0.003886695
-0.004040748
-0.00405198
-0.005538259
-0.005831803
-0.00429589
-0.005158409
-0.003623712
-0.004420597
-0.004135566
-0.00418936
-0.004456471
-0.004659452
-0.005290701
-0.004364692
-0.003380698
-0.004616379
-0.004542809
-0.005148297
-0.005742873
-0.003989706
-0.004896642
-0.004757374
-0.004393013
-0.004284305
-0.004458166
-0.004364276
-0.004186415
-0.004932675
-0.003740067
-0.005117832
-0.005797178
-0.004897122
-0.004123854
-0.005231019
-0.004842913
-0.004624571
-0.004680765
-0.003542239
-0.004491447
-0.004302163
-0.004014667
-0.005102344
-0.004417685
-0.003888328
-0.005003493
-0.004745086
-0.005850267
-0.004417941
-0.004547097
-0.00421944
-0.004473751
-0.004423733
-0.004942979
-0.005188042
-0.004766623
-0.004646107
-0.004243185
-0.00558082
-0.004948068
-0.005473329
-0.004341076
-0.004467415
-0.004892002
-0.005185449
-0.004666492
-0.004774431
-0.005116104
-0.004873026
-0.004968421
-0.004885122
-0.004795711
-0.005134153
-0.004910274
-0.004595258
-0.0043597
-0.005556692
-0.005950974
-0.004987556
-0.004587578
-0.004735742
-0.005956702
-0.005442673
-0.004896738
-0.004180847
-0.004816128
-0.005372814
-0.005162921
-0.004636123
-0.005119528
-0.005078023
-0.003999018
-0.004576058
-0.005801722
-0.004086029
-0.006118723
-0.005212522
-0.004941348
-0.004704061
-0.00626983
-0.005512018
-0.005085447
-0.00414107
-0.004049676
-0.005427377
-0.004745374
-0.004875522
-0.003917992
-0.00474243
-0.004323571
-0.004456374
-0.004496279
-0.004643452
-0.005985279
-0.005131272
-0.004825376
-0.005316589
-0.005083207
-0.005011525
-0.004660732
-0.005070023
-0.005417584
-0.005257772
-0.005205099
-0.005421648
-0.004731326
-0.005493266
-0.005259788
-0.005400496
-0.004343315
-0.004694301
-0.004828768
-0.004639675
-0.004604442
-0.004682973
-0.00474307
-0.004529336
-0.005229483
-0.005232171
-0.004969028
-0.0054132
-0.005602133
-0.004300946
-0.004297362
-0.00481424
-0.004495191
-0.004136686
-0.006247334
-0.004230192
-0.005453425
-0.004664924
-0.004477239
-0.005158057
-0.003269687
-0.005166889
-0.004873729
-0.005589844
-0.005393807
-0.005225579
-0.005380911
-0.005026373
-0.004466295
-0.006277671
-0.005095624
-0.004495191
-0.005436689
-0.00526734
-0.0055645
-0.005785946
-0.005467506
-0.005109672
-0.004868226
-0.004235792
-0.004968068
-0.005900925
-0.005185034
-0.004818848
-0.005999871
-0.006380137
-0.006145827
-0.004764894
-0.006651089
-0.005950686
-0.005754937
-0.005664214
-0.005700632
-0.005539955
-0.00327516
-0.004430486
-0.004629499
-0.005238891
-0.005451409
-0.005815675
-0.00548533
-0.005572788
-0.005031526
-0.004834272
-0.006050465
-0.004912451
-0.00446879
-0.005763033
-0.004511736
-0.004654588
-0.00474403
-0.004792287
-0.004962852
-0.005871228
-0.00564095
-0.005598229
-0.006266246
-0.005542259
-0.00564479
-0.005709848
-0.004406069
-0.004432181
-0.004673148
-0.005189802
-0.00616586
-0.006112867
-0.006290823
-0.005664567
-0.005245644
-0.004148782
-0.004861793
-0.005312013
-0.004968516
-0.004966084
-0.005090568
-0.004775807
-0.004877986
-0.005293069
-0.005217835
-0.005463666
-0.005006565
-0.005509778
-0.004862946
-0.005428465
-0.005245067
-0.005626742
-0.005278989
-0.004468311
-0.004691805
-0.005285932
-0.006056961
-0.006014112
-0.005436273
-0.005259083
-0.004396437
-0.004581626
-0.004567929
-0.00505927
-0.005330766
-0.00497386
-0.005320718
-0.004392053
-0.004570394
-0.005565236
-0.004945508
-0.004955716
-0.00480752
-0.006112771
-0.005851388
-0.005036742
-0.007105181
-0.005270957
-0.005934877
-0.00676818
-0.004680541
-0.005028678
-0.006717971
-0.005279948
-0.005819739
-0.005704792
-0.005889532
-0.005415504
-0.005588341
-0.005842683
-0.005324365
-0.006655089
-0.005087655
-0.005979007
-0.006050401
-0.005443249
-0.004989477
-0.004692093
-0.004741726
-0.006077281
-0.006329417
-0.004853473
-0.00466822
-0.006006719
-0.004874145
-0.006216518
-0.006020928
-0.00594995
-0.004668252
-0.005006373
-0.005219947
-0.005429488
-0.005672343
-0.005076519
-0.006542349
-0.007003163
-0.005398576
-0.006133251
-0.006894359
-0.005128136
-0.006398634
-0.005568948
-0.005265708
-0.005719768
-0.006615984
-0.005439409
-0.004946916
-0.005211979
-0.006641136
-0.005939517
-0.006287687
-0.005317261
-0.006128739
-0.007842641
-0.006277063
-0.006216165
-0.006943065
-0.006230437
-0.005944702
-0.005703608
-0.007029595
-0.006219301
-0.005977663
-0.006371498
-0.005077383
-0.006790452
-0.005568372
-0.00557154
-0.00698953
-0.00563215
-0.005514706
-0.006476332
-0.006450539
-0.007031099
-0.007405253
-0.006583855
-0.007393925
-0.005554132
-0.006427914
-0.005562516
-0.005373711
-0.004822337
-0.004988517
-0.006254406
-0.005492978
-0.007173183
-0.006216581
-0.005961599
-0.003742627
-0.005153673
-0.005509427
-0.005592085
-0.007263809
-0.005576532
-0.005955359
-0.007098108
-0.004458967
-0.005637238
-0.005766649
-0.007779439
-0.00624631
-0.007525
-0.007635307
-0.005743865
-0.005565428
-0.005042214
-0.005526003
-0.005719672
-0.005304045
-0.0054188
-0.005791226
-0.006125059
-0.005984767
-0.006382986
-0.006378793
-0.006358921
-0.005573972
-0.006279815
-0.005987839
-0.005476146
-0.006591568
-0.006054497
-0.006386154
-0.006315784
-0.005974879
-0.006048417
-0.005273388
-0.00608573
-0.005685911
-0.005007397
-0.004849697
-0.005457809
-0.006086722
-0.007076188
-0.006726547
-0.005188522
-0.005448785
-0.005385743
-0.004193328
-0.00574236
-0.006167236
-0.005092488
-0.005149833
-0.005716152
-0.005402096
-0.008024278
-0.005818843
-0.005468242
-0.00611469
-0.006399658
-0.006519534
-0.006034625
-0.005868764
-0.005795514
-0.005676727
-0.004348244
-0.004841953
-0.00579833
-0.005629493
-0.006025729
-0.006271431
-0.006165604
-0.006042753
-0.006524333
-0.007060988
-0.004442007
-0.007121117
-0.006064353
-0.005357934
-0.006831222
-0.00623463
-0.005591061
-0.004935907
-0.005544307
-0.005308781
-0.005225355
-0.005735896
-0.00565023
-0.00572188
-0.005526291
-0.005363374
-0.007653836
-0.00515761
-0.006948441
-0.005166282
-0.006126243
-0.005875388
-0.006257286
-0.006793812
-0.005698488
-0.007026395
-0.006896696
-0.005966975
-0.005911965
-0.006760724
-0.005975647
-0.006006752
-0.005695479
-0.00525486
-0.006311048
-0.00736666
-0.005532243
-0.005591636
-0.006534222
-0.00572028
-0.006445355
-0.006715186
-0.006181956
-0.005538068
-0.00559762
-0.006202821
-0.005836412
-0.005961087
-0.00641809
-0.006844918
-0.006509005
-0.006153252
-0.006938681
-0.006513357
-0.006945529
-0.006778676
-0.007324387
-0.005797563
-0.005910653
-0.005763354
-0.006114466
-0.006008128
-0.005984543
-0.007264065
-0.005994975
-0.00617402
-0.006256935
-0.006925048
-0.005676151
-0.006018144
-0.005649142
-0.005618582
-0.007330307
-0.00648926
-0.005636438
-0.005745017
-0.006301
-0.006008416
-0.006760468
-0.005929214
-0.005431985
-0.005620757
-0.006606128
-0.006842166
-0.005596757
-0.006110658
-0.006792757
-0.005677527
-0.00601088
-0.006166436
-0.005987519
-0.007031003
-0.006244519
-0.005906685
-0.006315048
-0.006527054
-0.00648814
-0.005362158
-0.006031488
-0.006197317
-0.007252065
-0.005190251
-0.006340809
-0.00606813
-0.006116419
-0.005742808
-0.005805914
-0.005350351
-0.006041824
-0.00556754
-0.006574735
-0.006808437
-0.0070495
-0.006888695
-0.006816405
-0.006433707
-0.006019008
-0.005662327
-0.005053542
-0.005532596
-0.006630928
-0.006373033
-0.006645361
-0.005678327
-0.006903384
-0.00572348
-0.005688279
-0.006976345
-0.005851068
-0.006308007
-0.006976601
-0.00613834
-0.006277991
-0.006669394
-0.007394277
-0.00683023
-0.005616534
-0.005536659
-0.005896989
-0.006320969
-0.006194949
-0.005967422
-0.006174212
-0.006395818
-0.007596522
-0.006414635
-0.00651771
-0.006571247
-0.006283111
-0.006099875
-0.005031014
-0.00609389
-0.00639217
-0.005879357
-0.006418378
-0.006664402
-0.006867639
-0.006411371
-0.006912952
-0.008191002
-0.006596623
-0.007346019
-0.006571662
-0.007033595
-0.006852022
-0.007229376
-0.00709014
-0.006300583
-0.006878871
-0.006843862
-0.006874263
-0.007235104
-0.006257702
-0.007061308
-0.006289255
-0.006265606
-0.006125315
-0.007432357
-0.007586122
-0.006251974
-0.007016218
-0.006572335
-0.006272359
-0.006476876
-0.007495687
-0.006404139
-0.007705613
-0.007112125
-0.006939736
-0.005363503
-0.007029435
-0.007292898
-0.006860727
-0.006874871
-0.007213888
-0.008228955
-0.006265703
-0.006458155
-0.006126818
-0.006271942
-0.00624503
-0.006607631
-0.006776724
-0.007760238
-0.007194304
-0.006593263
-0.007061756
-0.00693148
-0.005610709
-0.006252743
-0.006367818
-0.00586774
-0.006866102
-0.007118141
-0.007080029
-0.006765492
-0.008073655
-0.007856081
-0.006702578
-0.007241472
-0.006796469
-0.006273671
-0.006853942
-0.006904151
-0.007097245
-0.006261638
-0.006022592
-0.006202117
-0.008159129
-0.007235809
-0.006925368
-0.007905426
-0.007477607
-0.006984377
-0.007461606
-0.006546222
-0.005873565
-0.007236705
-0.007142206
-0.006949913
-0.007996853
-0.008055958
-0.006033248
-0.006636048
-0.007940179
0.000666642
-0.006986074
-0.006640785
-0.006967289
-0.007386276
-0.006557806
-0.006896152
-0.006805749
-0.006780084
-0.007410085
-0.007785391
-0.006082306
-0.007978292
-0.007638379
-0.005286765
-0.006437708
-0.006886519
-0.007074492
-0.006697202
-0.008528867
-0.006213125
-0.007540169
-0.008061655
-0.00648334
-0.007344452
-0.007913683
-0.007003866
-0.006652145
-0.00721712
-0.006593008
-0.007164671
-0.007010907
-0.007237313
-0.006901367
-0.007721262
-0.007165342
-0.007407653
-0.007606954
-0.006330024
-0.006280007
-0.006988474
-0.007040283
-0.008278428
-0.007519208
-0.007521032
-0.007571113
-0.007283937
-0.008229467
-0.00586358
-0.00728973
-0.006006176
-0.006971418
-0.007299714
-0.006869943
-0.006633488
-0.00761153
-0.006980218
-0.007846065
-0.006987482
-0.00766078
-0.007519336
-0.007129565
-0.00693244
-0.007525672
-0.006989626
-0.007104637
-0.006055201
-0.007483559
-0.00647326
-0.007340003
-0.008461857
-0.007323043
-0.00742887
-0.007566505
-0.006396522
-0.006511022
-0.008293212
-0.006728371
-0.006980506
-0.006442411
-0.007558601
-0.007488071
-0.007467399
-0.006784533
-0.006686354
-0.007546857
-0.006038848
-0.007365508
-0.008139192
-0.006964985
-0.007338691
-0.007507688
-0.007046652
-0.007402692
-0.007010234
-0.006630992
-0.005608757
-0.006734451
-0.006857942
-0.006966489
-0.006738484
-0.006880727
-0.006487404
-0.006141667
-0.007000506
-0.00735738
-0.00742151
-0.007315043
-0.00767054
-0.006951257
-0.006934808
-0.007306691
-0.00618186
-0.00698665
-0.007180607
-0.00701481
-0.00761185
-0.007223488
-0.007043324
-0.006992922
-0.006154084
-0.007178463
-0.008383391
-0.006786516
-0.007031259
-0.006568271
-0.007429605
-0.007034427
-0.007149374
-0.007680109
-0.007777775
-0.007340195
-0.007717549
-0.007946868
-0.007467462
-0.006964697
-0.00742775
-0.007394341
-0.006930233
-0.007354915
-0.006095938
-0.006494573
-0.006481613
-0.006579695
-0.007470278
-0.007678732
-0.006719602
-0.007123165
-0.007314051
-0.006298119
-0.007953908
-0.006066881
-0.006952857
-0.007200095
-0.007576842
-0.007225248
-0.007802992
-0.006735539
-0.00656219
-0.007933363
-0.008234587
-0.007653196
-0.007041116
-0.006846614
-0.006985081
-0.007328291
-0.00780744
-0.006979354
-0.007837009
-0.007368388
-0.006642897
-0.007112637
-0.006897144
-0.007995445
-0.006458252
-0.006739988
-0.006286439
-0.008444417
-0.006717715
-0.006009536
-0.007404805
-0.007674092
-0.007175903
-0.006784276
-0.007890354
-0.008527587
-0.008664646
-0.007932243
-0.008017525
-0.008225115
-0.007951892
-0.006932857
-0.007547785
-0.007706957
-0.007104029
-0.007106845
-0.007914611
-0.005058182
-0.009491452
-0.008171961
-0.008034869
-0.008233723
-0.008961391
-0.008101463
-0.0078228
-0.007525096
-0.007040955
-0.006939608
-0.006892535
-0.00767918
-0.008224859
-0.006951673
-0.007281122
-0.007011771
-0.007015259
-0.008785481
-0.007870738
-0.007775182
-0.007319267
-0.008207578
-0.006212581
-0.008303709
-0.007537097
-0.007840849
-0.007364836
-0.006927064
-0.007017051
-0.008125368
-0.008297244
-0.008277021
-0.007874673
-0.007647787
-0.007911762
-0.008083223
-0.008124792
-0.008065655
-0.009377369
-0.007712654
-0.007736494
-0.007532264
-0.007837712
-0.007705645
-0.007980181
-0.006871031
-0.006910135
-0.00744439
-0.007818768
-0.007640556
-0.008009813
-0.00744167
-0.007010714
-0.007008154
-0.007853937
-0.008791082
-0.007866418
-0.00803007
-0.00811756
-0.00788389
-0.006778772
-0.008371487
-0.007215744
-0.00792245
-0.007965172
-0.008247963
-0.007464839
-0.007340387
-0.006398954
-0.007420262
-0.007684877
-0.007705293
-0.00746007
-0.007293954
-0.008538179
-0.007594506
-0.007479463
-0.008741704
-0.009097266
-0.008134713
-0.007005403
-0.008138649
-0.007801391
-0.008002293
-0.008076183
-0.006683602
-0.007874961
-0.00742679
-0.007752654
-0.007987989
-0.008001557
-0.008441697
-0.008574821
-0.008545123
-0.008025333
-0.008361919
-0.00691004
-0.00655243
-0.007904242
-0.007789296
-0.007434438
-0.00864967
-0.006931672
-0.007361188
-0.007558698
-0.008133369
-0.007546665
-0.008364639
-0.007051644
-0.007889074
-0.007780847
-0.007933203
-0.007820528
-0.008127833
-0.008022357
-0.007494823
-0.007429894
-0.007131998
-0.008159353
-0.005493842
-0.007371301
-0.008226203
-0.007936819
-0.00774555
-0.007935443
-0.007443654
-0.007915763
-0.007746318
-0.008330461
-0.007271585
-0.009344888
-0.008598981
-0.007731981
-0.00774507
-0.007799823
-0.008673511
-0.006849302
-0.00671173
-0.008831435
-0.008134904
-0.008606053
-0.007860561
-0.006835638
-0.007847056
-0.007907283
-0.007351683
-0.00750244
-0.009087889
-0.007947251
-0.008575525
-0.008365727
-0.00789637
-0.00931868
-0.009142835
-0.008753352
-0.009065265
-0.008465058
-0.008501154
-0.007939988
-0.007695053
-0.007086045
-0.008428608
-0.008604741
-0.008070166
-0.008395295
-0.007899058
-0.008512643
-0.008549828
-0.00887854
-0.007707789
-0.007778383
-0.007785743
-0.008257276
-0.008476289
-0.008031925
-0.00772011
-0.008152057
-0.007887602
-0.008172345
-0.008760425
-0.007456519
-0.00880913
-0.008448641
-0.006691346
-0.008196314
-0.008110072
-0.007749902
-0.007897202
-0.007416326
-0.008963214
-0.008777866
-0.009188597
-0.007893587
-0.007755439
-0.008351551
-0.008010389
-0.008140024
-0.008450241
-0.008560867
-0.007660012
-0.008011093
-0.007892082
-0.008710728
-0.007929107
-0.008483138
-0.008451745
-0.008054103
-0.007497671
-0.007856465
-0.008411615
-0.008387199
-0.007345315
-0.00767934
-0.006807125
-0.008315901
-0.008696711
-0.007612555
-0.008385311
-0.008012277
-0.007926963
-0.008817899
-0.00900712
-0.008562692
-0.007820528
-0.008015573
-0.00878961
-0.008797099
-0.008532515
-0.007443494
-0.006773684
-0.008396288
-0.008440257
-0.00849341
-0.008319101
-0.007296771
-0.008550532
-0.009107058
-0.007580842
-0.007968948
-0.008258908
-0.007686924
-0.008586948
-0.00878705
-0.00857498
-0.007974773
-0.008459137
-0.008230715
-0.00742295
-0.009250006
-0.008230619
-0.008001301
-0.008029525
-0.007563145
-0.008986863
-0.007866866
-0.007979765
-0.008548292
-0.007173343
-0.008430081
-0.008261756
-0.008784874
-0.0080894
-0.007658316
-0.00815068
-0.008813227
-0.008865196
-0.008971087
-0.008790698
-0.00715699
-0.007975284
-0.009133875
-0.009548831
-0.008087479
-0.009289655
-0.009261335
-0.00722096
-0.009769668
-0.009100498
-0.008929454
-0.009434203
-0.007592074
-0.008337885
-0.0087218
-0.009039121
-0.008368318
-0.007775375
-0.008087255
-0.009137299
-0.007768111
-0.008380735
-0.008881132
-0.007485383
-0.009492285
-0.008465697
-0.00895819
-0.009499548
-0.007970389
-0.00795234
-0.007215456
-0.00992084
-0.008891149
-0.009067121
-0.008912045
-0.006784084
-0.008992432
-0.008664294
-0.008573668
-0.009202741
-0.009113299
-0.008025846
-0.009000688
-0.008707559
-0.008721832
-0.00885102
-0.007846417
-0.008598085
-0.009447387
-0.009408218
-0.008047254
-0.009123154
-0.009427643
-0.008327134
-0.009079569
-0.007846321
-0.009727331
-0.009472221
-0.00725949
-0.009062673
-0.009163508
-0.008789385
-0.008203002
-0.009028529
-0.009316855
-0.009092242
-0.008538948
-0.008910413
-0.00839904
-0.009049297
-0.008217179
-0.007893202
-0.008857899
-0.00983191
-0.008179033
-0.008985328
-0.007777327
-0.008695975
-0.008791242
-0.008975663
-0.008088216
-0.008853516
-0.009838854
-0.008598597
-0.008427584
-0.008060759
-0.007486631
-0.008248636
-0.009767652
-0.008865164
-0.009501917
-0.00955987
-0.008903437
-0.009113459
-0.00821993
-0.008995632
-0.00843648
-0.009325368
-0.008738665
-0.008288221
-0.009140563
-0.008697288
-0.008751304
-0.008902573
-0.007796559
-0.008622021
-0.008169209
-0.008992399
-0.009361113
-0.008884652
-0.009026704
-0.009250775
-0.009201653
-0.009227862
-0.009102706
-0.009024816
-0.008694727
-0.009060145
-0.009018736
-0.008836812
-0.008305213
-0.008454881
-0.008170138
-0.008878061
-0.008550147
-0.009727875
-0.009136563
-0.008434016
-0.009314232
-0.008937998
-0.00865495
-0.00912453
-0.009321944
-0.009363673
-0.009521022
-0.009293271
-0.008420352
-0.008059159
-0.008812267
-0.009085426
-0.009111379
-0.00861559
-0.008611109
-0.00848317
-0.009446299
-0.008772841
-0.00925215
-0.008678855
-0.008299709
-0.008871948
-0.008868812
-0.009624704
-0.008610853
-0.008330142
-0.009340153
-0.008336894
-0.009449051
-0.008654343
-0.009173524
-0.009619328
-0.00894155
-0.009576831
-0.008988975
-0.008552452
-0.008538563
-0.009365498
-0.009344313
-0.009273815
-0.007858545
-0.009195413
-0.009368697
-0.009730499
-0.009283415
-0.008525187
-0.00961648
-0.00953027
-0.01012523
-0.008835147
-0.009129939
-0.009134451
-0.009731843
-0.008939054
-0.010104109
-0.009277655
-0.009162388
-0.009159923
-0.008999728
-0.009488092
-0.008682887
-0.009222101
-0.00930252
-0.008727848
-0.009760996
-0.008340894
-0.008943502
-0.009319672
-0.007595787
-0.009066546
-0.008177722
-0.010029835
-0.00921695
-0.008115064
-0.008778954
-0.008761193
-0.008627782
-0.008366015
-0.009031281
-0.00872628
-0.008930125
-0.010100781
-0.008907693
-0.00886798
-0.009010416
-0.009074162
-0.01008382
-0.009713283
-0.010389365
-0.008462721
-0.010214928
-0.008223739
-0.009019216
-0.00987959
-0.008914829
-0.008520323
-0.008605765
-0.008694055
-0.008731273
-0.008526403
-0.00903144
-0.008072791
-0.010232496
-0.007633867
-0.009071505
-0.010411349
-0.009648449
-0.009199317
-0.008430433
-0.00864631
-0.009355929
-0.010214224
-0.007809904
-0.010104717
-0.008213338
-0.009108275
-0.008785194
-0.009373241
-0.007997749
-0.009361433
-0.008307933
-0.009847494
-0.008475682
-0.009086898
-0.00828214
-0.008513794
-0.009000976
-0.009537598
-0.008524675
-0.009153108
-0.008564964
-0.008572868
-0.008746473
-0.009511261
-0.008507395
-0.00863591
-0.009715171
-0.008768137
-0.009730339
-0.009188181
-0.009867847
-0.008802282
-0.008742569
-0.008592645
-0.010987333
-0.009140148
-0.009136691
-0.009784229
-0.00970061
-0.009835782
-0.010742398
-0.008932558
-0.008914541
-0.010218576
-0.009159156
-0.008417441
-0.010202927
-0.009852742
-0.009775908
-0.009857606
-0.008253948
-0.010308178
-0.009590271
-0.009647233
-0.009433979
-0.009929609
-0.010028011
-0.008947439
-0.009591135
-0.00811836
-0.009032496
-0.009723811
-0.009429595
-0.009889351
-0.00933388
-0.009673154
-0.009563551
-0.010170735
-0.010226992
-0.0094751
-0.009852102
-0.009464316
-0.010193167
-0.009662913
-0.009893191
-0.010598042
-0.009819206
-0.009543806
-0.0093014
-0.009870278
-0.009854662
-0.010414517
-0.009696226
-0.008904909
-0.00863927
-0.009495229
-0.009901352
-0.010999205
-0.009932488
-0.010365524
-0.010336787
-0.009223317
-0.008632101
-0.009929256
-0.0091853
-0.009137332
-0.008770538
-0.010221584
-0.009923465
-0.010085292
-0.01059385
-0.010116205
-0.010501816
-0.010692636
-0.010807711
-0.009619072
-0.009521629
-0.009135571
-0.009699106
-0.00961504
-0.010135054
-0.008955726
-0.009685794
-0.009687074
-0.008717
-0.008811019
-0.009137427
-0.009230421
-0.009072785
-0.009537374
-0.00970781
-0.010333907
-0.009445435
-0.010117326
-0.00916914
-0.009191733
-0.01072739
-0.009374394
-0.01081872
-0.010268497
-0.010085004
-0.009863943
-0.010443222
-0.009976234
-0.009136595
-0.010851521
-0.009950504
-0.009221334
-0.010820064
-0.00960208
-0.00929644
-0.009925544
-0.009278615
-0.009941769
-0.008844939
-0.008959566
-0.010248017
-0.010041996
-0.009881543
-0.009624033
-0.00971197
-0.009846086
-0.00968813
-0.009282935
-0.009764516
-0.009610143
-0.009761988
-0.009786757
-0.009815397
-0.010010059
-0.009998475
-0.009433819
-0.009703842
-0.009434363
-0.0091549
-0.009008464
-0.009928008
-0.009764676
-0.009088882
-0.010747102
-0.009163188
-0.009502045
-0.01109908
-0.009342361
-0.010817216
-0.00987623
-0.009817574
-0.010605466
-0.009131507
-0.009707266
-0.010244401
-0.009558335
-0.010246449
-0.010398773
-0.009653409
-0.008668039
-0.012209061
-0.009725251
-0.009486141
-0.010808384
-0.010328883
-0.010252913
-0.010171951
-0.00941225
-0.010187215
-0.01021496
-0.0094431
-0.010529464
-0.009682273
-0.009448635
-0.008816874
-0.00916338
-0.008035542
-0.009814149
-0.009596671
-0.010014603
-0.009605119
-0.009546846
-0.009298007
-0.008947023
-0.009941384
-0.009131092
-0.009942248
-0.010008298
-0.009440955
-0.009925992
-0.008991216
-0.010395477
-0.008829195
-0.009233078
-0.010347092
-0.010001706
-0.0093166
-0.009734467
-0.009605055
-0.009831814
-0.009631489
-0.009340601
-0.01030549
-0.009151187
-0.010363988
-0.010188239
-0.010213295
-0.00962848
-0.010204048
-0.010053548
-0.010041996
-0.00984263
-0.010844289
-0.010059596
-0.010828672
-0.010200559
-0.009634656
-0.010636923
-0.009573087
-0.009104722
-0.009172724
-0.010099404
-0.009069297
-0.010318514
-0.010226673
-0.010563865
-0.009586239
-0.010689244
-0.01000977
-0.009555582
-0.009792837
-0.009384281
-0.009192661
-0.008728361
-0.010067308
-0.010698685
-0.009602911
-0.01027733
-0.01059801
-0.009312056
-0.010346164
-0.010168751
-0.010254929
-0.009922056
-0.009879527
-0.009404346
-0.009216149
-0.009446651
-0.009280055
-0.009663745
-0.009852742
-0.009443259
-0.009278839
-0.009186005
-0.009394842
-0.011174537
-0.010195407
-0.009960938
-0.00959616
-0.010807743
-0.009648065
-0.010649468
-0.010151918
-0.009530493
-0.009990794
-0.010438902
-0.010326547
-0.009498781
-0.008705928
-0.009506365
-0.009295032
-0.010433206
-0.010772735
-0.010046219
-0.010898178
-0.011027814
-0.009854854
-0.010870018
-0.010955588
-0.009659265
-0.009454908
-0.010426613
-0.009725315
-0.010119374
-0.010114093
-0.008574564
-0.010207503
-0.01044767
-0.010782015
-0.010510328
-0.009408826
-0.009658594
-0.009391546
-0.009509373
-0.0091773
-0.011459505
-0.010783743
-0.010285874
-0.010410165
-0.010327923
-0.010561209
-0.010779359
-0.009366681
-0.010547801
-0.010125389
-0.009923784
-0.009977546
-0.01013947
-0.009913512
-0.010831137
-0.010434614
-0.009710338
-0.009745731
-0.011234219
-0.010910467
-0.011106952
-0.009988938
-0.010634651
-0.010933124
-0.011050151
-0.009974122
-0.009816709
-0.01036418
-0.010793087
-0.01078832
-0.010644027
-0.009025169
-0.009892199
-0.010027467
-0.010326483
-0.010171439
-0.010541657
-0.010624795
-0.009582368
-0.011023525
-0.009882503
-0.010489527
-0.009445211
-0.009990026
-0.01052124
-0.010211408
-0.010674428
-0.010963268
-0.01127726
-0.01059945
-0.010876385
-0.009561791
-0.010701597
-0.011352718
-0.010478455
-0.01052844
-0.01074627
-0.010534265
-0.010045963
-0.009677633
-0.010232112
-0.010926787
-0.011829275
-0.010340531
-0.010345652
-0.010644732
-0.009658017
-0.011778362
-0.011332654
-0.011858716
-0.010613722
-0.010819968
-0.010133837
-0.009478653
-0.01081984
-0.010811903
-0.009210006
-0.011077351
-0.011036966
-0.010210224
-0.009760964
-0.010294194
-0.010751102
-0.010172367
-0.010431478
-0.011026534
-0.011965375
-0.01087741
-0.010677053
-0.010662876
-0.010760671
-0.010533017
-0.011353358
-0.01029029
-0.0112571
-0.010992197
-0.011136233
-0.010834945
-0.011812155
-0.009589759
-0.00991012
-0.012092898
-0.011036613
-0.011492786
-0.011458609
-0.010874306
-0.01127678
-0.011596437
-0.011451409
-0.010995461
-0.011466225
-0.01060377
-0.0105094
-0.011063334
-0.010384244
-0.011586196
-0.01075187
-0.010810431
-0.012068705
-0.011966495
-0.01219834
-0.010564825
-0.011201866
-0.011083208
-0.010375476
-0.010481239
-0.009780356
-0.010548345
-0.010977028
-0.010686397
-0.010470839
-0.01045759
-0.011176266
-0.01006478
-0.010834624
-0.011883932
-0.011170537
-0.01271541
-0.010972196
-0.010616859
-0.011139881
-0.012002944
-0.010837505
-0.010776415
-0.010653212
-0.010593786
-0.010417781
-0.01034962
-0.010798783
-0.010648603
-0.011172906
-0.010036139
-0.009826758
-0.010997381
-0.010412341
-0.01043599
-0.009928904
-0.009910183
-0.010793311
-0.010424629
-0.011706679
-0.011281996
-0.011032742
-0.010664636
-0.010825152
-0.010378293
-0.010586298
-0.010810432
-0.01067046
-0.010554809
-0.010774687
-0.011529299
-0.011259499
-0.011833499
-0.01110884
-0.010747102
-0.013378917
-0.011258284
-0.011252523
-0.011442768
-0.010837729
-0.010752735
-0.011079463
-0.0109873
-0.009818405
-0.010266514
-0.010991717
-0.010521272
-0.011092103
-0.010906178
-0.011043047
-0.010732222
-0.010860001
-0.01087757
-0.011561684
-0.010360724
-0.01089325
-0.01036962
-0.010346612
-0.011568052
-0.011164777
-0.010591099
-0.011327981
-0.011065095
-0.010451478
-0.010646331
-0.012683922
-0.011768793
-0.011014213
-0.010563097
-0.010982821
-0.011761434
-0.011625493
-0.010244849
-0.010544728
-0.010942915
-0.010726078
-0.010560185
-0.010272305
-0.010988837
-0.011407183
-0.011244044
-0.011100424
-0.010650043
-0.010462167
-0.009855302
-0.01096794
-0.011158057
-0.011491538
-0.012235878
-0.011074695
-0.011163241
-0.011117096
-0.011308878
-0.011333774
-0.011413808
-0.011383471
-0.010238257
-0.011219019
-0.011564916
-0.011311725
-0.011546036
-0.010606299
-0.010580377
-0.010701213
-0.011456401
-0.012022113
-0.011898813
-0.010452246
-0.010623995
-0.011084295
-0.0111162
-0.010937924
-0.011186634
-0.010948004
-0.011213451
-0.010528569
-0.010804127
-0.011074151
-0.010482551
-0.011439889
-0.009590336
-0.011430321
-0.012306728
-0.011930397
-0.010602106
-0.010754367
-0.010345748
-0.010773054
-0.010824064
-0.010403605
-0.010394517
-0.010699965
-0.010932611
-0.011809242
-0.011468146
-0.009777828
-0.011825467
-0.010917122
-0.01073747
-0.013209887
-0.01150789
-0.011434193
-0.011687031
-0.011540115
-0.011351694
-0.010748094
-0.01088669
-0.010638203
-0.011105288
-0.011382799
-0.010855649
-0.011141449
-0.009756292
-0.010965892
-0.011215435
-0.011457137
-0.010387253
-0.01072771
-0.010986949
-0.01074723
-0.011679927
-0.009970761
-0.011749593
-0.011123113
-0.011015877
-0.01049212
-0.010934371
-0.01136091
-0.010724125
-0.011462993
-0.011606965
-0.011737272
-0.011370127
-0.011389423
-0.011245612
-0.011546484
-0.011345326
-0.011039206
-0.011140681
-0.010996933
-0.011360367
-0.011333358
-0.010616219
-0.010435094
-0.012628049
-0.011360718
-0.011124232
-0.01044911
-0.01042559
-0.010973157
-0.011494706
-0.011522035
-0.011513427
-0.011816186
-0.01118209
-0.010978436
-0.012433451
-0.011102216
-0.011411151
-0.01181465
-0.011641526
-0.011634102
-0.012308232
-0.012635857
-0.009899816
-0.01172684
-0.011830107
-0.01059689
-0.011060487
-0.010901282
-0.011563892
-0.011447889
-0.011857596
-0.012738164
-0.011875677
-0.011589268
-0.011305421
-0.010620251
-0.011723864
-0.01163327
-0.011250604
-0.012108834
-0.012242118
-0.010683805
-0.011018885
-0.010997188
-0.01131995
-0.011357231
-0.012322376
-0.012138883
-0.012838902
-0.012729107
-0.011866268
-0.012070242
-0.011242796
-0.010716861
-0.011326894
-0.010849825
-0.011236875
-0.01160879
-0.011676791
-0.012539406
-0.011915294
-0.011899549
-0.009793157
-0.013034107
-0.011936702
-0.012288071
-0.012766196
-0.011551667
-0.011433681
-0.011692663
-0.011193354
-0.011279084
-0.011727672
-0.011519283
-0.010762367
-0.011310829
-0.011418608
-0.011475922
-0.011608758
-0.010409557
-0.012461228
-0.010393365
-0.012793556
-0.01256683
-0.011826939
-0.011435824
-0.011222187
-0.011446545
-0.011793722
-0.011547059
-0.011574836
-0.012363113
-0.012067937
-0.012288967
-0.011604213
-0.010944676
-0.010975717
-0.01207005
-0.012137539
-0.011661494
-0.013210208
-0.011734137
-0.011312718
-0.011167689
-0.011288141
-0.012328841
-0.011246636
-0.011425264
-0.011025317
-0.011405552
-0.011337582
-0.01124318
-0.011238411
-0.010675516
-0.01081344
-0.011167113
-0.01148629
-0.011242603
-0.011984799
-0.012882744
-0.011956254
-0.012188805
-0.011869244
-0.010968037
-0.011231979
-0.010513784
0.014269852
-0.011649782
-0.0109577
-0.011221643
-0.011733432
-0.011814043
-0.012291911
-0.011539827
-0.01124814
-0.01193603
-0.010916419
-0.012379178
-0.012310248
-0.011387727
-0.011208298
-0.013021819
-0.012066785
-0.011975551
-0.013329155
-0.011577396
-0.011575668
-0.012195269
-0.011997376
-0.012357129
-0.011763001
-0.010986245
-0.011171946
-0.012390378
-0.011031782
-0.011770586
-0.012287175
-0.012007776
-0.01155154
-0.012504749
-0.011933694
-0.011486066
-0.011867772
-0.011978719
-0.011875644
-0.013400389
-0.012245255
-0.011717784
-0.012400363
-0.011920958
-0.011750937
-0.012535022
-0.010883362
-0.01130651
-0.01185942
-0.011498675
-0.012777205
-0.012385994
-0.012405194
-0.012747124
-0.012199781
-0.012044704
-0.013071932
-0.011965759
-0.011763033
-0.012221702
-0.011846363
-0.010802111
-0.011344014
-0.011664983
-0.012405418
-0.012449836
-0.012181189
-0.012339369
-0.012554798
-0.010805216
-0.011506994
-0.012452012
-0.011286349
-0.012278631
-0.012108866
-0.01238529
-0.011668663
-0.011645206
-0.011337358
-0.011964031
-0.012598383
-0.011268748
-0.013337251
-0.01150053
-0.011872508
-0.011286957
-0.011700472
-0.012402378
-0.012494093
-0.0120232
-0.012375338
-0.012224166
-0.010958116
-0.012626512
-0.012834613
-0.011459441
-0.011985759
-0.012130275
-0.01176825
-0.01244446
-0.013105341
-0.01228196
-0.011851483
-0.012102275
-0.01276082
-0.012045216
-0.012348617
-0.012699826
-0.012775796
-0.012910776
-0.013035067
-0.012575343
-0.011768986
-0.012425451
-0.014300125
-0.011667991
-0.012877687
-0.012887032
-0.012882071
-0.011896509
-0.012598575
-0.011618742
-0.011890525
-0.01188966
-0.01193731
-0.012101282
-0.012399562
-0.012209765
-0.012682578
-0.012750068
-0.012373481
-0.012389226
-0.012967674
-0.011853275
-0.01213946
-0.011458001
-0.011306541
-0.013648555
-0.011161706
-0.012467308
-0.012294536
-0.012845846
-0.01261048
-0.011890749
-0.012162884
-0.01147333
-0.011925662
-0.011822331
-0.011301037
-0.011645014
-0.011973407
-0.012630736
-0.013146526
-0.013074588
-0.011829787
-0.011409392
-0.011848444
-0.012728083
-0.012736883
-0.012087906
-0.013153598
-0.011099175
-0.011754617
-0.012892568
-0.012512078
-0.013238337
-0.011607542
-0.012486605
-0.012042273
-0.011990975
-0.012455276
-0.012365802
-0.011410768
-0.012736339
-0.013285602
-0.012017408
-0.012263431
-0.013112381
-0.011633654
-0.013653227
-0.012452075
-0.011759609
-0.013598346
-0.013393637
-0.011298253
-0.012085442
-0.01285087
-0.011842363
-0.012681522
-0.012837686
-0.011921182
-0.013129566
-0.012413194
-0.012124995
-0.011817627
-0.012427755
-0.012104706
-0.011777658
-0.012090818
-0.012797909
-0.012304648
-0.012381737
-0.012672594
-0.012413098
-0.010901666
-0.012340841
-0.013698061
-0.011842972
-0.012645713
-0.013028891
-0.012561679
-0.013607659
-0.01131883
-0.012591311
-0.011846172
-0.012269191
-0.012826421
-0.012532205
-0.012330793
-0.012316233
-0.011782714
-0.011798299
-0.012557423
-0.012074689
-0.012389994
-0.013623627
-0.012810837
-0.012764692
-0.012738547
-0.012071297
-0.010933699
-0.012192581
-0.012949625
-0.013285346
-0.013551593
-0.011278092
-0.013666412
-0.012932665
-0.011323726
-0.012351402
-0.012436588
-0.012543727
-0.012275975
-0.011686935
-0.012563183
-0.012188548
-0.012822198
-0.012925944
-0.012050145
-0.012417546
-0.01244878
-0.012836758
-0.012495149
-0.011368111
-0.011972767
-0.011106215
-0.012463372
-0.013463975
-0.011921822
0.009010224
-0.013488776
0.010647356
-0.012082434
-0.01245374
-0.012925817
-0.012460876
-0.012600944
-0.012557838
-0.0126172
-0.012232742
-0.012859479
-0.012564943
-0.011772346
-0.013035099
-0.01320416
-0.013236545
-0.013765935
-0.01207933
-0.012691474
-0.011620789
-0.012865271
-0.012211878
-0.01232532
-0.013401125
-0.012291368
-0.012326248
-0.013338884
-0.013192799
-0.013606795
-0.012454059
-0.014038998
-0.013577226
-0.013310914
-0.012588016
-0.012401867
-0.012854487
-0.012585999
-0.012739283
-0.013667628
-0.013689357
-0.012811286
-0.013848657
-0.01116481
-0.013134206
-0.012440108
-0.012423467
-0.011752377
-0.014532291
-0.012595023
-0.012457548
-0.012351145
-0.013467687
-0.013515016
-0.012944217
-0.013057212
-0.013361828
-0.013046683
-0.013178143
-0.012865782
-0.012927161
-0.012359594
-0.012452588
-0.012023968
-0.01271093
-0.013913299
-0.011792506
-0.012526958
-0.012811669
-0.012466892
-0.012254631
-0.012709042
-0.01245998
-0.012844535
-0.013032379
-0.013182783
-0.012519021
-0.012968761
-0.01292108
-0.012789716
-0.013048156
-0.013852049
-0.012851094
-0.01284831
-0.011825435
-0.012509325
-0.0118639
-0.013854673
-0.012566287
-0.011183498
-0.013506056
-0.012683154
-0.012982874
-0.01322544
-0.014155577
-0.012460876
-0.012941305
-0.01308166
-0.014250972
-0.012452748
-0.013238976
-0.012918072
-0.01311507
-0.01266373
-0.013132894
-0.012067874
-0.013829329
-0.013304962
-0.012506989
-0.01290668
-0.012686418
-0.012429067
-0.012883319
-0.013165471
-0.012068993
-0.013008858
-0.012978938
-0.012186885
-0.013264386
-0.013018555
-0.012095747
-0.012911832
-0.013031323
-0.01270981
-0.014486242
-0.012254663
-0.01298873
-0.013030715
-0.013336036
-0.01338442
-0.012235686
-0.013386181
-0.01403823
-0.012891288
-0.012910392
-0.011634358
-0.013261761
-0.013648363
-0.013497288
-0.012777012
-0.013508104
-0.014251324
-0.013846673
-0.013187936
-0.013475495
-0.013684268
-0.012773652
-0.012560207
-0.013874257
-0.013978517
-0.014102456
-0.014694727
-0.013159646
-0.011832732
-0.013493288
-0.012129635
-0.013742062
-0.013822449
-0.013447494
-0.013771631
0.011603445
-0.013834929
-0.014287677
-0.013314371
-0.013565257
-0.01415609
-0.013258977
-0.013403717
-0.012257255
-0.013114686
-0.013445766
-0.012560527
-0.013517064
-0.013614987
-0.014848492
-0.011930526
-0.01305382
-0.013501384
-0.012711219
-0.0127509
-0.012488813
-0.013833329
-0.013222657
-0.013891187
-0.013116605
-0.013535592
-0.013569097
-0.014217883
-0.012257831
-0.013178239
-0.01351364
-0.013393157
-0.013837168
-0.013844593
-0.013530281
-0.013410374
-0.0138172
-0.013627307
-0.012695378
-0.012455884
-0.012894199
-0.013167711
-0.013081661
-0.013081661
-0.014136409
-0.013953396
-0.012870327
-0.014218395
-0.014230588
-0.013613387
-0.014914029
-0.013035355
-0.013598218
-0.013730446
-0.013667788
-0.013659724
-0.012878551
-0.012962778
-0.013036348
-0.012610736
-0.013788144
-0.012361194
-0.013418661
-0.013598379
-0.013384037
-0.013602155
-0.012827734
-0.014129657
-0.013341443
-0.013772303
-0.013685357
-0.013977429
-0.013657164
0.014882925
-0.012553615
-0.013197984
-0.012782965
-0.013139678
-0.013891538
-0.014044054
-0.014010293
-0.01396754
-0.013852529
-0.012997947
-0.012495628
-0.01379064
-0.013979381
-0.013380901
-0.014852876
-0.013450151
-0.013395845
-0.013735598
-0.014007445
-0.012603183
-0.013024123
-0.01470388
-0.013935827
-0.013418629
-0.013415174
-0.013484615
-0.014199578
-0.012979706
-0.014256411
-0.013820304
-0.014169497
0.014884813
-0.014044663
-0.01440736
-0.013919635
-0.013801712
-0.012876696
-0.013839953
-0.013072861
-0.013197503
-0.013467143
-0.013241057
-0.013494312
-0.01454506
-0.013156287
-0.013821425
-0.013403845
0.014045782
-0.014584869
-0.014504834
-0.01428518
-0.014764617
-0.012106755
-0.013774543
-0.013302659
-0.014696775
-0.01372923
-0.014429505
-0.013373061
-0.013845681
-0.01401631
-0.012828662
-0.014084375
0.014938734
-0.014413984
-0.0132416
-0.013785967
-0.01397666
-0.013680749
-0.01488766
-0.014049718
-0.013796112
-0.013278562
-0.013064029
-0.012944185
-0.012817174
-0.014323006
-0.01440656
-0.013715341
-0.014564964
-0.012965785
-0.013827888
-0.01374315
-0.013567913
-0.01337498
-0.013447654
-0.013280994
-0.013668108
-0.013770063
-0.014004181
-0.013487784
-0.01341511
-0.014465346
-0.014486178
-0.014544739
-0.014733769
-0.013899251
-0.014346974
-0.013044315
-0.01327565
0.014447105
-0.01333786
-0.013255297
-0.014285629
-0.013896979
-0.012420843
-0.013872978
-0.014470146
-0.014013077
-0.014072375
-0.014056183
-0.013817584
-0.013599722
0.014264892
-0.013317891
-0.014750409
-0.013298786
-0.014539235
-0.013544264
-0.013786128
-0.013879538
-0.014076663
-0.014554436
-0.013793935
-0.014068343
-0.012831606
-0.013716142
-0.01403743
-0.014045046
-0.014249436
-0.012895576
-0.013659276
-0.014046902
-0.013404645
-0.013374084
-0.014037334
-0.015276663
-0.013912467
-0.013398693
-0.014479298
-0.014135609
-0.013065884
-0.012291912
-0.01376219
0.012702866
-0.013445095
-0.014273757
-0.012355977
-0.014279709
-0.013076701
-0.013770863
-0.01394946
-0.014157785
-0.013638827
-0.013880018
-0.014131448
-0.013837329
-0.014137625
-0.01417753
-0.013866449
-0.014206139
-0.014161498
-0.013126238
-0.013796976
-0.01273394
-0.013231169
-0.014303069
-0.013297602
0.014167513
-0.014234523
-0.013424294
-0.014255036
-0.01365662
-0.013222816
-0.013871954
-0.013774191
-0.014051574
-0.014225307
-0.013951412
-0.014123672
-0.014510082
-0.014158521
-0.013780975
-0.01402591
-0.01425862
-0.01328525
-0.014184954
-0.014303166
-0.013921715
-0.014430945
-0.014486114
-0.013280642
-0.013511944
-0.013928755
-0.013221792
-0.013820721
-0.013917011
-0.013749007
-0.014206491
-0.013916467
-0.013792016
0.014470402
-0.013850033
0.014052791
-0.013550441
-0.014014134
-0.013904403
-0.013765103
-0.013939891
-0.014086616
0.014351486
0.014162778
-0.012878296
-0.014559684
-0.01484462
0.013978325
-0.013457703
-0.01388437
-0.013612139
0.014399456
-0.013866994
-0.01356337
-0.013488296
0.014016758
0.014808875
0.01447885
-0.013515848
0.013750351
-0.014063191
-0.013623723
-0.01367614
-0.014521987
-0.014859308
-0.014344287
0.014443521
0.013898194
0.014482402
-0.013852209
-0.014513667
-0.014704488
-0.013607819
0.014370687
0.014743625
0.014144153
0.014421792
-0.01460231
-0.013530536
-0.014357855
0.014413248
-0.014546884
0.01420841
-0.014307998
0.014398944
0.014578053
-0.014428737
-0.013316451
-0.013928819
-0.01382232
-0.014696648
-0.014104472
0.014198298
0.014293565
0.014218267
-0.013957844
-0.014835403
-0.014251804
0.014336894
0.014031254
-0.014354783
-0.013569322
-0.014444609
-0.014551395
-0.014611909
0.013972757
-0.013687725
-0.013993557
-0.014288189
-0.013788144
0.013419846
0.015108691
0.013742382
-0.014029334
-0.014949071
-0.014043991
-0.014561892
-0.014639271
0.013817937
-0.014152921
-0.014527748
-0.013878802
0.014898989
0.014537155
-0.013922611
-0.014805706
0.014545412
0.014725577
0.014427648
-0.014346078
-0.014317854
0.014313501
0.014354175
0.014213979
0.014211547
0.014752746
0.014375743
-0.01389093
-0.014574244
0.014596133
-0.014172025
-0.014397376
-0.014220123
-0.014723176
-0.013425158
-0.0147066
-0.013885842
-0.014260604
0.014446145
0.014000373
0.014547652
0.014572677
0.013906931
0.014448225
0.014057047
0.01260568
-0.014347775
0.014531427
-0.014284924
-0.014240924
-0.014647047
-0.013765295
-0.014669127
-0.014236668
0.01464615
-0.014372255
0.013969109
-0.013637708
0.01380552
0.013747918
0.01340647
0.014864909
0.014411936
-0.014601509
-0.01418505
0.014690663
0.014584996
0.012858486
-0.014467265
0.014498883
0.014524931
0.014386112
0.014538116
0.013302018
0.014072567
-0.014299901
-0.014672808
-0.014213243
0.014501283
0.014390047
0.014424288
0.014454561
-0.01463191
-0.014719817
0.014121625
0.013469063
-0.014479906
0.013982901
0.014271484
-0.01440368
0.012442347
0.014946287
0.014670567
0.014564228
-0.014257244
-0.013859602
0.014491939
0.014562724
0.014303582
0.014087959
-0.014614278
0.014506018
-0.014371455
0.013936083
-0.013288834
0.014650151
0.014999568
0.013666124
0.014976111
0.012659185
0.013708494
0.014481986
0.014030742
-0.015027665
0.013451174
-0.014452289
-0.015556702
-0.013624588
-0.014485442
-0.014594853
-0.014394656
0.013066877
0.014228155
0.014615334
-0.014290141
0.014774282
-0.014232924
-0.014220507
-0.014067671
0.014476226
-0.011877053
-0.014069239
0.014328638
-0.01450941
0.01388021
0.014423872
-0.014455777
-0.014548228
-0.014446017
0.014375008
0.014231388
-0.013922035
-0.014441185
0.013453862
0.013405253
0.013387109
0.014437697
0.013493416
0.014102232
0.014080408
0.013727086
0.01400591
0.014363135
0.013956532
0.014213179
0.014476418
0.014138201
0.01339751
0.014627814
0.013792208
-0.014335646
0.014479682
0.014497219
0.013807312
0.013351844
0.013905107
0.014430945
0.013362053
0.014113496
0.014034614
-0.01383032
0.014029078
0.013840657
0.014066519
0.013943316
0.013592459
-0.014130617
-0.014691016
0.014003766
0.014291741
0.013480871
0.014594597
0.014324158
0.014504259
0.01445485
0.013873554
0.014380672
-0.014392063
-0.014812651
0.013096157
0.013694317
0.013394661
0.013857777
0.014898989
0.013564714
0.013896402
0.012048001
0.012900888
0.014489315
0.014227004
0.013722126
-0.012847959
0.013015707
0.013114366
0.014393152
0.013537
0.014750793
0.014407424
0.013980053
0.014838476
0.014646023
0.013132126
0.012570703
0.013825169
0.013442567
0.013244865
0.013546473
0.013768208
0.014305981
0.014217979
0.013316899
-0.014141177
0.013909683
0.012974842
0.013309187
0.013422758
0.014236955
0.014215547
0.012614896
0.014658535
0.014474658
0.013615147
0.013102717
0.013955348
0.013535881
0.013704429
0.013691309
0.013678925
0.014512291
0.014586501
0.014383263
0.014340158
0.014128505
0.014361471
0.014374271
-0.014302014
-0.015166036
-0.014293405
-0.014370463
0.013209441
0.0138124
0.014265948
0.014432833
0.014519747
0.013746606
0.013242721
0.01370219
0.012855095
0.01408492
-0.014332094
0.013083389
0.013773135
0.0144312
0.014029718
0.014692456
0.01336682
0.013746798
0.014300221
0.013255617
0.014209403
0.015293207
0.012345641
0.013317091
0.015142548
0.014028278
0.014310685
0.014014806
0.013110174
0.01363374
0.013613899
0.012714035
0.013877778
0.014714376
0.012907961
0.014292093
0.013648236
0.0133473
0.014133817
0.014015862
-0.013906355
0.013526344
0.013132095
0.013192096
0.013399589
0.014047286
0.013922867
0.014166682
0.013945076
0.013585418
0.014041302
0.01208621
0.014252476
0.014289213
0.012522862
0.014014998
0.01351172
0.013279938
0.014224795
0.01449725
0.013584298
0.013589035
0.013609515
0.013777775
0.014154938
0.014504291
0.013059197
0.013603786
0.011809211
0.01349092
0.013868434
0.014005686
0.013590859
0.013040476
0.013314979
0.012744724
0.013180512
0.013832241
0.013626636
0.013776367
0.013081885
0.01327405
0.013067741
0.013604331
0.01297129
0.012820054
0.014572805
0.013645804
0.014133497
0.013981557
0.013747918
0.013255585
0.013562121
0.013718349
0.013838225
0.013952724
0.013053308
0.014014902
0.013913107
0.013271201
0.012583055
0.012406091
0.011554548
0.013580362
0.014353086
0.013458439
0.013598507
0.014460065
0.013499336
0.013093565
0.013439591
0.013071933
0.013445382
0.013551753
0.013327524
0.013850386
0.013856369
0.013367461
0.013729742
0.011835196
0.012492013
0.013982485
0.012450156
0.012769781
0.01454122
0.014248348
0.014106136
0.013271522
0.013782352
0.013611851
0.013945332
0.013725774
0.013139582
0.013818032
0.013745422
0.013956756
-0.014456642
0.014117881
0.0139765
0.012940185
0.013240673
0.013617771
0.012986011
0.013889363
0.014542083
0.013560137
0.012779188
0.013216992
0.013044572
0.013280834
0.013460647
0.012927672
0.013656428
0.013865329
0.013820785
0.013213376
0.013331044
0.013445926
0.014108248
0.013917459
0.013460775
0.013970741
0.013194944
0.012907001
0.01285567
0.013162847
0.013240865
0.012562607
0.013088349
0.012880344
0.013942772
0.013625867
0.012167908
0.013111166
0.013343364
0.013242721
0.013746767
0.013640684
0.012801941
0.013049692
0.013197312
0.013981589
0.013510568
0.014107352
0.014568324
0.012354154
0.014180923
0.013686797
0.014333086
0.013445319
0.013510888
0.012801942
0.012493133
0.011888829
0.013996821
0.012426955
0.013520808
0.012128579
0.013427206
0.01270021
0.01310723
0.012656338
0.012602128
0.013125342
0.013281634
0.01253819
0.012681074
0.014122521
0.013649388
0.013609131
0.013104701
0.01321696
0.01334314
0.012825238
0.013671692
0.011010917
0.013368132
0.01340855
0.012336841
0.012765876
0.01235281
0.013196
0.013048444
0.011960767
0.013748847
0.012953913
0.013101629
0.011667255
0.012803733
0.013549993
0.013690605
0.012521806
0.013768431
0.012041825
0.012994459
0.013432678
0.013909747
0.013261602
0.013100414
0.013468807
0.012200805
0.011202858
0.01238193
0.012195173
0.011706328
0.013375269
0.013002811
0.013212065
0.013306211
0.013105245
0.012994171
0.013131358
0.012909176
0.013242625
0.012255879
0.01222135
0.012463212
0.0131816
0.013622571
0.012428939
0.012401226
0.013185823
0.012937785
0.014037078
0.011662487
0.012202758
0.012592944
0.012119939
0.012204421
0.012046209
0.013005211
0.013241729
0.013381252
0.013040219
0.013081853
0.012841718
0.01281551
0.011809755
0.01356161
0.013438631
0.0127373
0.012197317
0.011928734
0.012715092
0.013006107
0.012530831
0.01401247
0.011973759
0.012255559
0.012748468
0.01357697
0.012940025
0.012198789
0.013761039
0.012223013
0.012684882
0.012679058
0.012083042
0.012060833
0.012451116
0.012721203
0.012694642
0.01275954
0.012553935
0.01276946
0.012623377
0.011938078
0.013089597
0.013206592
0.013222112
0.012400523
0.012094402
0.011971903
0.012702483
0.012245511
0.011838427
0.013513032
0.013441191
0.013489768
0.012674258
0.012033921
0.012444812
0.01213434
0.012675282
0.012403819
0.014370175
0.012174341
0.013389029
0.012543662
0.012474925
0.012682098
0.013039675
0.012973466
0.012963705
0.013093821
0.013812144
0.012570575
0.012562671
0.012330184
0.012565647
0.013233313
0.013360773
0.013043708
0.012720212
0.01327437
0.013161023
0.013126302
0.013964756
0.013570666
0.012627441
0.012314761
0.012356298
0.011827548
0.011557812
0.011099816
0.013392869
0.012165509
0.0118679
0.012851607
0.012021249
0.012864951
0.012084418
0.012602672
0.011898973
0.011878557
0.013569994
0.012939001
0.01358225
0.013420454
0.013448935
0.011894973
0.012534191
0.012399498
0.01235249
0.012947193
0.012806389
0.013146942
0.012450572
0.012115683
0.011083624
0.01328749
0.013303875
0.012186021
0.012446412
0.012184613
0.012618321
0.012914745
0.011490706
0.011796474
0.013941908
0.012434092
0.011627606
0.013130878
0.011374831
0.011870205
0.012299816
0.011356303
0.011972031
0.012111875
0.011792347
0.012584848
0.013970292
0.012479789
0.012148484
0.011465618
0.011988096
0.013221185
0.012820342
0.011801691
0.012517325
0.013342244
0.01288844
0.012944057
0.013199296
0.012583472
0.012686258
0.013089725
0.012452781
0.012487277
0.012149796
0.011132488
0.010678589
0.012786389
0.012159717
0.013297699
0.012597424
0.012294984
0.012699603
0.012916217
0.012230566
0.012177381
0.012291368
0.011828092
0.011221196
0.012572176
0.011821212
0.012336201
0.012752916
0.011328046
0.013099774
0.013664364
0.012408907
0.01220519
0.013191712
0.011873021
0.012333705
0.012304168
0.013778671
0.013459943
0.011498802
0.012907
0.012943065
0.013183296
0.011629207
0.012545198
0.012467853
0.011656247
0.011789339
0.012480781
0.011403024
0.012853207
0.01253323
0.012373002
0.012797973
0.013540585
0.01230212
0.011931742
0.011503923
0.012250503
0.011791483
0.013560682
0.012389195
0.011073576
0.012630961
0.011380048
0.011998944
0.013167967
0.011621429
0.01206061
0.011966752
0.011861148
0.012433772
0.011944734
0.012722036
0.011047175
0.012778805
0.012587567
0.011577813
0.012631633
0.011489939
0.012499566
0.012795286
0.012164004
0.013232737
0.012616849
0.012221638
0.01139384
0.013066973
0.012437259
0.012084163
0.01190483
0.012043905
0.011710904
0.011297805
0.011057863
0.01326269
0.012262535
0.012379338
0.011848892
0.012572944
0.013165791
0.012313705
0.012150852
0.011415025
0.012457165
0.013224833
0.012550927
0.011896093
0.011083208
0.011198699
0.012288936
0.012009504
0.011656439
0.012833847
0.012916088
0.010612283
0.011873917
0.012116451
0.011617462
0.012255303
0.010853185
0.011561204
0.013538409
0.011948191
0.011784282
0.011715704
0.011507123
0.011279853
0.01236225
0.01289708
0.01268101
0.012695762
0.011949086
0.012472205
0.011358991
0.011556404
0.011334606
0.012006785
0.012213605
0.013034748
0.012768949
0.010912291
0.012119363
0.011867421
0.01252795
0.011479154
0.011690231
0.010933731
0.011081416
0.011398
-0.01389157
0.012588592
0.010965285
0.012480909
0.011860188
0.012134115
0.012941274
0.011774298
0.010991685
0.011511283
0.012947097
0.011188395
0.011939711
0.012129699
0.012445324
0.010672637
0.012272903
0.01163615
0.011596981
0.012144227
0.011773402
0.01183702
0.011985504
0.011826043
0.012778229
0.011838587
0.012202021
0.011595061
0.01223143
0.011929439
0.011597941
0.011818907
0.011439282
0.012069282
0.011022246
0.011544403
0.011605334
0.011752025
0.011128137
0.011975007
0.011856477
0.011105832
0.011779546
0.010672125
0.011230859
0.011399824
0.011280365
0.012650321
0.012089507
0.012016736
0.011120808
0.011562964
0.012647793
0.011747289
0.011970879
0.011385679
0.011161898
0.012424747
0.012127459
0.012227718
0.011761017
0.010673533
0.012012352
0.01177385
0.011862972
0.012077315
0.009691459
0.011366704
0.011421585
0.011264429
0.012497037
0.011130153
0.010822785
0.011333742
0.011407057
0.012505805
0.011626518
0.01249595
0.011531315
0.012398923
0.012153605
0.011677688
0.011513459
0.012269959
0.011618902
0.01123294
0.011389392
0.011236076
0.011003429
0.010828353
0.011679223
0.011966624
0.012299176
0.012267687
0.010769407
0.011742809
0.011362479
0.012417643
0.012408203
0.011823515
0.011636375
0.011388176
0.011939166
0.011148778
0.010768159
0.010435927
0.011583733
0.010504121
0.012299912
0.011702392
0.011878173
0.011778394
0.010128942
0.012533326
0.013323651
0.011312878
0.012266887
0.012455724
0.01154898
0.011855165
0.011370928
0.011664471
0.010844578
0.011721305
0.011347183
0.010683229
0.011737657
0.01154834
0.01171932
0.011484786
0.011048775
0.013072893
0.013012827
0.011323598
0.011936062
0.010732863
0.01091594
0.012174501
0.012705682
0.012180741
0.011489042
0.011242028
0.011268812
0.01197088
0.012390058
0.010667868
0.010343124
0.011426033
0.010826305
0.011703832
0.012420267
0.012149828
0.012314505
0.011216364
0.011204875
0.011581813
0.011059719
0.011291917
0.011710104
0.011863388
0.010832673
0.010663068
0.01175225
0.009839367
0.010047788
0.013374629
0.011085
0.011951967
0.010970789
0.01123694
0.012631921
0.011744121
0.011143049
0.011289229
0.01340855
0.011189899
0.01132411
0.011006565
0.010799296
0.011352559
0.011846748
0.009756516
0.011345582
0.01064646
0.012261287
0.012367722
0.011141449
0.010858658
0.010612667
0.011698136
0.011679192
0.011605974
0.012027073
0.010792928
0.011471026
0.011481043
0.010743455
0.011392464
0.012493869
0.010259857
0.011680024
0.012305129
0.010646364
0.011217003
0.011429457
0.010305619
0.011700152
0.011540564
0.011353903
0.011456306
0.011492722
0.0106727
0.010843745
0.012331209
0.010943588
0.011180906
0.010824353
0.010280338
0.011393872
0.011601205
0.010751039
0.011134793
0.011245228
0.011491859
0.01118945
0.011339183
0.01076832
0.010560602
0.011071367
0.011333134
0.011633878
0.013243969
0.011077671
0.014247772
0.01182262
0.011044615
0.011748282
0.011196075
0.009293688
0.011424337
0.012087874
0.010358132
0.010939203
0.01257928
0.010976645
0.011349934
0.011314702
0.010501496
0.010856962
0.01093978
0.010290578
0.011283213
0.011807611
0.010743422
0.01201696
0.011566772
0.010987269
0.011493843
0.010569498
0.010889283
0.01116785
0.01132059
0.011201163
0.011151306
0.01155778
0.011122313
0.011071623
0.010598267
0.009857575
0.011109992
0.011157802
0.011201514
0.009853191
0.011313838
0.011510803
0.010823713
0.011796763
0.011804091
0.011546356
0.011018694
0.011212299
0.009927433
0.011193259
0.010697661
0.010601946
0.011151209
0.010045388
0.01011499
0.011277229
0.009382971
0.010709086
0.011564629
0.010081517
0.011034054
0.01132059
0.010603227
0.0111034
0.010993285
0.010634492
0.010981669
0.012154564
0.011175339
0.011038759
0.010651069
0.010546777
0.010784192
0.011052743
0.011348239
0.010821569
0.01121614
0.009913417
0.011219179
0.011239788
0.010654269
0.010512537
0.010992645
0.010839489
0.011445841
0.00953395
0.011921886
0.010604538
0.010746526
0.010519161
0.013587755
0.011379503
0.010453751
0.010520505
0.01070627
0.010598362
0.010503129
0.010410549
0.010958821
0.010103278
0.009562367
0.009585727
0.00973514
0.010965124
0.010942468
0.011371247
0.01074931
0.01050732
0.010787168
0.011155241
0.011055943
0.011422896
0.011032326
0.012773013
0.011325935
0.008623815
0.011181099
0.011048007
0.011007814
0.0109281
0.010452631
0.010510328
0.010709917
0.010810112
0.011585365
0.011142154
0.011468402
0.009773765
0.010573594
0.010509528
0.010177199
0.010211281
0.010050413
0.011010566
0.011194411
0.011083016
0.011197739
0.010776927
0.010776704
0.010096878
0.011071271
0.011825468
0.010480088
0.011635895
0.011077255
0.0112603
0.009747236
0.011014982
0.009961354
0.010189583
0.011187498
0.010564282
0.010290962
0.010483032
0.010457943
0.010612923
0.010760223
0.009995467
0.010947396
0.010986437
0.010259634
0.011096968
0.010678685
0.009109715
0.011853948
0.010102637
0.010321716
0.011498387
0.010517913
0.010615707
0.010744414
0.009781701
0.010001931
0.009934858
0.010596123
0.010967173
0.010053708
0.010678204
0.010461367
0.010561882
0.010664028
0.010687006
0.011128585
0.010733983
0.010869539
0.011248108
0.010245009
0.011495667
0.009643777
0.010805824
0.010517625
0.010523705
0.010740799
0.01059289
0.010964965
0.010158191
0.010660572
0.011018663
0.01026917
0.010171824
0.011092552
0.010184112
0.01088221
0.011209036
0.010028044
0.010662428
0.011381999
0.01163055
0.010285587
0.009464765
0.0103269
0.010827201
0.010653789
0.011571093
0.009718531
0.011083592
0.010480888
0.010518776
0.009376282
0.010232849
0.010468663
0.010365876
0.010473239
0.010579546
0.01070883
0.011527348
0.011242572
0.010815137
0.011638262
0.010542361
0.010499512
0.010351796
0.009481629
0.010491736
0.010708125
0.010459607
0.010494424
0.009018705
0.010210128
0.011230796
0.010401301
0.010397622
0.010774656
0.010638524
0.011231308
0.009565279
0.009846695
0.010000778
0.009532606
0.01034706
0.010599099
0.01027973
0.010198737
0.010361461
0.010655036
0.009676674
0.010504728
0.010360661
0.011378063
0.010365332
0.009940297
0.009659426
0.010517657
0.009727076
0.009162676
0.010894914
0.010482584
0.010327571
0.01078272
0.010094414
0.009992555
0.010836705
0.010443543
0.009946922
0.01048876
0.010197968
0.011274925
0.01042143
0.009519454
0.011566357
0.011132137
0.010985029
0.010656477
0.009558079
0.010753375
0.010517753
0.01011099
0.010654045
0.011668824
0.009856295
0.010938532
0.009931081
0.009873736
0.011289358
0.009569695
0.00975034
0.009466333
0.00998689
0.010432759
0.009339737
0.009270487
0.009781893
0.009020945
0.010260594
0.009861127
0.010166383
0.009505565
0.010661341
0.009632097
0.010540825
0.010401045
0.01010939
0.009700515
0.010441751
0.010120174
0.009979242
0.009890152
0.010114894
0.010184176
0.009310904
0.011337743
0.009565823
0.010251474
0.010753119
0.010253618
0.010006955
0.010011627
0.010018539
0.009617569
0.009832903
0.009278776
0.010712222
0.010911491
0.010291603
0.009954922
0.00917058
0.008878253
0.009593824
0.010895843
0.010096462
0.009649185
0.009883559
0.008405856
0.010354676
0.009886184
0.009954986
0.009873575
0.010410486
0.009691618
0.009059346
0.011111336
0.009045201
0.008842956
0.008715144
0.009340505
0.009903592
0.009790085
0.009522046
0.00892299
0.009377018
0.009196885
0.009727491
0.010937412
0.008984176
0.010336628
0.010271282
0.008239388
0.00987636
0.010408533
0.01002014
0.010509081
0.010537498
0.010665085
0.010178703
0.010713246
0.009688963
0.010470168
0.01065254
0.008749482
0.009361786
0.008878541
0.009434588
0.009273976
0.010358196
0.009261783
0.009822182
0.009606176
0.009749636
0.009529887
0.010121326
0.009691843
0.008948558
0.009712739
0.007997142
0.010228337
0.009640674
0.008688072
0.010464376
0.009209014
0.009882088
0.010586746
0.010611868
0.010010603
0.009677858
0.010061037
0.010249842
0.010601723
0.008947342
0.008657639
0.009266264
0.008854701
0.00980263
0.00997265
0.010359892
0.009894152
0.010052941
0.009979851
0.010219408
0.009926249
0.0111066
0.009567775
0.009932265
0.010147407
0.008651591
0.009985579
0.01003294
0.009904968
0.010195536
0.010686845
0.00991972
0.009141108
0.010389557
0.010061741
0.010536153
0.010102093
0.009262327
0.010961252
0.009551935
0.008721961
0.01086941
0.010088718
0.010071181
0.010171631
0.010094317
0.009635521
0.009478013
0.00898968
0.009115892
0.008528131
0.010419767
0.009902824
0.009478173
0.010158927
0.009480541
0.009308568
0.009405115
0.013417414
0.009378875
0.010880739
0.009191893
0.003619489
0.009285208
0.008747337
0.010014283
0.009293848
0.009240119
0.010012427
0.009682146
0.008869229
0.009831783
0.010210192
0.009681282
0.009114131
0.010252402
0.010348404
0.010090445
0.010233841
0.009283671
0.00965453
0.009537247
0.008945135
0.00972826
0.010348468
0.010666716
0.009513982
0.008358175
0.010428886
0.009144565
0.008239196
0.008775274
0.008265948
0.009433723
0.009864423
0.009261303
0.009224438
0.009319321
0.008901646
0.008699112
0.009095123
0.00876305
0.008952847
0.01013355
0.008224284
0.0100331
0.010150127
0.009446044
0.008974255
0.009610241
0.010252466
0.010086445
0.009918696
0.010110862
0.010059756
0.008881838
0.009846471
0.009598337
0.009530815
0.008513411
0.009292696
0.008638918
0.009442556
0.010038124
0.009425916
0.010467672
0.00998721
0.009760709
0.010163695
0.010050764
0.009942281
0.010086605
0.009861383
0.008762442
0.00956048
0.008919598
0.009199542
0.009609793
0.008325151
0.009004209
0.00869204
0.009929033
0.01055049
0.009516382
0.008791979
0.008723753
0.008894925
0.009503678
0.010487064
0.009175477
0.010013452
0.009698402
0.008948623
0.009108883
0.008876749
0.008710505
0.009018161
0.008818924
0.009009009
0.009361722
0.009040114
0.009978603
0.009979211
0.009682914
0.00920991
0.00900232
0.009139796
0.009613249
0.008786826
0.007873778
0.008866797
0.00921519
0.009916297
0.009545919
0.008778219
0.008232092
0.009832551
0.009859559
0.009066578
0.010086445
0.008914702
0.00964621
0.009214806
0.008845836
0.008501027
0.008722153
0.008379487
0.009226327
0.009474237
0.009131636
0.008862989
0.009424412
0.008297022
0.009146388
0.009552543
0.009766437
0.008622503
0.008266269
0.010416694
0.009678211
0.009738084
0.008780811
0.008976463
0.008947471
0.00860983
0.010047692
0.0089996
0.009201205
0.008564581
0.009446364
0.0097313
0.009125491
0.009120531
0.008565637
0.007512168
0.008528164
0.009092979
0.008175578
0.008276733
0.009363482
0.007899155
0.009098867
0.009181365
0.009473853
0.007708397
0.008924815
0.009348825
0.008246236
0.008627751
0.008670727
0.007967476
0.008636998
0.009100179
0.009044529
0.008231291
0.009088787
0.008748714
0.009476829
0.008504003
0.00857386
0.008176634
0.009088115
0.008485282
0.008618278
0.008741417
0.008083064
0.008191066
0.008516291
0.009042001
0.008831179
0.008373247
0.008915694
0.009273335
0.008020022
0.008772811
0.008827275
0.008579781
0.008759242
0.008956463
0.008440034
0.00927404
0.008284829
0.008859724
0.009346073
0.007769967
0.008376512
0.008563109
0.00954179
0.0083936
0.008070391
0.007949012
0.008837388
0.009182357
0.008741162
0.009170805
0.009153364
0.009158004
0.008407968
0.008456193
0.008994704
0.009236822
0.007719758
0.008373151
0.008374847
0.00853674
0.009485789
0.009810918
0.008888461
0.008806891
0.007745391
0.009668194
0.009503166
0.009111123
0.00816905
0.008735945
0.008827243
0.0082591
0.008362623
0.010074541
0.008447234
0.010079085
0.008907342
0.00844477
0.008855693
0.008672711
0.008450658
0.008844012
0.008959087
0.009303192
0.00784757
0.008874733
0.009045618
0.007325155
0.008817355
0.008025462
0.008547716
0.008873677
0.008073431
0.008121753
0.00830771
0.009231478
0.008987983
0.009859527
0.008741961
0.009228214
0.008896141
0.007350532
0.008733513
0.009200533
0.008820939
0.008420513
0.008186394
0.008071991
0.00832643
0.008581637
0.007305059
0.008033846
0.009085459
0.008549188
0.008082039
0.008071671
0.009215798
0.008701608
0.008004598
0.008221755
0.007924116
0.00883966
0.008420993
0.009114867
0.008795499
0.008246844
0.009521791
0.009056305
0.008926158
0.008680744
0.008949519
0.007832177
0.009704451
0.010500344
0.007992021
0.009020337
0.009698787
0.008683496
0.008502883
0.008614822
0.007496296
0.00817305
0.008954831
0.007756847
0.007787279
0.008887053
0.008725545
0.008421697
0.007806672
0.008939055
0.008298749
0.008087352
0.008012246
0.008639879
0.009525534
0.008731145
0.008809644
0.008836748
0.008585701
0.00899848
0.008873805
0.00839872
0.008529188
0.008800843
0.007841489
0.006943674
0.009149556
0.009036241
0.009015248
0.009058898
0.008466626
0.008729065
0.009021681
0.009049617
0.008787531
0.008719881
0.00868356
0.008643911
0.008396832
0.007992341
0.008348575
0.007300483
0.007475143
0.005509971
0.008791498
0.008269692
0.008004854
0.008512771
0.008065271
0.008373216
0.009823142
0.008856301
0.009046865
0.007776688
0.008452418
0.008453922
0.009033841
0.008422881
0.008135673
0.00738855
0.008157178
0.009312729
0.008530756
0.009333241
0.008124825
0.007983605
0.007610924
0.007811504
0.009536319
0.008644103
0.008083
0.008789322
0.008588326
0.008236348
0.008717769
0.008548644
0.008433953
0.008672552
0.007803856
0.008610694
0.009144148
0.007990933
0.008246845
0.009207478
0.008887853
0.009618465
0.008868461
0.008706281
0.007337956
0.008474338
0.008451266
0.007915411
0.008080887
0.007852562
0.008910862
0.008428577
0.007246658
0.00898872
0.008198523
0.007993141
0.007948372
0.00842208
0.009996203
0.008759146
0.008627686
0.007845265
0.007855602
0.007443047
0.008274909
0.008146745
0.007844529
0.008307454
0.008221339
0.007969365
0.008186203
0.007934292
0.007918323
0.007213441
0.008442306
0.008629703
0.008523875
0.007858514
0.00772475
0.008564292
0.008168154
0.007509288
0.007516329
0.007619916
0.008291582
0.00765742
0.007822097
0.007532938
0.008485859
0.007677133
0.007817969
0.00824198
0.008678056
0.008739018
0.008496291
0.007501321
0.008222811
0.007134495
0.007366213
0.008497603
0.007212544
0.008005942
0.007069821
0.007938644
0.006935769
0.008953359
0.008197115
0.007226209
0.007814609
0.007731566
0.008011702
0.008194011
0.008048855
0.007691022
0.007676493
0.007523209
0.007868594
0.007587819
0.007744046
0.008110009
0.008103513
0.007447302
0.007587243
0.00771883
0.006181317
0.007501769
0.008187483
0.008210267
0.008634983
0.008801867
0.007630987
0.007914387
0.007329443
0.008565893
0.008654055
0.008903181
0.007625452
0.009245847
0.007809745
0.007547178
0.007789008
0.005730265
0.007654188
0.00808172
0.007800016
0.007914132
0.008155066
0.007994901
0.007184928
0.00736218
0.00839456
0.007608107
0.008983472
0.007019388
0.007970645
0.008342399
0.008484354
0.008447362
0.007569898
0.00861191
0.008041367
0.008198267
0.00810204
0.007119198
0.007056477
0.008568645
0.008081016
0.008214939
0.008275005
0.007231713
0.006184869
0.007464872
0.00761518
0.007615244
0.007514057
0.007929971
0.007770351
0.007570986
0.007983317
0.006727251
0.007690094
0.008069495
0.008172794
0.00784357
0.008910126
0.008275709
0.00794018
0.008532995
0.007399365
0.007470344
0.007067772
0.007283139
0.005106217
0.006370474
0.007575178
0.00787157
0.007598859
0.007467943
0.007406374
0.007253666
0.007801136
0.0088659
0.00793554
0.007792016
0.007677485
0.007484712
0.007470695
0.008222524
0.006952154
0.006771157
0.007208865
0.007834546
0.007941492
0.007667277
0.00792434
0.006763445
0.007891443
0.008138809
0.00898152
0.008650343
0.007544649
0.007579434
0.008117753
0.008023702
0.007631244
0.00740487
0.007610091
0.00725917
0.007138271
0.008108377
0.008069079
0.008670824
0.007824145
0.006126211
0.007549642
0.006905561
0.008052343
0.007939092
0.008040598
0.008466402
0.007288002
0.007134591
0.007545162
0.007225793
0.008566021
0.008011158
0.007705966
0.007538793
0.007312963
0.007902835
0.006521262
0.007042332
0.007467048
0.008231676
0.008691304
0.007484359
0.007289219
0.007365573
0.00890027
0.006478285
0.007378885
0.006921497
0.008404832
0.007774992
0.007515785
0.00811852
0.006867864
0.00716704
0.007881971
0.007359268
0.00710739
0.007312356
0.007860562
0.008173626
0.00762222
0.007553993
0.008765419
0.007233025
0.007144991
0.006641841
0.007453191
0.007543146
0.007519944
0.007196801
0.006958906
0.008127513
0.007281987
0.008109113
0.00748244
0.007375269
0.00690684
0.007535017
0.007303683
0.007313827
0.007457127
0.007091805
0.006767188
0.007336996
0.007571178
0.006770869
0.00759105
0.006261159
0.006615345
0.007158047
0.008086648
0.006987035
0.007164991
0.007183904
0.007579211
0.0070591
0.007676813
0.006787317
0.008009717
0.007835409
0.006404491
0.007727343
0.006851671
0.006723284
0.006544367
0.006738356
0.00635921
0.006315689
0.007923956
0.00688636
0.006996059
0.007053788
0.006789013
0.008386176
0.007599307
0.006682962
0.006462573
0.009019281
0.007442503
0.006955289
0.007285474
0.006611121
0.007301123
0.007465447
0.006829174
0.005771515
0.006847159
0.007770863
0.007225313
0.007798097
0.008480931
0.007213856
0.007132191
0.006705267
0.007152671
0.007614476
0.007122367
0.006967771
0.006947866
0.006829622
0.008038839
0.006658226
0.006239975
0.008108857
0.007933043
0.007697038
0.007562057
0.008595589
0.007489192
0.007593418
0.007282402
0.006577071
0.00658952
0.007075773
0.006500621
0.007136638
0.006760821
0.006165381
0.007214304
0.007672717
0.007107678
0.007354596
0.006502445
0.008780043
0.006925849
0.00711907
0.006827895
0.007548457
0.008958127
0.00740087
0.007265282
0.007497672
0.006976251
0.006254343
0.007055132
0.006787861
0.00687948
0.006678034
0.006825206
0.006567535
0.007353477
0.007039484
0.006528111
0.00717808
0.007267458
0.00741351
0.007986389
0.006508302
0.006615984
0.006720116
0.006350218
0.008793195
0.006143972
0.007164607
0.007536617
0.00777736
0.005610197
0.007080605
0.006668371
0.006568079
0.008001685
0.007108798
0.006693427
0.00656088
0.006745716
0.006818998
0.006531438
0.007919508
0.007319875
0.006848215
0.006923737
0.006163749
0.006216262
0.006091266
0.008055927
0.007215776
0.006519118
0.007228033
0.007086653
0.007098366
0.006629393
0.0067405
0.007222241
0.00780232
0.00731658
0.007537417
0.005970495
0.007414086
0.006481261
0.006915257
0.005591414
0.006960026
0.008036887
0.010393494
0.00873393
0.006563759
0.006890008
0.008249181
0.007079518
0.007594891
0.00673474
0.006802806
0.00695945
0.006809526
0.007376805
0.007898483
0.007359812
0.005650967
0.006100323
0.006438476
0.006453356
0.006979482
0.006675379
0.00771755
0.00687756
0.00773899
0.007059228
0.006631057
0.006049922
0.007286851
0.006545903
0.006551343
0.006826838
0.006466124
0.005361039
0.006594865
0.006976283
0.00652619
0.00656488
0.006473421
0.005980256
0.006360746
0.006394698
0.006643378
0.007154623
0.00582022
0.007273282
0.005366767
0.007811761
0.006663314
0.00652155
0.005544468
0.00674034
0.007941652
0.006808566
0.007080413
0.006721011
0.007188416
0.007256322
0.006678227
0.006524782
0.006603089
0.006836087
0.006730068
0.006942618
0.006960794
0.006618833
0.006931065
0.005629591
0.005797339
0.00649611
0.007838354
0.007312836
0.005799419
0.006939673
0.006920985
0.008108889
0.006852439
0.007321604
0.007662285
0.006861655
0.006752341
0.007067485
0.006711091
0.006664658
0.006890264
0.006665042
0.006548527
0.007023356
0.006762293
0.006658865
0.005647607
0.00696105
0.006729588
0.007417606
0.007183488
0.006310504
0.006947354
0.006944473
0.007856786
0.006074818
0.005893181
0.006925561
0.007474344
0.006030977
0.0068726
0.007005211
0.006728212
0.006778261
0.005449617
0.005917758
0.00728509
0.006558447
0.006580752
0.005910462
0.007374981
0.007632876
0.008302461
0.006460237
0.006104675
0.006541614
0.007419335
0.007041564
0.007374085
0.005033958
0.005712377
0.006071587
0.006667218
0.006962394
0.006148996
0.00658792
0.006429067
0.005485331
0.005636567
0.006159909
0.007168223
0.005748378
0.006008865
0.006056642
0.005818588
0.007589867
0.006711667
0.006165476
0.005514996
0.006123652
0.00703766
0.005986528
0.006030785
0.005611125
0.007393797
0.007064637
0.005716377
0.006005504
0.006484141
0.006779637
0.006609393
0.006298056
0.006270279
0.006278472
0.006846327
0.005659991
0.006013728
0.006909912
0.005919422
0.007472808
0.005037159
0.006984443
0.006898072
0.006578288
0.007170176
0.005854236
0.007103358
0.006214342
0.007312419
0.005234348
0.005405904
0.006003265
0.006958394
0.006703763
0.006235718
0.006616305
0.00658776
0.006923961
0.005059111
0.006319241
0.006282312
0.008253916
0.005684728
0.005627254
0.00688988
0.006820118
0.006545999
0.006236582
0.004882147
0.006053249
0.00532427
0.005193771
0.006455757
0.005090408
0.006359306
0.006478765
0.006566768
0.005239756
0.005289005
0.00582518
0.005987072
0.005863228
0.005665912
0.005747578
0.007411238
0.005454994
0.006238023
0.006027233
0.00533467
0.006026881
0.006477997
0.004923331
0.006269576
0.005505651
0.005539732
0.005737306
0.005267724
0.006245831
0.0053908
0.005043015
0.005941791
0.006604528
0.006196965
0.006094979
0.0062842
0.006072611
0.0054108
0.006175205
0.005945471
0.006203974
0.006714868
0.005773947
0.006584816
0.00643566
0.006077698
0.005334926
0.005733914
0.005564501
0.004927396
0.005781083
0.006176005
0.005458962
0.005792891
0.006559151
0.004940164
0.005081224
0.005337039
0.00516129
0.005093608
0.007255042
0.006101027
0.005949951
0.006057122
0.005600438
0.005964064
0.007171968
0.006531599
0.004713022
0.006569872
0.005433009
0.006354954
0.006301321
0.004836577
0.005673303
0.005109832
0.006046562
0.006433836
0.005824316
0.006238503
0.005656247
0.00629988
0.005801051
0.005781562
0.007174687
0.004896451
0.00610794
0.005521811
0.005288237
0.004769728
0.006451789
0.005655063
0.005582549
0.006660274
0.0059576
0.006207238
0.005770202
0.005336783
0.005229163
0.00659992
0.006375787
0.006721107
0.006054114
0.005302702
0.005275853
0.005459858
0.005597237
0.005617719
0.006134884
0.005057895
0.005646999
0.005319982
0.006434156
0.005227532
0.005068391
0.005581141
0.006229735
0.006569999
0.007446247
0.004919683
0.00561151
0.005579509
0.005970175
0.005895805
0.006077762
0.006333577
0.005367408
0.006140548
0.005629462
0.005648503
0.005934399
0.00663509
0.006709747
0.005421265
0.005661175
0.008101592
0.005480339
0.005841276
0.00569148
0.005849948
0.004961956
0.005720985
0.005044455
0.004665308
0.005995424
0.006175589
0.006436268
0.006540911
0.006733428
0.005302254
0.005953375
0.00564111
0.005726649
0.006008064
0.005950719
0.006154821
0.004636027
0.005114089
0.006105892
0.004912675
0.006362986
0.005943678
0.00620519
0.005699321
0.005608853
0.006408619
0.005000166
0.005153546
0.004812097
0.006083299
0.005566068
0.00523102
0.006259975
0.005657496
0.005354159
0.006344362
0.005313486
0.005558132
0.005542612
0.005775899
0.005833276
0.006672018
0.005488435
0.004815425
0.005612086
0.005857212
0.006047458
0.006541199
0.006554511
0.005748249
0.004252977
0.00562591
0.005708728
0.00802159
0.005502995
0.005331598
0.00591043
0.006008225
0.006174757
0.005266541
0.005526612
0.005593942
0.00520622
0.005380912
0.005530355
0.006027169
0.005109097
0.005174314
0.005800603
0.006135651
0.006257511
0.005176107
0.005388816
0.006230694
0.004479735
0.005810331
0.005679224
0.005768314
0.004425142
0.005900798
0.005699672
0.005458162
0.006954041
0.005762106
0.00407438
0.005533396
0.005077256
0.005754842
0.005952799
0.006138148
0.005659255
0.005788283
0.005838972
0.00575481
0.006506574
0.004604987
0.005642487
0.005264717
0.00501335
0.005501747
0.006433964
0.006450796
0.005612662
0.005072168
0.005737306
0.005797947
0.005441329
0.005313998
0.005010822
0.004998502
0.005952639
0.004635452
0.004533946
0.004903907
0.004747358
0.004655101
0.005417649
0.00667333
0.004985605
0.004680477
0.005579189
0.005604054
0.005140842
0.00486253
0.005888637
0.006080674
0.005496755
0.004752415
0.006022241
0.003894697
0.004975173
0.005018726
0.005010982
0.005221035
0.005460114
0.005524467
0.004345236
0.005795259
0.004252722
0.006143941
0.006150757
0.004809024
0.005436466
0.005391824
0.004602939
0.005057447
0.004626971
0.00560879
0.004628636
0.004220016
0.005446962
0.004612155
0.005703769
0.006093538
0.0056686
0.006229255
0.006219814
0.005528659
0.00552706
0.005627127
0.005226411
0.005475474
0.00529243
0.005789275
0.005266637
0.004839233
0.005657463
0.004753183
0.004774624
0.00582838
0.005623862
0.004496889
0.005723353
0.005123593
0.005601654
0.004529561
0.00518145
0.004915619
0.004956228
0.006000225
0.005594678
0.004371509
0.004300723
0.005678264
0.005746105
0.00492026
0.005232364
0.005103976
0.0057062
0.00540328
0.005350767
0.005269228
0.004107342
0.005053031
0.003483133
0.005218348
0.005355759
0.004901955
0.004805985
0.003714564
0.005710297
0.004800545
0.003914504
0.005037895
0.004959108
0.006102403
0.004861506
0.006092131
0.005137097
0.004905795
0.005004933
0.00517697
0.004890659
0.006349801
0.005061639
0.00467174
0.004831585
0.004812385
0.004874818
0.005340271
0.005418065
0.004401846
0.004030156
0.005401712
0.004528377
0.00596512
0.005953855
0.005121961
0.005236588
0.004462839
0.005134889
0.005039655
0.004525785
0.005148681
0.005158986
0.005302798
0.005629527
0.004625211
0.004551642
0.004489432
0.004004267
0.005270989
0.004678173
0.00430754
0.004947108
0.004279794
0.005160266
0.006233254
0.005549204
0.004452439
0.004538746
0.004858018
0.005232747
0.00539512
0.00605917
0.004008587
0.00477952
0.005149481
0.004683581
0.004628827
0.004779424
0.005711288
0.005318766
0.004153615
0.004831809
0.004626236
0.004107406
0.003909896
0.004828609
0.004261746
0.00544629
0.005699
0.003839366
0.004511864
0.005370607
0.005517331
0.005220683
0.004967332
0.004537113
0.004237457
0.004568282
0.004825825
0.004062605
0.004872002
0.005017158
0.003784613
0.005221772
0.005717849
0.00403902
0.003973002
0.004996294
0.003563679
0.003485821
0.005105769
0.003654434
0.004151503
0.005081064
0.004169903
0.00510004
0.00438895
0.004144751
0.005517235
0.004830241
0.0038794
0.004244753
0.004925924
0.003617281
0.004129614
0.004124622
0.004464663
0.004152847
0.004901795
0.004416694
0.00464694
0.004538841
0.004487576
0.004278194
0.004782528
0.005418257
0.005664535
0.003204182
0.004316179
0.004665532
0.00463254
0.004812064
0.004949508
0.004335252
0.004433271
0.00500599
0.004098158
0.004977541
0.005235531
0.005169802
0.004881443
0.004240497
0.004865666
0.004142703
0.004641372
0.004938116
0.005181738
0.004670973
0.005639799
0.004730814
0.004124206
0.004036652
0.004100621
0.00389732
0.004235633
0.003685443
0.004393398
0.004333235
0.004415894
0.004182895
0.004875075
0.004505912
0.004240049
0.005794139
0.005507539
0.005269645
0.004954436
0.005269933
0.00650907
0.004802944
0.004479288
0.00471283
0.004338036
0.004301363
0.004366804
0.00449884
0.00412971
0.004953284
0.004625947
0.004201169
0.005517299
0.004521017
0.004502616
0.003987594
0.004309299
0.003812806
0.004171055
0.00397201
0.003335737
0.004318291
0.004842849
0.004452279
0.00576073
0.004277554
0.004734302
0.003973514
0.004420535
0.005473746
0.004924324
0.004662685
0.004517081
0.004442519
0.004484312
0.005123113
0.005166826
0.003270103
0.004632828
0.003739332
0.004056173
0.004401429
0.00518689
0.004503257
0.004389237
0.004038156
0.005356527
0.004449495
0.004138959
0.004858529
0.003877704
0.004555578
0.004430839
0.004130927
0.003948458
0.004741759
0.005045383
0.004829345
0.004208048
0.003313625
0.003432315
0.003703843
0.004526585
0.004284979
0.004715966
0.00382087
0.004904643
0.0049281
0.004744287
0.003210806
0.004268434
0.00269668
0.00495898
0.004812961
0.00478304
0.005195082
0.004807361
0.004525721
0.004815265
0.003922664
0.004160527
0.003814886
0.004547866
0.004156399
0.003996395
0.004123886
0.003792197
0.004373173
0.003966346
0.004037995
0.003877671
0.003872008
0.004314676
0.004455671
0.00463638
0.004483895
0.004285235
0.004498232
0.003652481
0.004617468
0.004746111
0.004285779
0.004400981
0.005554388
0.004849954
0.004156752
0.004681629
0.003830823
0.005197739
0.004072813
0.004862561
0.003674147
0.004924836
0.003104179
0.00373386
0.004544441
0.003903944
0.003961578
0.004682173
0.003824006
0.003518718
0.004774111
0.004572314
0.003314553
0.003990475
0.0052339
0.003906409
0.004442839
0.003726692
0.003883208
0.004057196
0.004353716
0.004353237
0.004636636
0.004281266
0.004156431
0.005088264
0.005034439
0.004522361
0.003683298
0.003892808
0.004178256
0.005599509
0.004396021
0.004280818
0.004351572
0.003742404
0.003793894
0.00471267
0.004760287
0.004254002
0.004715966
0.004397174
0.002694408
0.003864392
0.004266258
0.003525406
0.003489053
0.003585248
0.004186064
0.004297491
0.004284723
0.003130835
0.003413051
0.00399633
0.00373434
0.003934697
0.003699298
0.004015691
0.004489976
0.004490264
0.00301368
0.004558746
0.003321337
0.002815819
0.003689026
0.003884296
0.00344374
0.004191568
0.004127182
0.003342329
0.003874919
0.003785093
0.003722915
0.004225104
0.003817702
0.003418396
0.003227862
0.004206672
0.005053351
0.003977035
0.002897805
0.00405086
0.004712382
0.004363285
0.004585691
0.004876386
0.00365053
0.004239473
0.004441399
0.004596091
0.004394773
0.004652604
0.004672861
0.003095955
0.004579034
0.003911144
0.00388164
0.003797957
0.004235473
0.004261874
0.003218102
0.004674013
0.003244534
0.001597451
0.003902856
0.004473079
0.004595867
0.004436951
0.002796811
0.004267314
0.003665506
0.002636198
0.004509849
0.004597083
0.002872717
0.004534009
0.003067666
0.004122478
0.004386742
0.003677506
0.004032844
0.003552639
0.00334537
0.004609979
0.004502457
0.003690659
0.002910094
0.004241585
0.004343124
0.004853506
0.003475357
0.002227836
0.003818726
0.003838502
0.003834662
0.007155552
0.003999787
0.004531866
0.004338132
0.003389914
0.003039281
0.00364477
0.003889096
0.002642022
0.004170064
0.003938825
0.003502078
0.00368573
0.003066994
0.003739108
0.003814022
0.004090702
0.004580474
0.00368141
0.00261127
0.004023052
0.003930953
0.004055564
0.004138991
0.004270258
0.00306693
0.004225713
0.003037265
0.003716739
0.003929641
0.004529593
0.003711619
0.003513182
0.003341402
0.004356597
0.004679037
0.003173013
0.002905678
0.00263559
0.003642114
0.003359994
0.003938697
0.001684269
0.00267988
0.003334233
0.002713129
0.00278289
0.003975818
0.002421313
0.002852652
0.003845031
0.003959305
0.004989381
0.003554143
0.003014705
0.002952559
0.00397489
0.003256695
0.004634364
0.004270002
0.003120339
0.00322751
0.003335001
0.004139246
0.004567258
0.002912142
0.003572287
0.003446172
0.003194101
0.004053868
0.00328252
0.00374186
0.003445564
0.003050866
0.002684263
0.00366397
0.003459581
0.002508547
0.00246765
0.003491101
0.003964778
0.004300915
0.003520126
0.002799402
0.00426069
0.003921161
0.004121742
0.003633121
0.003803942
0.003098099
0.003272631
0.00449308
0.003691618
0.002489986
0.002054679
0.003226518
0.003912841
0.002451426
0.003747492
0.003602368
0.002966735
0.003374138
0.003557279
0.002868429
0.003720003
0.003222614
0.003181749
0.002927022
0.004037356
0.003101779
0.003191445
0.002587429
0.003020752
0.002677192
0.002517827
0.003451453
0.00306773
0.002737097
0.002701384
0.00353795
0.00357632
0.002783979
0.002549604
0.003038289
0.003985802
0.004108366
0.00300984
0.002858956
0.001737103
0.003081394
0.003636129
0.002839596
0.002914606
0.00316722
0.002419264
0.002521956
0.003264951
0.002729993
0.002421761
0.003690595
0.002138553
0.002369568
0.002755145
0.00229107
0.003094675
0.004113678
0.003734819
0.002655079
0.003973515
0.003798982
0.002265277
0.003054898
0.001773392
0.002477987
0.002695048
0.002363391
0.002426176
0.001930003
0.003244406
0.002869741
0.002133689
0.003485693
0.003027377
0.002793514
0.00313778
0.003244854
0.003367002
0.002868653
0.003018385
0.00367133
0.003457852
0.002599078
0.00312498
0.003090482
0.003147636
0.002374847
0.002971376
0.003849543
0.00379479
0.002664167
0.002778154
0.0026858
0.002578181
0.002637671
0.003330457
0.002663495
0.00253002
0.002874509
0.002901933
0.002844812
0.003157492
0.003839334
0.003527519
0.004215441
0.002612486
0.003381563
0.002740265
0.003678978
0.003249527
0.003731748
0.003670595
0.00279041
0.003104307
0.003044689
0.003086546
0.002272413
0.002872077
0.002889165
0.001954356
0.00439823
0.002967919
0.002941807
0.004216464
0.002767914
0.003015536
0.003625344
0.003622273
0.002356031
0.002711049
0.002909134
0.002414881
0.002680744
0.0029876
0.002920622
0.004365365
0.003396283
0.002423361
0.002648615
0.00254954
0.00246349
0.002816748
0.003000273
0.002964431
0.00267108
0.003481181
0.002566629
0.003646337
0.002543428
0.00247597
0.002826572
0.002425185
0.002473218
0.003705251
0.002300382
0.003175125
0.004084814
0.003114163
0.003907593
0.002582757
0.003033554
0.003234583
0.004401173
0.002554916
0.002616358
0.00260903
0.0025409
0.002692968
0.003572191
0.002834572
0.003492061
0.004264882
0.001683821
0.002762538
0.003403067
0.002321694
0.003179413
0.004742559
0.003560639
0.002212827
0.00292203
0.004280915
0.001559498
0.002813836
0.00362048
0.002396416
0.002448769
0.002091512
0.003034994
0.002097912
0.003472605
0.00346006
0.003970378
0.002178746
0.001888179
0.002903054
0.003239927
0.001243618
0.003001745
0.001227329
0.003811174
0.003719684
0.002905325
0.002970191
0.004083789
0.002745513
0.003354778
0.002984784
0.003105043
0.002048375
0.003409851
0.00337865
0.002959407
0.003273848
0.003220022
0.003375738
0.002099032
0.002702536
0.002352703
0.002588261
0.002127288
0.002118712
0.00238048
0.001865042
0.001614987
0.003214742
0.001760303
0.003599744
0.002615462
0.003546879
0.002279933
0.003454236
0.003231606
0.002523011
0.002325726
0.001934868
0.002259805
0.00196034
0.00335753
0.002748714
0.002533572
0.0026754
0.002598534
0.002965616
0.003500542
0.002394912
0.00234723
0.002435873
0.002907533
0.003408635
0.004421719
0.002363839
0.003244439
0.003210774
0.003436732
0.002604262
0.001261634
0.002147609
0.003089938
0.000971034
0.000233159
0.002704264
0.001546153
0.002713065
0.002599398
0.003126932
0.004711742
0.001634827
0.001614988
0.002388128
0.003731491
0.002200891
0.002122073
0.003056369
0.002035127
0.001821201
0.001745486
0.00199743
0.0040475
0.002822572
0.002443297
0.003344378
0.002696392
0.001766607
0.002657191
0.001806672
0.002622886
0.002125305
0.001058685
0.001504009
0.000334921
0.001405157
0.002566308
0.00239216
0.002000181
0.001989333
0.003090227
0.002471842
0.002384448
0.001825361
0.001960212
0.00305957
0.003027665
0.003281496
0.002319358
0.001848306
0.00108915
0.001004827
0.001082429
0.002872588
0.002318078
0.000851799
0.002374592
0.002287006
0.002227004
0.002393536
0.00250141
0.002366656
0.00223206
0.003215062
0.0018076
0.002834444
0.002389952
0.002274941
0.003217654
0.001240865
0.001387877
0.00220153
0.003128276
0.000813685
0.002487138
0.00245805
0.002060535
0.002318078
0.000980186
0.002088824
0.001170112
0.003525886
0.002133209
0.002322398
0.002238876
0.002266493
0.001586923
0.000846614
0.002175226
0.003007409
0.001705774
0.002808844
0.002042231
0.001507752
0.001377989
0.002319038
0.001307619
0.001498344
0.001829361
0.001436614
0.002484898
0.001689869
0.002875949
0.001493896
0.002600805
0.002740841
0.002427169
0.002213275
0.002144282
0.002435457
0.002306909
0.002053015
0.001777552
0.003034609
0.002689704
0.001714894
0.001826929
0.001690318
0.001649996
0.002474594
0.002777578
0.002128377
0.001628908
0.001575178
0.000572176
0.002008854
0.001920851
0.001687437
0.002124249
0.001918611
0.001766639
0.002077911
0.003131348
0.002120473
0.002024822
0.00210124
0.002211707
0.003172981
0.001397605
0.003848519
0.001947156
0.001656204
0.001424966
0.001727054
0.001555849
0.002260636
0.002406081
0.000885079
0.002301213
0.001515144
0.003364282
0.002067384
0.001304195
0.003022865
0.001619276
0.003187541
0.002380512
0.002329886
0.002583397
0.002775818
0.002457441
0.001820593
0.001700461
0.00216633
0.000956633
0.001984341
0.00167198
0.002864364
0.002132793
0.001221217
0.002041718
0.001677869
0.001725646
0.002425793
0.002235804
0.000992891
0.002089976
0.001332036
0.002031415
0.001003867
0.001492232
0.001433094
0.001594763
0.002016981
0.001553353
0.002073175
0.000613776
0.001774224
0.001018043
0.001874226
0.002937423
0.002025686
0.002888109
0.001722638
0.001742286
0.000131171
0.000929785
0.000994715
0.001674477
0.002073367
0.002034742
0.001813745
0.001800753
0.001208128
0.000658162
0.001731311
0.002928814
0.002224604
0.002031414
0.002765034
0.001625483
0.00200559
0.001836017
0.001857522
0.002406752
0.001782544
0.001436263
0.002154233
0.002432801
0.002273437
0.002285981
0.001173983
0.001526504
0.001658668
0.002886829
0.001773456
0.002192923
0.002483235
0.002031095
0.000845303
0.00075874
0.001732974
0.002427841
0.001248449
0.001796272
0.00261607
0.000639569
0.0019269
0.002052439
0.001659789
0.002096696
0.002237468
0.001776463
0.000504333
0.001934772
0.002645991
0.001198464
0.002019638
0.002494275
0.001228097
0.001377797
0.001573194
0.002374112
0.00203231
0.001884114
0.001469191
0.000588304
0.002377375
0.000601104
0.001773295
0.001903315
0.001666061
0.002777802
0.002192923
0.001984822
0.00174235
0.001164127
0.000946905
0.000876279
0.001298531
0.002202619
0.002237148
0.001931892
0.0017892
0.002728201
0.002456034
0.001289922
0.001906771
0.001659277
0.002925038
0.001368869
0.001527337
0.001991189
0.0017956
0.002078008
0.002480098
0.001991925
0.001306179
0.001697037
0.001780143
0.001815312
0.002201819
0.001298851
0.002498147
0.00156049
0.001616011
0.003339801
0.00217481
0.002982224
0.001561162
0.001999382
0.001824945
0.001606667
0.003018353
0.001289123
0.002226268
0.003734564
0.001166015
0.002516419
0.001313572
0.000887511
0.001356005
0.001096125
0.002560133
0.00188613
0.002037686
0.001328868
0.001706094
0.001836081
0.001542185
0.002973392
0.001079581
0.000856055
0.000976891
0.00142727
0.001459463
0.000752116
0.001752975
0.00128829
0.00118608
0.002006454
0.00133578
0.000961178
0.001973493
0.001743695
0.000616081
0.001844177
0.000668466
-0.000101987
0.002398464
0.001498792
0.001746862
0.001390917
0.001550602
0.002428481
0.001336676
0.001066781
0.001830576
0.001925652
0.0017956
0.00172699
0.0016619
0.000724275
0.000943641
0.001516872
-0.000117923
0.000452172
0.001116862
0.001839985
0.000399147
0.001829873
0.001504297
0.000329641
0.001268001
0.001622539
0.000816278
0.00120016
0.002873645
0.00159153
0.00143079
0.001746063
0.000699026
0.000731284
0.001154495
0.000130019
0.001663436
0.000811606
0.001379589
0.001484584
0.000650962
0.000723475
0.001294275
-0.000110243
0.000586288
0.001927956
0.000676882
0.000506926
0.00127309
0.001837041
0.001638764
0.001745615
0.001096029
0.002147898
0.001332515
0.000683762
0.00081727
0.00149284
0.000905496
0.001596043
0.000518414
0.000563375
0.001383525
0.001545353
0.000930072
0.001307747
0.001363972
0.001601387
0.000845687
0.000397003
0.000321256
0.000212742
0.000527726
0.002013846
0.000326505
0.000812181
0.000456077
0.001301315
0.000992891
0.000583024
0.00021927
0.000354697
0.000113827
0.00061288
0.001011643
0.000940921
-0.000130468
0.001227777
0.001371365
0.001308419
0.001943348
0.001127678
-0.000122915
0.001268194
0.001160223
-0.000339721
0.000328713
-0.000127587
0.00021895
0.002363519
-0.000350825
0.000333577
0.000596208
5.1329e-05
0.000455052
0.000366858
0.001800176
0.001318244
0.000349834
0.000699987
0.001558441
0.001440198
0.000597584
-6.5793e-05
0.001270562
5.2994e-05
0.001837745
0.000384458
0.00163582
0.000749044
0.000963322
0.000835191
0.001134302
0.000716276
0.000762772
0.000344905
0.000356457
0.00072514
5.44e-07
0.000899448
0.000697234
0.001229825
0.000950682
0.001100637
0.001235489
0.000126723
0.001062652
0.001035132
-0.000382538
0.000929113
0.001413062
0.00097321
0.000225254
-0.000122883
0.001536105
0.00096313
-0.000122851
0.001642892
0.000369514
0.000599152
0.001185856
0.000471405
0.000671346
0.001441606
0.003036274
0.001659596
0.000484717
0.000981178
0.000751669
0.000202118
0.000241223
0.000485485
0.000319624
0.001711502
0.000121667
0.000491085
0.001048412
0.000439276
0.000218214
0.000272327
0.000839927
0.00066901
0.001694381
-0.00120384
0.001711213
0.001854962
-3.2e-07
0.00080223
0.001077821
0.001426566
0.001110014
0.000402891
0.001288451
0.001299042
0.000925817
0.001352069
0.000106915
0.000253703
0.000746612
0.000572559
0.000486989
0.000759637
0.001675533
-0.00046302
0.000619504
0.000518062
9.7122e-05
-2.8545e-05
0.000658514
0.00111347
0.00156817
0.000754772
0.001027099
0.000481741
0.0006052
0.000124164
0.000240774
0.000209798
0.001100477
0.001440326
0.000239911
0.000114019
0.000713908
0.001132927
0.000780661
0.000213317
-0.000128228
-2.88e-07
-0.000471564
0.000796022
0.000771349
0.001531913
0.000383499
-8.32e-07
0.001302723
0.000995994
0.00192082
0.001171232
0.001116158
0.000791797
0.000525166
0.000234534
0.00045758
0.001612779
0.000445836
0.000357834
0.000120323
0.000211814
0.001887698
-0.000125988
-0.000111939
-0.000126563
-0.00010253
-0.000125412
0.000439211
0.0
-0.000465292
0.001303939
0.001266178
0.001097309
0.001000219
0.000568559
-0.000372042
-1.28e-07
-0.000127491
0.000626257
0.000357834
0.000596272
0.000859095
-3.84e-07
0.000213478
-3.2e-08
0.001341412
0.000787413
0.000134595
0.001821297
0.000700371
-0.000260263
1.3216e-05
0.000126115
0.000726195
0.000222182
0.000238886
0.000454028
0.000120035
0.000115747
6.2498e-05
0.000118403
6.6465e-05
9.9011e-05
0.000137572
0.000445356
0.000596816
0.000572592
0.000124036
0.000562607
0.001115006
0.000129444
-2.3873e-05
0.001054524
0.000993243
-0.000111587
-0.000133188
-0.000593328
-0.000278279
0.000800373
9.2578e-05
-9.5042e-05
0.000299592
-0.000482061
0.000730356
0.000247206
-0.000461932
-0.000563375
0.000963962
0.000721076
-0.000456236
-0.000352554
-0.000705299
0.000116035
-4.481e-06
0.000151141
0.000101507
0.000119075
0.000200357
-0.000100258
3.4977e-05
0.000365418
0.002849548
-1.6e-07
0.000111747
0.001103262
0.001520488
0.001516457
-0.000163621
0.000305736
0.00022935
-0.000352905
-0.000106467
0.000397803
0.00072274
-0.000316073
0.000502734
0.000153476
-7.3762e-05
0.001805297
-0.000560527
-0.00023159
-0.000124515
0.001689773
0.000933113
-0.00059016
-3.2417e-05
-4.2977e-05
0.000205734
-0.000557359
-0.000492429
0.000243527
-1.92e-07
0.000196774
0.00024887
0.00029844
0.001406789
-0.000851799
0.000111107
0.00150516
0.000993435
-0.000574799
0.000207238
0.000308297
-0.000127076
0.000598672
0.000365897
0.000714099
0.000418252
-0.000121443
-0.000746355
0.000132004
0.000560623
0.001381221
0.000236742
-8e-07
-0.000319273
0.000283559
-0.000110339
-0.000103491
0.00035393
-0.000254311
0.000124899
0.000369034
-0.000110723
-0.000217477
-0.000207078
-0.000477901
0.000240295
0.000686258
0.000391594
-0.000890904
0.000248103
-0.000226214
-0.000108803
0.000374442
-0.000121603
-0.000326761
-0.000115619
-0.000835638
-0.000122339
-0.000101347
0.000708979
-4.1345e-05
0.000701043
-0.000223334
-0.00022247
-0.000108867
-0.000414667
-0.000106819
0.001083453
0.001092477
-0.000918392
0.001060637
-0.000447596
-0.000397514
-0.000227047
1.0048e-05
-0.00021895
0.000222566
0.000100803
0.000270023
0.000374346
0.000750516
-0.000541998
-0.000219014
-4.8e-07
0.001030556
0.000363274
-0.000114371
-0.000125187
-0.000557039
-0.000236039
-0.000253415
-4.16e-07
-0.000120163
-0.000570256
-0.000351369
0.000120963
0.000334857
-0.000116291
-0.000109059
-0.000877783
-1.92e-07
-0.000109539
-0.000210246
7.68e-07
0.000361897
0.00058328
-0.000206342
-0.000553967
-0.000357354
9.8914e-05
-0.000236903
-0.001153951
3.2e-08
0.000228486
-1.4081e-05
-0.000162821
-0.001482408
-0.000454732
-2.56e-07
0.000208837
0.000104739
0.000208741
0.000107299
-0.001517033
9.789e-05
-0.000372906
0.000792373
3.2609e-05
7.4274e-05
-0.001271778
-0.000675026
-0.000552271
-0.001347044
-0.001014363
-0.001485512
-0.000184997
-1.28e-07
-0.000100771
-0.001452774
0.000613584
-1.056e-06
-0.000666034
0.001122782
-0.000365482
-0.000707827
-0.000436076
-0.000224966
6.4e-08
0.000208262
-0.000198054
1.6e-07
9.8274e-05
-0.000806293
0.000108643
-0.000446988
-0.000784245
-0.000167749
-0.001144831
-0.000467916
-0.00073234
-8.1282e-05
0.000467277
-0.002115833
-0.000615249
-0.001097821
-0.000921721
-0.000691219
-0.000307721
-8.5666e-05
-0.000111587
-5.1937e-05
-0.000791798
0.000344585
0.000198822
-0.000895319
-1.28e-07
-0.0001705
-0.000140452
-1.1488e-05
-0.000211333
-0.000580976
0.000251879
0.000393898
-0.00089836
-0.000824822
-0.001819665
-0.001473959
-0.000336905
-0.000208101
-0.000400139
-0.000471085
-0.000248743
-0.000680882
-0.001674861
0.000229607
-0.001041212
-0.000173669
0.000194693
-0.000229894
6.0258e-05
-0.000280103
0.000177412
0.000265575
-0.00112259
-0.000252742
-0.001419494
-0.001197248
-0.00061352
-0.001165759
-0.000479597
-0.000118339
-0.000296872
-0.001390661
-6.4e-08
-0.00046846
-0.001098109
-0.000600593
-0.001485383
-0.000115491
-0.000213765
1.92e-07
-0.000325801
-0.000863415
-0.000849847
-0.000148164
-0.000747988
-0.000234022
-0.00097209
-0.00021687
5.12e-07
-0.000113027
-0.000239367
-0.000112067
-0.000108195
-0.000371562
-0.000132676
-0.001864498
-0.000210405
-0.001586858
-0.000338217
-0.000766773
-0.001073244
-0.001069372
-0.0004587
-0.000363274
-0.000597328
-0.000768692
-0.000487725
0.000112387
-0.000422988
-0.001034876
-0.001403557
-3.0785e-05
-0.001314723
-0.000816629
-0.000695986
-0.001410566
-0.001525672
-6.9762e-05
-0.000198021
-0.001627436
-0.000551919
-0.001027003
-0.000857719
-0.001181216
1.3376e-05
-0.001581194
-0.001088669
-0.001462823
-0.000331817
-0.000713747
-0.000674034
-0.000813813
-0.001694509
-0.000937433
-0.001635147
-0.000933721
-0.00126381
-0.00020631
-0.001095197
-0.000315017
-0.001130942
1.5009e-05
-0.001475335
-0.001685293
-0.000491085
-0.000119747
-0.001156415
-0.000718291
-0.000811445
-0.001832081
-0.001188063
-0.000335369
-0.000486669
-5.152e-06
-0.001191103
-0.000488237
-0.001101182
-0.000566991
0.000323017
-0.002218812
-0.00141991
-0.000813653
-0.000447948
-0.000938841
-0.000110115
-0.001725134
-0.001170079
-0.001357285
-0.001307043
-0.000897144
-0.000673266
-0.00035873
-0.000820982
-0.002036663
0.000121763
-0.000120771
-0.001569994
-0.002157274
-0.001308835
-0.000260583
-8.1538e-05
1.5681e-05
-0.001039676
-0.001146943
-0.000122115
-0.001440006
-0.001068381
-0.000689842
-0.001589067
-0.001651276
-0.001241025
-0.000736788
-0.001232513
-0.000110403
-0.000586992
-0.000340297
-0.001122526
-0.000595888
-0.001206752
-0.001090461
-0.001132671
-0.000864952
-0.000668753
-0.000111266
-0.000338121
-0.001683437
-0.001662156
-0.001561961
-0.001244513
-0.000938457
-0.000888119
-0.00023303
-0.000865399
-0.001072477
-0.00157137
-0.000562959
-0.000803541
-0.000673202
-0.000352682
-0.001404837
-0.001756335
-0.000213829
-0.001542409
-0.001704685
-0.001771504
-0.001521161
-0.00164622
-0.001366693
-0.001207712
-0.000130948
-0.001669133
-0.001648524
-0.001591051
-0.000947962
-0.000732371
-0.001135262
-0.000203685
-0.000348649
-0.001937588
-0.000845271
-0.001046844
-0.001613963
-0.000342473
-0.000120323
-0.00129181
-0.001755151
-0.001605803
-0.001495432
-0.001425382
-0.001393861
-0.000118787
-0.000462988
-0.00059352
-0.000332617
-0.000336105
-0.000811829
-0.000684242
-0.000346633
1.152e-06
-0.002049462
-0.002158457
-0.002111129
-0.001284291
-0.000222246
-0.000826838
-0.000610193
-0.000926425
0.000119811
-0.001676844
-0.000590704
-0.000355817
-0.001234145
-0.00036417
-0.000108579
-0.000490381
-0.000937689
-0.001736526
-0.00053931
-0.001302626
-0.001846481
-0.001081501
-0.000579216
-0.000573871
-0.000948154
-0.000217317
-0.001888147
-0.001922804
-0.00014218
-0.000132228
-0.001630347
-0.000619952
-0.001349988
-0.00232531
-0.000792406
-0.001262082
-0.002198395
0.000219269
-0.001242657
-0.001157631
-9.9394e-05
-0.000223526
1.1072e-05
-0.001858258
-0.000483053
-0.000231878
-0.00106726
-0.001527177
-0.00149364
-0.001152094
-0.001663532
-0.001460519
-0.000312265
-0.002349503
2.24e-07
-0.000100738
-0.001332547
-0.000710643
-1.28e-07
0.0002954
-0.001964085
-1.408e-05
-0.002055063
-0.001882034
-0.001153343
-0.000311016
-0.001838897
-0.001139967
-0.000429035
-0.002125913
-0.000334185
-0.001124926
-0.002234044
-0.00107446
-0.002090616
-0.002254204
-0.000873623
-0.002090936
-0.000915128
-0.000555183
-0.000193925
-0.002579653
-0.001083037
-0.001529257
-0.002004949
-0.001188415
-0.001645836
-0.002354207
-0.001711277
-0.001704078
-0.002265564
-0.001077629
-0.003041746
-0.001990677
-0.001474183
-0.001975701
-0.00117824
-0.000496846
-0.001339332
-0.002035895
-0.000680722
-0.001691085
-0.002044631
-0.001749999
-0.001808785
-0.00222566
-0.001604171
-0.001603082
-0.001839729
-0.002149369
-0.001246434
-0.001696782
-0.000748212
-0.001645676
-0.002028566
-0.002516804
-0.001385797
-0.00173003
-0.001704045
-0.000694003
-0.002505603
-0.000644689
-0.000308872
-0.001616428
-0.001470984
-0.001988886
-0.002148314
-0.001325444
-0.001960629
-0.00230403
-0.00270468
-0.002183674
-0.002260156
-0.001912084
-0.000919417
-0.00127485
0.00051275
-0.001338852
-0.00267876
-0.002295645
-0.002675304
-0.001977013
-0.000783381
-0.001655948
-0.001993013
-0.001200928
-0.001395238
-0.000693426
-0.002384576
-0.001450407
-0.002691496
-0.00188101
-0.002895694
-0.001468007
-0.002598085
-0.00080943
-0.001730574
-0.001447815
-0.001363461
-0.001272994
-0.001381765
-0.002381568
-0.002184826
-0.002754026
-0.002396577
-0.00163886
-0.003002961
-0.002097752
-0.000644497
-0.00150516
-0.000794869
-0.001466567
-0.001192768
-0.002052182
-0.002616742
-0.001438055
-0.002613926
-0.002177786
-0.00162926
-0.001946836
-0.002216827
-0.001967284
-0.002661479
-0.002388224
-0.003215542
-0.000609616
-0.002365312
-0.002430625
-0.003304664
-0.003014641
-0.00148708
-0.001996149
-0.001922003
-0.001991894
-0.000567855
-0.001947412
-0.001350884
-0.001598666
-0.001075069
-0.002080567
-0.002276925
-0.001662829
-0.001690317
-0.002796459
-0.001524201
-0.002052951
-0.002110392
-0.00152404
-0.002905678
-0.002493059
-0.001849809
-0.001264866
-0.001709486
-0.001642604
-0.001724846
-0.001946452
-0.00172651
-0.001161663
-0.001862578
-0.001283522
-0.002248316
-0.001829008
-0.00180152
-0.002640294
-0.001836721
-0.001643628
-0.001681293
-0.001605419
-0.001312804
-0.001983029
-0.002497795
-0.002486466
-0.00225238
-0.002075448
-0.00218969
-0.002858796
-0.002089528
-0.001299395
-0.002579621
-0.001377349
-0.001386437
-0.002149818
-0.0020918
-0.001853938
-0.002123129
-0.002216252
-0.001644684
-0.00270308
-0.00236576
-0.001826065
-0.001396165
-0.002651143
-0.001334531
-0.002008054
-0.003747908
-0.002876013
-0.001484584
-0.002389184
-0.001954772
-0.001703342
-0.001692878
-0.001926356
-0.001490024
-0.000607185
-0.002090456
-0.001647276
-0.001613772
-0.002098328
-0.003233462
-0.002801035
-0.002895886
-0.0016763
-0.002778506
-0.001901459
-0.001807504
-0.002665799
-0.002522084
-0.000593968
-0.002040182
-0.001554762
-0.001418438
-0.002211867
-0.00274337
-0.002644807
-0.003432124
-0.002039894
-0.000344361
-0.002274621
-0.00194418
-0.002807403
-0.001826801
-0.001660332
-0.002735369
-0.001552201
-0.000621777
-0.00245677
-0.003005329
-0.001058076
-0.00241776
-0.002658792
-0.00103062
-0.001721646
-0.001589803
-0.001005307
-0.002380896
-0.002656647
-0.002011542
-0.001835217
-0.003080211
-0.000248646
-0.002581125
-0.000700883
-0.002357055
-0.002862988
-0.001438567
-0.002744041
-0.001474311
-0.002103608
-0.001852017
-0.003181077
-0.002055383
-0.001988277
-0.001704686
-0.002988847
-0.001981845
-0.001738767
-0.002921006
-0.003139604
-0.002221467
-0.003616801
-0.001604523
-0.002826412
-6.4e-08
-0.002311102
-0.002488931
-0.001833393
-0.002020022
-0.001253857
-0.002293182
-0.001224225
-0.001932787
-0.00308693
-0.003186293
-0.002206331
-0.00164478
-0.002755337
-0.003094739
-0.002278653
-0.002913294
-0.002286397
-0.001909491
-0.002776106
-0.002695976
-0.001401894
-0.001942931
-0.001318691
-0.002532035
-0.002575589
-0.002237531
-0.002644711
-0.001434406
-0.002209755
-0.002219004
-0.004082541
-0.003031537
-0.001641452
-0.002619974
-0.002889293
-0.001285602
-0.003468348
-0.00283694
-0.002621318
-0.00267364
-0.002473442
-0.00239472
-0.00242304
-0.002597317
-0.002520868
-0.001225632
-0.002263484
-0.00366141
-0.002019255
-0.002381472
-0.001196064
-0.001983829
-0.002219932
-0.002428225
-0.002232956
-0.002145817
-0.002155161
-0.002018294
-0.002850252
-0.00297416
-0.002376799
-0.002575717
-0.002803883
-0.003551935
-0.002826444
-0.002091192
-0.002298749
-0.002765898
-0.000586383
-0.003045713
-0.001834097
-0.001496136
-0.002082551
-0.001024444
-0.002800907
-0.002450497
-0.002112857
-0.002278493
-0.002431041
-0.002165114
-0.00148676
-0.002287357
-0.003243191
-0.002817644
-0.002241532
-0.00336073
-0.002103384
-0.001425798
-0.002511555
-0.002879469
-0.003180917
-0.002980496
-0.002485667
-0.002730473
-0.003152405
-0.002622118
-0.000832822
-0.002402048
-0.001830513
-0.003072978
-0.002358367
-0.002077943
-0.002510275
-0.003191637
-0.001744014
-0.001841841
-0.002829579
-0.003183286
-0.002868685
-0.003491677
-0.002705257
-0.003306713
-0.003398139
-0.002320478
-0.001594379
-0.003256311
-0.001911571
-0.002324862
-0.002377216
-0.002435457
-0.003722212
-0.003198005
-0.002100024
-0.002710056
-0.003018865
-0.003252503
-0.002582341
-0.003907209
-0.002714504
-0.002282269
-0.003732932
-0.00244141
-0.003374682
-0.003543775
-0.001995733
-0.002536612
-0.003215254
-0.001021339
-0.001651212
-0.003580928
-0.003708772
-0.002834315
-0.003345945
-0.002399456
-0.003012049
-0.003559775
-0.002418848
-0.002967183
-0.00330684
-0.002760745
-0.003273975
-0.005445713
-0.002070551
-0.002451938
-0.002879245
-0.003288728
-0.004346132
-0.003114803
-0.002233916
-0.003566911
-0.002220507
-0.002515843
-0.002409568
-0.004290707
-0.003252791
-0.001781167
-0.003182229
-0.00290459
-0.002868749
-0.002992208
-0.002722569
-0.003267191
-0.003425627
-0.003663554
-0.003059794
-0.002017622
-0.003194677
-0.003119028
-0.002749545
-0.002227675
-0.003235158
-0.003497917
-0.002149433
-0.002912622
-0.002371359
-0.003779557
-0.003976875
-0.003611297
-0.002446945
-0.003622529
-0.004828257
-0.004711903
-0.002559269
-0.003457021
-0.003390011
-0.003525214
-0.003309304
-0.001861618
-0.002185626
-0.002610118
-0.002670791
-0.003124915
-0.002655303
-0.002740938
-0.002707849
-0.002874573
-0.002800171
-0.004044716
-0.004297459
-0.002224379
-0.002230299
-0.002126073
-0.003127188
-0.002686472
-0.0046319
-0.003258231
-0.003474909
-0.002971216
-0.002902509
-0.003434492
-0.003407259
-0.003452892
-0.003190485
-0.00216953
-0.003729316
-0.003103059
-0.003034257
-0.003111603
-0.003862727
-0.002263933
-0.003027377
-0.002645319
-0.003507646
-0.003499998
-0.002761066
-0.002149914
-0.00262263
-0.003475229
-0.00323231
-0.003313593
-0.003600992
-0.003181685
-0.002878157
-0.003329497
-0.002918414
-0.003990602
-0.003844327
-0.002973487
-0.003782693
-0.003935849
-0.003588096
-0.003394586
-0.003825542
-0.00209356
-0.001753423
-0.003303129
-0.003323641
-0.001806192
-0.003382299
-0.003401787
-0.004239953
-0.002006998
-0.00275489
-0.003096915
-0.002473794
-0.00291211
-0.002875501
-0.003654434
-0.002322463
-0.003396539
-0.00281246
-0.002966511
-0.003405179
-0.004103054
-0.002663111
-0.003121972
-0.003524958
-0.002841228
-0.00313762
-0.003228855
-0.001489128
-0.002686503
-0.003354361
-0.004346228
-0.003121619
-0.00411963
-0.003387451
-0.003017456
-0.003489501
-0.002576901
-0.002638951
-0.002485699
-0.003540511
-0.002027478
-0.00368269
-0.003461181
-0.003226262
-0.003733156
-0.002267293
-0.003710435
-0.002603237
-0.00274673
-0.002660103
-0.002656007
-0.002863469
-0.002441409
-0.004163695
-0.003615552
-0.004508537
-0.003206806
-0.003542207
-0.007462024
-0.004589691
-0.002974512
-0.002442529
-0.003133076
-0.00415416
-0.003359898
-0.003290488
-0.003102323
-0.003019761
-0.003106067
-0.002765194
-0.004084526
-0.003759844
-0.002301245
-0.003954698
-0.004215025
-0.003706851
-0.00404526
-0.003061618
-0.003185206
-0.003278135
-0.004211249
-0.002975504
-0.002930959
-0.003366106
-0.003296792
-0.003201429
-0.003216086
-0.003406107
-0.00320303
-0.003348697
-0.002926671
-0.003169301
-0.003812646
-0.003058994
-0.004235442
-0.003816166
-0.002822316
-0.005124073
-0.003203606
-0.004393494
-0.003303321
-0.004165584
-0.003753316
-0.00292523
-0.002793835
-0.003361465
-0.003504894
-0.002958831
-0.004191568
-0.003450653
-0.00357824
-0.003096243
-0.00386196
-0.0045006
-0.002556549
-0.002956591
-0.002896814
-0.00383031
-0.003715268
-0.00308357
-0.002632486
-0.003778117
-0.003781349
-0.002996528
-0.003043633
-0.004326676
-0.004586458
-0.003744836
-0.003904841
-0.002787147
-0.003307736
-0.003767269
-0.003903593
-0.004023115
-0.00344614
-0.00380935
-0.004143407
-0.003435868
-0.003047986
-0.003575584
-0.003329529
-0.002122841
-0.004154991
-0.003482557
-0.004740414
-0.004380661
-0.003095667
-0.003983274
-0.004338356
-0.00380215
-0.00380151
-0.004667869
-0.004129102
-0.004092717
-0.004598843
-0.003311065
-0.004432791
-0.004609627
-0.004005163
-0.003942666
-0.003296824
-0.002986352
-0.003022385
-0.00388388
-0.00359696
-0.002658119
-0.004108334
-0.004335604
-0.004534809
-0.004268882
-0.004132943
-0.003861288
-0.004547802
-0.00450316
-0.003959562
-0.003833543
-0.003436412
-0.004365397
-0.004100365
-0.003863367
-0.004093261
-0.002953071
-0.003755364
-0.002004437
-0.003397115
-0.003745604
-0.004071821
-0.003778981
-0.002758729
-0.004782176
-0.004097326
-0.003547135
-0.004626524
-0.00277569
-0.003246423
-0.004214033
-0.003900681
-0.00365421
-0.004009547
-0.003687139
-0.00361344
-0.003281463
-0.003253079
-0.004644284
-0.004564763
-0.003570783
-0.005044487
-0.003301496
-0.003925673
-0.003777381
-0.004711998
-0.003101587
-0.004923492
-0.004162223
-0.005077992
-0.003587584
-0.003827526
-0.004216849
-0.003687426
-0.00333833
-0.003837767
-0.003581376
-0.003739652
-0.004266578
-0.00426901
-0.003065618
-0.004503449
-0.00423093
-0.003832582
-0.003594048
-0.003584768
-0.004522969
-0.004446519
-0.004288371
-0.004346228
-0.004026124
-0.003139764
-0.003097971
-0.00404686
-0.003347737
-0.004773248
-0.004431735
-0.004379669
-0.004910372
-0.004095822
-0.003655778
-0.003528287
-0.004343605
-0.003171413
-0.003446716
-0.004172623
-0.003323673
-0.004391638
-0.004547962
-0.003211542
-0.003375098
-0.004852642
-0.003318489
-0.004097198
-0.004370325
-0.003968267
-0.003537759
-0.003947337
-0.002541188
-0.004432983
-0.004655292
-0.004130511
-0.003715908
-0.005583829
-0.003857031
-0.004020268
-0.004228177
-0.004528121
-0.005056616
-0.005610262
-0.004273747
-0.004508441
-0.004410902
-0.003397563
-0.004517785
-0.002897005
-0.00386676
-0.004408886
-0.004078413
-0.00359024
-0.003598464
-0.003886952
-0.002962415
-0.002832908
-0.004094509
-0.003206582
-0.004934756
-0.00387908
-0.003988075
-0.004366133
-0.004430583
-0.003558111
-0.003366426
-0.004866978
-0.00388628
-0.004074061
-0.00425813
-0.003787173
-0.003046258
-0.003660898
-0.003125716
-0.003132083
-0.005389776
-0.004486392
-0.003316665
-0.004166799
-0.003716996
-0.004715358
-0.003970826
-0.005538964
-0.004368181
-0.003537919
-0.002745513
-0.003515614
-0.005213355
-0.003996138
-0.003548639
-0.003540254
-0.003375034
-0.003565791
-0.004019628
-0.002428705
-0.003749572
-0.003781318
-0.004093485
-0.003682019
-0.003837607
-0.004607003
-0.003961802
-0.004484472
-0.004724223
-0.004219601
-0.005184522
-0.004080269
-0.004094574
-0.005139754
-0.003843239
-0.005826204
-0.004738847
-0.004757759
-0.005132105
-0.004260242
-0.003982891
-0.004138703
-0.005101929
-0.004050956
-0.004510361
-0.004546202
-0.003929897
-0.004458392
-0.004402998
-0.004336212
-0.003478749
-0.004848194
-0.003812294
-0.005650904
-0.005123497
-0.004838498
-0.004791264
-0.005044615
-0.005275117
-0.005006246
-0.004552826
-0.004408406
-0.004296339
-0.005223084
-0.00491594
-0.003949321
-0.004288403
-0.004694462
-0.004500089
-0.003838695
-0.004814369
-0.004685822
-0.005150026
-0.003589024
-0.004053548
-0.004268211
-0.005256364
-0.004804416
-0.003264215
-0.004026603
-0.004623036
-0.005119369
-0.003338489
-0.004643229
-0.004251122
-0.004834113
-0.003854663
-0.003052594
-0.005615062
-0.005136586
-0.004935621
-0.004882946
-0.005333391
-0.004956869
-0.004056109
-0.004597659
-0.004500664
-0.004993414
-0.004506232
-0.002963855
-0.004536186
-0.005061831
-0.005486547
-0.003791205
-0.005334319
-0.005756922
-0.004436887
-0.004558234
-0.005100616
-0.005520596
-0.00541288
-0.004568795
-0.00439439
-0.004384982
-0.004650877
-0.004543257
-0.003317753
-0.00456297
-0.005635671
-0.003969994
-0.004552058
-0.004579739
-0.005244972
-0.004272466
-0.004374837
-0.004647836
-0.004456056
-0.004417974
-0.004600347
-0.003920969
-0.004864707
-0.004904515
-0.004086734
-0.003559487
-0.004509912
-0.004504857
-0.004845474
-0.005023718
-0.003718948
-0.003954377
-0.004377429
-0.004023852
-0.004473048
-0.004526489
-0.005132489
-0.005197067
-0.005300333
-0.003970698
-0.00463334
-0.004806049
-0.004677662
-0.005002054
-0.004336308
-0.005420209
-0.00485437
-0.005340943
-0.005038791
-0.004079213
-0.004082413
-0.004378517
-0.004131791
-0.004986758
-0.005522644
-0.005352975
-0.00501319
-0.004899203
-0.004087949
-0.004861795
-0.005328783
-0.005476307
-0.005610102
-0.004503608
-0.005154442
-0.005256429
-0.004829345
-0.004817697
-0.00464342
-0.00479376
-0.003566431
-0.004055692
-0.004199568
-0.005199723
-0.004478232
-0.005120393
-0.005267789
-0.005771323
-0.004451063
-0.004587259
-0.004345908
-0.004463703
-0.004695294
-0.005216075
-0.005388817
-0.004817217
-0.004752543
-0.004628572
-0.004577498
-0.004136847
-0.00419032
-0.004040941
-0.005356687
-0.005204651
-0.005430162
-0.004753407
-0.004601691
-0.004444023
-0.004491545
-0.005180139
-0.004351636
-0.004436919
-0.004585275
-0.00426213
-0.004330484
-0.004135727
-0.004836129
-0.004753983
-0.004431286
-0.004974789
-0.004394069
-0.005898653
-0.005139338
-0.003983659
-0.00507252
-0.0058399
-0.004168976
-0.004801121
-0.004485624
-0.005404081
-0.004531066
-0.004417559
-0.005320591
-0.005108649
-0.005441458
-0.004772992
-0.004670973
-0.005508659
-0.005129322
-0.004626588
-0.004334964
-0.004848258
-0.005876701
-0.004544953
-0.004798688
-0.005025255
-0.004865602
-0.004633692
-0.005633526
-0.005279437
-0.004379574
-0.0046415
-0.004303123
-0.004509401
-0.003776965
-0.007356517
-0.00477472
-0.005456786
-0.005226572
-0.005530708
-0.005059015
-0.003654753
-0.00439999
-0.004546426
-0.00532843
-0.004202961
-0.004409366
-0.005674136
-0.005431346
-0.004635228
-0.005265773
-0.004995141
-0.004333716
-0.003902057
-0.00543541
-0.005591446
-0.010645245
-0.004157871
-0.003395803
-0.005699608
-0.005297198
-0.005132393
-0.005184779
-0.00447868
-0.005312942
-0.004947077
-0.004127182
-0.005649399
-0.00627956
-0.005614231
-0.004582395
-0.005859549
-0.005727865
-0.004709502
-0.004714302
-0.003667394
-0.004664221
-0.004953509
-0.004874019
-0.004795681
-0.005023622
-0.00468947
-0.004761695
-0.004958309
-0.005135689
-0.005446962
-0.006030018
-0.004124911
-0.004634588
-0.004720094
-0.004877347
-0.005089832
-0.004854786
-0.005624247
-0.004228497
-0.00647899
-0.004527737
-0.004333396
-0.005867645
-0.00503063
-0.005230252
-0.005434129
-0.005630839
-0.005388977
-0.006541519
-0.005127337
-0.005608374
-0.006661362
-0.004460919
-0.004826913
-0.006478029
-0.005553428
-0.004893347
-0.005308718
-0.004673181
-0.004928228
-0.005423281
-0.004556826
-0.005285965
-0.005666647
-0.005057384
-0.005482291
-0.006301481
-0.00537144
-0.004821441
-0.006049026
-0.005581686
-0.006404459
-0.005171947
-0.00479072
-0.00552306
-0.005195051
-0.004441847
-0.004166448
-0.004744639
-0.004389494
-0.00531275
-0.005963071
-0.005199915
-0.004613851
-0.005753402
-0.004436919
-0.005316238
-0.005287566
-0.005878238
-0.005675128
-0.005248493
-0.006196102
-0.005436049
-0.004706494
-0.003587776
-0.004759103
-0.005505075
-0.004661533
-0.005092873
-0.005216524
-0.004724702
-0.005933727
-0.005681432
-0.004821761
-0.005803067
-0.006525743
-0.005121257
-0.004624923
-0.005223916
-0.004373461
-0.004515705
-0.004594171
-0.00457833
-0.005685624
-0.007392998
-0.005664952
-0.004990982
-0.004614587
-0.004636572
-0.004673918
-0.005706201
-0.005258988
-0.006949658
-0.005268781
-0.005096425
-0.005392176
-0.004884002
-0.004539641
-0.003933321
-0.005935486
-0.005570101
-0.006191238
-0.00515809
-0.004915043
-0.005904415
-0.00583398
-0.005024166
-0.007120895
-0.006374283
-0.005373616
-0.005673464
-0.00598304
-0.006060195
-0.005734841
-0.00597904
-0.004525913
-0.005976224
-0.004499289
-0.005093065
-0.005577333
-0.005476659
-0.005136617
-0.006198086
-0.006200134
-0.005200812
-0.005047784
-0.005032231
-0.005886302
-0.006048898
-0.005872765
-0.005805051
-0.004989029
-0.005118633
-0.005706552
-0.005887709
-0.007201664
-0.005884093
-0.005976544
-0.005529236
-0.005696345
-0.005697112
-0.004999205
-0.004621435
-0.006344682
-0.005443921
-0.00557631
-0.005376912
-0.005534676
-0.005235756
-0.005386417
-0.005899422
-0.006010785
-0.005217227
-0.008963728
-0.00537448
-0.005584662
-0.006464621
-0.00560671
-0.005974752
-0.006525039
-0.005368944
-0.006026434
-0.00538552
-0.005349039
-0.006078755
-0.005077608
-0.006211527
-0.00677167
-0.006886713
-0.005196236
-0.005729849
-0.005923102
-0.005650679
-0.005219787
-0.005512916
-0.005787611
-0.007043132
-0.005815452
-0.006319658
-0.005497363
-0.005266445
-0.006863672
-0.00602301
-0.006118852
-0.007017595
-0.006163205
-0.004859299
-0.00546805
-0.005735226
-0.007186816
-0.004899331
-0.005529684
-0.005556341
-0.006011361
-0.005881725
-0.005492755
-0.005498131
-0.005297774
-0.005051975
-0.007144991
-0.006094275
-0.006441932
-0.005885054
-0.004617435
-0.005079432
-0.005368592
-0.006953498
-0.004787616
-0.006429164
-0.006188037
-0.00589859
-0.00590403
-0.005916126
-0.006187237
-0.006003936
-0.005692889
-0.005434641
-0.005195275
-0.006611057
-0.005877629
-0.006349994
-0.005219307
-0.006464653
-0.005335919
-0.005442225
-0.00636177
-0.00666949
-0.006728116
-0.006022849
-0.006415436
-0.006283304
-0.006202438
-0.006333385
-0.005908414
-0.005362095
-0.00793986
-0.006907993
-0.005837052
-0.005627031
-0.007159327
-0.005277805
-0.006941466
-0.006158372
-0.00566444
-0.008231964
-0.006034657
-0.005233516
-0.005110121
-0.006619441
-0.006023394
-0.007284899
-0.005093257
-0.006574736
-0.00587475
-0.005198283
-0.005839197
-0.006618737
-0.005929759
-0.005289677
-0.005955903
-0.005600918
-0.006097123
-0.005801499
-0.005178315
-0.005046663
-0.005680664
-0.006288393
-0.006054595
-0.006410348
-0.006455404
-0.005739162
-0.00584486
-0.005758778
-0.007043581
-0.007246306
-0.006386795
-0.006260104
-0.00650907
-0.006375435
-0.006260232
-0.006804502
-0.006490862
-0.005692889
-0.005699672
-0.005340591
-0.005073703
-0.006536911
-0.005067048
-0.006275816
-0.006558735
-0.006374155
-0.005907134
-0.007019388
-0.007448071
-0.005170411
-0.006269288
-0.006116516
-0.006548015
-0.006140132
-0.005462514
-0.006330281
-0.006572176
-0.005835388
-0.006155621
-0.006633937
-0.006573264
-0.005450994
-0.007126174
-0.00665253
-0.006246375
-0.006829623
-0.006041026
-0.006620113
-0.005568565
-0.005903742
-0.006247751
-0.006451436
-0.006813974
-0.007505129
-0.007435527
-0.005202603
-0.007628844
-0.005509492
-0.005375696
-0.006926553
-0.006903033
-0.006270632
-0.007361093
-0.006526255
-0.006431021
-0.00679119
-0.007076605
-0.005732698
-0.005212875
-0.006309641
-0.005935071
-0.00603021
-0.005913598
-0.005804891
-0.006064515
-0.006933562
-0.007271203
-0.006026274
-0.006561967
-0.005411633
-0.005804476
-0.006168645
-0.006075715
-0.006075171
-0.006809206
-0.005948095
-0.006562928
-0.006821559
-0.006092131
-0.006218311
-0.006412619
-0.00613978
-0.006862327
-0.006211559
-0.005920126
-0.00650043
-0.007411687
-0.006396587
-0.006839959
-0.007015484
-0.006525614
-0.006429836
-0.004615708
-0.006707252
-0.006949178
-0.006799062
-0.006104931
-0.006248072
-0.007263171
-0.007063358
-0.006852087
-0.007328036
-0.007242178
-0.007998614
-0.006734101
-0.006014785
-0.0065524
-0.00714272
-0.006377483
-0.005826556
-0.007410503
-0.006972347
-0.006533935
-0.006053218
-0.005924927
-0.005534324
-0.006080899
-0.006866424
-0.006948026
-0.00766699
-0.007816498
-0.006336585
-0.007002268
-0.006937882
-0.006390635
-0.006895448
-0.006046305
-0.006955098
-0.006704275
-0.006300649
-0.006369226
-0.007205281
-0.007677677
-0.007195233
-0.006917049
-0.007383814
-0.006949146
-0.005928927
-0.005621718
-0.009742149
-0.00710723
-0.007326404
-0.007220769
-0.007151392
-0.00630164
-0.006854808
-0.00711427
-0.006411148
-0.006538223
-0.006604657
-0.007400742
-0.006426957
-0.006466638
-0.007664685
-0.006917241
-0.006043138
-0.00640734
-0.006929178
-0.006906297
-0.006764598
-0.007602027
-0.006003392
-0.00625236
-0.006220326
-0.007325348
-0.006681619
-0.007524681
-0.006994971
-0.006188902
-0.007135231
-0.007610796
-0.006071203
-0.006737333
-0.006860088
-0.006134244
-0.006756885
-0.007663597
-0.00589411
-0.007323812
-0.006980987
-0.005871709
-0.005856317
-0.006167749
-0.007027549
-0.00506932
-0.006515758
-0.006260136
-0.007450151
-0.007116862
-0.006581648
-0.008491204
-0.006506606
-0.007221793
-0.007101982
-0.007797521
-0.007328997
-0.007294499
-0.005807324
-0.00635905
-0.006657778
-0.006580305
-0.005139178
-0.006515951
-0.007486985
-0.0065556
-0.006973722
-0.006868024
-0.005346831
-0.007269763
-0.006371019
-0.006788438
-0.006861976
-0.006515951
-0.007043516
-0.006676082
-0.006521711
-0.005830428
-0.007497321
-0.007433959
-0.006642546
-0.00697401
-0.00715488
-0.00640078
-0.006893305
-0.006983835
-0.006611121
-0.007047644
-0.007126111
-0.006167173
-0.007442119
-0.006489517
-0.007089854
-0.007201121
-0.006645426
-0.007406983
-0.004724063
-0.007026652
-0.006909337
-0.007484073
-0.007109887
-0.005688248
-0.008212444
-0.006466605
-0.006750293
-0.007198048
-0.006217575
-0.007374374
-0.006670195
-0.006459917
-0.006555695
-0.006911641
-0.00688236
-0.006793494
-0.0059776
-0.006735157
-0.007143551
-0.006841688
-0.010394358
-0.006069923
-0.007539338
-0.006336938
-0.007992342
-0.007830065
-0.007784625
-0.007481096
-0.007688238
-0.007725263
-0.006698196
-0.008251421
-0.00694473
-0.006465997
-0.006446444
-0.006144228
-0.007207585
-0.00676863
-0.006565487
-0.005799323
-0.008247549
-0.006995707
-0.006875864
-0.006933242
-0.006700308
-0.007558154
-0.007555722
-0.008004086
-0.007829906
-0.006182118
-0.007980118
-0.006890008
-0.007156288
-0.007195456
-0.005829692
-0.007310915
-0.007042044
-0.00712019
-0.007444936
-0.007589132
-0.007561066
-0.006569808
-0.006109476
-0.007447368
-0.006914169
-0.00610282
-0.006406923
-0.005702969
-0.007516489
-0.006702068
-0.006852951
-0.007788944
-0.006609457
-0.007533609
-0.007484648
-0.007037981
-0.007483624
-0.006818999
-0.006809847
-0.007101278
-0.006650834
-0.007590539
-0.006865272
-0.006995387
-0.006743637
-0.006473165
-0.007158015
-0.007404518
-0.007883635
-0.007534826
-0.005719449
-0.007036188
-0.007094974
-0.007330021
-0.007195905
-0.007056669
-0.008326623
-0.007336484
-0.007131455
-0.007368998
-0.008200924
-0.006415148
-0.007102398
-0.007029852
-0.007447847
-0.007334564
-0.007221921
-0.006682899
-0.006397931
-0.007434087
-0.006971931
-0.008160955
-0.007398438
-0.005968
-0.007326789
-0.007033276
-0.006775861
-0.007104318
-0.007951925
-0.00791506
-0.00642254
-0.007069726
-0.007073629
-0.007787665
-0.007925108
-0.007977782
-0.007302532
-0.007312932
-0.008477507
-0.007002268
-0.007203297
-0.005557333
-0.007804497
-0.00826275
-0.006649362
-0.007660653
-0.007389382
-0.007804881
-0.008202843
-0.006754709
-0.00777256
-0.007357061
-0.007868627
-0.007820882
-0.00850554
-0.006222054
-0.007593739
-0.00769387
-0.007713775
-0.007899796
-0.007525546
-0.007334788
-0.008342239
-0.006987804
-0.007571627
-0.007138239
-0.007902452
-0.007427303
-0.007363877
-0.008464194
-0.007248866
-0.00716208
-0.00611994
-0.007493929
-0.007939925
-0.007486696
-0.008647943
-0.007937812
-0.007738319
-0.007568203
-0.007621548
-0.006951322
-0.00645646
-0.00753457
-0.007360902
-0.007694702
-0.007894803
-0.007208513
-0.008343552
-0.006828119
-0.007034557
-0.007087934
-0.005835133
-0.007465704
-0.007354501
-0.007341189
-0.009639682
-0.008347456
-0.008485284
-0.007436423
-0.008048311
-0.007494185
-0.007650701
-0.007490985
-0.007646413
-0.006904121
-0.006736853
-0.007189376
-0.008188604
-0.008459811
-0.007153312
-0.007596075
-0.007715118
-0.008398497
-0.007668877
-0.007267555
-0.007357733
-0.008111353
-0.007214593
-0.007580171
-0.008516644
-0.007708238
-0.00787541
-0.008139354
-0.007764912
-0.007459592
-0.00776936
-0.007611052
-0.007125983
-0.008398305
-0.007814482
-0.007851475
-0.008140282
-0.007948117
-0.008052888
-0.007420742
-0.007879699
-0.00754945
-0.007456935
-0.008058647
-0.007756368
-0.008292158
-0.007619404
-0.007704942
-0.00863156
-0.008106553
-0.008687721
-0.008630503
-0.00725613
-0.007346212
-0.007128351
-0.006899545
-0.007801937
-0.007604716
-0.008549893
-0.008594854
-0.007970229
-0.008661864
-0.008159099
-0.008161467
-0.008251645
-0.007244258
-0.007343396
-0.008185275
-0.008073528
-0.008474723
-0.007603435
-0.007726287
-0.007897523
-0.007138175
-0.007428551
-0.008504388
-0.007289091
-0.008423137
-0.008267677
-0.008384769
-0.007805905
-0.007482728
-0.008271741
-0.006827319
-0.008375873
-0.00755377
-0.00753329
-0.00798607
-0.007601068
-0.007311299
-0.007537674
-0.007800785
-0.008534053
-0.007628556
-0.008190747
-0.008386529
-0.008226076
-0.007676654
-0.008998993
-0.008160827
-0.008415201
-0.008152891
-0.008066392
-0.007977525
-0.008761355
-0.00828211
-0.007498313
-0.007508201
-0.007030653
-0.009635427
-0.00815529
-0.006771989
-0.008169851
-0.007769072
-0.008053495
-0.008440547
-0.007808657
-0.007406151
-0.007552874
-0.007934388
-0.008460771
-0.008198107
-0.008030455
-0.007991862
-0.008096665
-0.007998998
-0.008314719
-0.006786261
-0.007739952
-0.008548324
-0.007345669
-0.00725165
-0.008237213
-0.007958741
-0.007499657
-0.007621996
-0.007284004
-0.008424161
-0.008355936
-0.007672078
-0.00822326
-0.007780272
-0.008638823
-0.01001214
-0.007481896
-0.007481289
-0.008464162
-0.008258109
-0.010939237
-0.00740631
-0.00753073
-0.008156827
-0.007607339
-0.007597964
-0.008030103
-0.008095129
-0.007718927
-0.007864979
-0.007901108
-0.009314521
-0.008264669
-0.007041372
-0.008467843
-0.008002647
-0.007795793
-0.008384417
-0.007875123
-0.008247421
-0.008179675
-0.008078681
-0.008562981
-0.00940854
-0.00798047
-0.007570922
-0.007588075
-0.007410086
-0.009140213
-0.008197339
-0.007946772
-0.008495972
-0.007547914
-0.007612044
-0.0089436
-0.008676809
-0.008424866
-0.009161078
-0.008007223
-0.008032119
-0.008602246
-0.008381056
-0.007536074
-0.009021746
-0.008368864
-0.007604715
-0.009144949
-0.007899956
-0.007431975
-0.007907988
-0.007252642
-0.007705998
-0.008983888
-0.007495144
-0.0073297
-0.008076313
-0.00774744
-0.007749199
-0.008376256
-0.007525098
-0.007710735
-0.008484451
-0.00899064
-0.008028247
-0.008782955
-0.009210455
-0.007732335
-0.00795903
-0.009227191
-0.008102201
-0.008413825
-0.008542757
-0.007531498
-0.007746896
-0.009030674
-0.007509577
-0.008075416
-0.008656872
-0.007074462
